STYLE NO,Designer_Name,Brand,CATEGORY,SUB CATEGORY,NO PIECES,Top Pattern,Top type,Top_Color,TOP_Fabric,Top Emboidery_Type,Bottom Patern,Bottom Type,Bottom_Color,Bottom_Fabric,Bottom Embroidery_Type,Print_Type,NECK STYLE,Sleeve Pattern,SLEEVE TYPE,PALETTE COLOR,TOP LENGTH,BOTTOM LENGTH
001-01,Anjali,Mokosh,Ethnic,Short Kurta Palazzo KPD Set,Unknown,Short Kurti,Dyed,Orange,Georgette,Multi,Palazzo,Dyed,Orange,Georgette,Not_Applied,Not Applied,Sweetheart Neck,Regular sleeves,Full Sleeve,Unknown,28,40
001-02,Anjali,Mokosh,Ethnic,Short Kurta Palazzo KPD Set,Unknown,Short Kurti,Dyed,Lime Green,Georgette,Multi,Palazzo,Dyed,Lime Green,Georgette,Not_Applied,Not Applied,Sweetheart Neck,Regular sleeves,Full Sleeve,Unknown,28,40
001-03,Anjali,Mokosh,Ethnic,Short Kurta Palazzo KPD Set,Unknown,Short Kurti,Dyed,Coffee,Georgette,Multi,Palazzo,Dyed,Coffee,Georgette,Not_Applied,Not Applied,Sweetheart Neck,Regular sleeves,Full Sleeve,Unknown,28,40
001-04,Anjali,Mokosh,Ethnic,Short Kurta Palazzo KPD Set,Unknown,Short Kurti,Dyed,Royal Blue,Georgette,Multi,Palazzo,Dyed,Royal Blue,Georgette,Not_Applied,Not Applied,Sweetheart Neck,Regular sleeves,Full Sleeve,Unknown,28,40
002-01,Anjali,Mokosh,Ethnic,Anarkali KPD Set,Unknown,Anarkali,Dyed,Coffee,Silk,Coding + Sequence,Palazzo,Dyed,Coffee,Silk,Not_Applied,Not Applied,V Neck,Regular sleeves,Full Sleeve,Unknown,50,38
002-02,Anjali,Mokosh,Ethnic,Anarkali KPD Set,Unknown,Anarkali,Dyed,Steel Grey,Silk,Coding + Sequence,Palazzo,Dyed,Steel Grey,Silk,Not_Applied,Not Applied,V Neck,Regular sleeves,Full Sleeve,Unknown,50,38
002-03,Anjali,Mokosh,Ethnic,Anarkali KPD Set,Unknown,Anarkali,Dyed,Dark Purple,Silk,Coding + Sequence,Palazzo,Dyed,Dark Purple,Silk,Not_Applied,Not Applied,V Neck,Regular sleeves,Full Sleeve,Unknown,50,38
002-04,Anjali,Mokosh,Ethnic,Anarkali KPD Set,Unknown,Anarkali,Dyed,Brown,Silk,Coding + Sequence,Palazzo,Dyed,Brown,Silk,Not_Applied,Not Applied,V Neck,Regular sleeves,Full Sleeve,Unknown,50,38
002-05,Anjali,Mokosh,Ethnic,Anarkali KPD Set,Unknown,Anarkali,Dyed,Royal Blue,Silk,Coding + Sequence,Palazzo,Dyed,Royal Blue,Silk,Not_Applied,Not Applied,V Neck,Regular sleeves,Full Sleeve,Unknown,50,38
002-06,Anjali,Mokosh,Ethnic,Anarkali KPD Set,Unknown,Anarkali,Dyed,Golden,Silk,Coding + Sequence,Palazzo,Dyed,Golden,Silk,Not_Applied,Not Applied,V Neck,Regular sleeves,Full Sleeve,Unknown,50,38
002-07,Anjali,Mokosh,Ethnic,Anarkali KPD Set,Unknown,Anarkali,Dyed,Rust,Silk,Coding + Sequence,Palazzo,Dyed,Rust,Silk,Not_Applied,Not Applied,V Neck,Regular sleeves,Full Sleeve,Unknown,50,38
003-01,Anjali,Mokosh,Ethnic,Short Kurta Palazzo KPD Set,Unknown,Kurta,Dyed,Coffee,Silk,Multi,Palazzo,Dyed,Coffee,Silk,Not_Applied,Not Applied,Round,Regular sleeves,3/4 Sleeve,Unknown,30,38
003-02,Anjali,Mokosh,Ethnic,Short Kurta Palazzo KPD Set,Unknown,Kurta,Dyed,Lavender,Silk,Multi,Palazzo,Dyed,Lavender,Silk,Not_Applied,Not Applied,Round,Regular sleeves,3/4 Sleeve,Unknown,30,38
003-03,Anjali,Mokosh,Ethnic,Short Kurta Palazzo KPD Set,Unknown,Kurta,Dyed,Teal Blue,Silk,Multi,Palazzo,Dyed,Teal Blue,Silk,Not_Applied,Not Applied,Round,Regular sleeves,3/4 Sleeve,Unknown,30,38
003-04,Anjali,Mokosh,Ethnic,Short Kurta Palazzo KPD Set,Unknown,Kurta,Dyed,Grey,Silk,Multi,Palazzo,Dyed,Grey,Silk,Not_Applied,Not Applied,Round,Regular sleeves,3/4 Sleeve,Unknown,30,38
004-01,Anjali,Mokosh,Ethnic,Short Kurta Palazzo KPD Set,Unknown,Kurta,Dyed,Light Mustard,Silk,Coding + Multi,Palazzo,Dyed,Light Mustard,Silk,Not_Applied,Not Applied,Round,Regular sleeves,3/4 Sleeve,Unknown,30,38
004-02,Anjali,Mokosh,Ethnic,Short Kurta Palazzo KPD Set,Unknown,Kurta,Dyed,Lavender,Silk,Coding + Multi,Palazzo,Dyed,Lavender,Silk,Not_Applied,Not Applied,Round,Regular sleeves,3/4 Sleeve,Unknown,30,38
004-03,Anjali,Mokosh,Ethnic,Short Kurta Palazzo KPD Set,Unknown,Kurta,Dyed,Rust,Silk,Coding + Multi,Palazzo,Dyed,Rust,Silk,Not_Applied,Not Applied,Round,Regular sleeves,3/4 Sleeve,Unknown,30,38
005-01,Anjali,Mokosh,Ethnic,Peplum KSD Set,Unknown,Peplum Kurti,Dyed,Royal Blue,Silk,Coding + Sequence,Palazzo,Dyed,Royal Blue,Silk,Not_Applied,Not Applied,Round,Regular sleeves,Full Sleeve,Unknown,28,40
005-02,Anjali,Mokosh,Ethnic,Peplum KSD Set,Unknown,Peplum Kurti,Dyed,Mehendi Green,Silk,Coding + Sequence,Palazzo,Dyed,Mehendi Green,Silk,Not_Applied,Not Applied,Round,Regular sleeves,Full Sleeve,Unknown,28,40
005-03,Anjali,Mokosh,Ethnic,Peplum KSD Set,Unknown,Peplum Kurti,Dyed,Butter Yellow,Silk,Coding + Sequence,Palazzo,Dyed,Butter Yellow,Silk,Not_Applied,Not Applied,Round,Regular sleeves,Full Sleeve,Unknown,28,40
005-04,Anjali,Mokosh,Ethnic,Peplum KSD Set,Unknown,Peplum Kurti,Dyed,Violet,Silk,Coding + Sequence,Palazzo,Dyed,Violet,Silk,Not_Applied,Not Applied,Round,Regular sleeves,Full Sleeve,Unknown,28,40
005-05,Anjali,Mokosh,Ethnic,Peplum KSD Set,Unknown,Peplum Kurti,Dyed,Berry,Silk,Coding + Sequence,Palazzo,Dyed,Berry,Silk,Not_Applied,Not Applied,Round,Regular sleeves,Full Sleeve,Unknown,28,40
005-06,Anjali,Mokosh,Ethnic,Peplum KSD Set,Unknown,Peplum Kurti,Dyed,Orange,Silk,Coding + Sequence,Palazzo,Dyed,Orange,Silk,Not_Applied,Not Applied,Round,Regular sleeves,Full Sleeve,Unknown,28,40
005-07,Anjali,Mokosh,Ethnic,Peplum KSD Set,Unknown,Peplum Kurti,Dyed,Brown,Silk,Coding + Sequence,Palazzo,Dyed,Brown,Silk,Not_Applied,Not Applied,Round,Regular sleeves,Full Sleeve,Unknown,28,40
006-01,Anjali,Mokosh,Ethnic,Anarkali KPD Set,Unknown,Anarkali,Dyed,Orange,Velvet,Coding + Multi,Palazzo,Dyed,Orange,Velvet,Not_Applied,Not Applied,V Neck,Flared Sleeve,3/4 Sleeve,Unknown,50,38
006-02,Anjali,Mokosh,Ethnic,Anarkali KPD Set,Unknown,Anarkali,Dyed,Olive Green,Velvet,Coding + Multi,Palazzo,Dyed,Olive Green,Velvet,Not_Applied,Not Applied,V Neck,Flared Sleeve,3/4 Sleeve,Unknown,50,38
006-03,Anjali,Mokosh,Ethnic,Anarkali KPD Set,Unknown,Anarkali,Dyed,Teal Blue,Velvet,Coding + Multi,Palazzo,Dyed,Teal Blue,Velvet,Not_Applied,Not Applied,V Neck,Flared Sleeve,3/4 Sleeve,Unknown,50,38
006-04,Anjali,Mokosh,Ethnic,Anarkali KPD Set,Unknown,Anarkali,Dyed,Coffee,Velvet,Coding + Multi,Palazzo,Dyed,Coffee,Velvet,Not_Applied,Not Applied,V Neck,Flared Sleeve,3/4 Sleeve,Unknown,50,38
007-01,Anjali,Mokosh,Ethnic,Anarkali KPD Set,Unknown,Anarkali,Dyed,Coffee,Velvet,Coding + Multi,Palazzo,Dyed,Coffee,Velvet,Not_Applied,Not Applied,V Neck,Flared Sleeve,3/4 Sleeve,Unknown,36,38
007-02,Anjali,Mokosh,Ethnic,Anarkali KPD Set,Unknown,Anarkali,Dyed,Violet,Velvet,Coding + Multi,Palazzo,Dyed,Violet,Velvet,Not_Applied,Not Applied,V Neck,Flared Sleeve,3/4 Sleeve,Unknown,36,38
007-03,Anjali,Mokosh,Ethnic,Anarkali KPD Set,Unknown,Anarkali,Dyed,Teal Blue,Velvet,Coding + Multi,Palazzo,Dyed,Teal Blue,Velvet,Not_Applied,Not Applied,V Neck,Flared Sleeve,3/4 Sleeve,Unknown,36,38
008-01,Anjali,Mokosh,Ethnic,Anarkali KPD Set,Unknown,Anarkali,Dyed,Grey,Silk,Coding + Multi,Palazzo,Dyed,Grey,Silk,Not_Applied,Not Applied,Round,Regular sleeves,Full Sleeve,Unknown,50,38
008-02,Anjali,Mokosh,Ethnic,Anarkali KPD Set,Unknown,Anarkali,Dyed,Coffee,Silk,Coding + Multi,Palazzo,Dyed,Coffee,Silk,Not_Applied,Not Applied,Round,Regular sleeves,Full Sleeve,Unknown,50,38
008-03,Anjali,Mokosh,Ethnic,Anarkali KPD Set,Unknown,Anarkali,Dyed,Teal Blue,Silk,Coding + Multi,Palazzo,Dyed,Teal Blue,Silk,Not_Applied,Not Applied,Round,Regular sleeves,Full Sleeve,Unknown,50,38
008-04,Anjali,Mokosh,Ethnic,Anarkali KPD Set,Unknown,Anarkali,Dyed,Lemon Yellow,Silk,Coding + Multi,Palazzo,Dyed,Lemon Yellow,Silk,Not_Applied,Not Applied,Round,Regular sleeves,Full Sleeve,Unknown,50,38
009-01,Anjali,Mokosh,Ethnic,Anarkali KPD Set,Unknown,Anarkali,Dyed,Coffee,Silk,Coding + Sequence,Pant,Dyed,Coffee,Silk,Not_Applied,Not Applied,Round,Regular sleeves,Full Sleeve,Unknown,50,38
009-02,Anjali,Mokosh,Ethnic,Anarkali KPD Set,Unknown,Anarkali,Dyed,Rust,Silk,Coding + Sequence,Pant,Dyed,Rust,Silk,Not_Applied,Not Applied,Round,Regular sleeves,Full Sleeve,Unknown,50,38
009-03,Anjali,Mokosh,Ethnic,Anarkali KPD Set,Unknown,Anarkali,Dyed,Royal Blue,Silk,Coding + Sequence,Pant,Dyed,Royal Blue,Silk,Not_Applied,Not Applied,Round,Regular sleeves,Full Sleeve,Unknown,50,38
009-04,Anjali,Mokosh,Ethnic,Anarkali KPD Set,Unknown,Anarkali,Dyed,Dark Purple,Silk,Coding + Sequence,Pant,Dyed,Dark Purple,Silk,Not_Applied,Not Applied,Round,Regular sleeves,Full Sleeve,Unknown,50,38
010-01,Anjali,Mokosh,Ethnic,Anarkali KPD Set,Unknown,Anarkali,Dyed,Olive Green,Silk,Coding + Multi,Pant,Dyed,Olive Green,Silk,Not_Applied,Not Applied,Round,Regular sleeves,Full Sleeve,Unknown,50,38
010-02,Anjali,Mokosh,Ethnic,Anarkali KPD Set,Unknown,Anarkali,Dyed,Dark Lavender,Silk,Coding + Multi,Pant,Dyed,Dark Lavender,Silk,Not_Applied,Not Applied,Round,Regular sleeves,Full Sleeve,Unknown,50,38
010-03,Anjali,Mokosh,Ethnic,Anarkali KPD Set,Unknown,Anarkali,Dyed,Golden,Silk,Coding + Multi,Pant,Dyed,Golden,Silk,Not_Applied,Not Applied,Round,Regular sleeves,Full Sleeve,Unknown,50,38
010-04,Anjali,Mokosh,Ethnic,Anarkali KPD Set,Unknown,Anarkali,Dyed,Red,Silk,Coding + Multi,Pant,Dyed,Red,Silk,Not_Applied,Not Applied,Round,Regular sleeves,Full Sleeve,Unknown,50,38
011-01,Anjali,Mokosh,Ethnic,Anarkali KPD Set,Unknown,Anarkali,Dyed,Orange,Velvet,Coding + Multi,Pant,Dyed,Orange,Velvet,Not_Applied,Not Applied,Sweetheart Neck,Flared Sleeve,3/4 Sleeve,Unknown,40,38
011-02,Anjali,Mokosh,Ethnic,Anarkali KPD Set,Unknown,Anarkali,Dyed,Teal Blue,Velvet,Coding + Multi,Pant,Dyed,Teal Blue,Velvet,Not_Applied,Not Applied,Sweetheart Neck,Flared Sleeve,3/4 Sleeve,Unknown,40,38
011-03,Anjali,Mokosh,Ethnic,Anarkali KPD Set,Unknown,Anarkali,Dyed,Coffee,Velvet,Coding + Multi,Pant,Dyed,Coffee,Velvet,Not_Applied,Not Applied,Sweetheart Neck,Flared Sleeve,3/4 Sleeve,Unknown,40,38
011-04,Anjali,Mokosh,Ethnic,Anarkali KPD Set,Unknown,Anarkali,Dyed,Violet,Velvet,Coding + Multi,Pant,Dyed,Violet,Velvet,Not_Applied,Not Applied,Sweetheart Neck,Flared Sleeve,3/4 Sleeve,Unknown,40,38
012-01,Anjali,Mokosh,Ethnic,Anarkali KPD Set,Unknown,Anarkali,Dyed,Coffee,Silk,Coding + Multi,Pant,Dyed,Coffee,Silk,Not_Applied,Not Applied,Round,Regular sleeves,Full Sleeve,Unknown,50,38
012-02,Anjali,Mokosh,Ethnic,Anarkali KPD Set,Unknown,Anarkali,Dyed,Grey,Silk,Coding + Multi,Pant,Dyed,Grey,Silk,Not_Applied,Not Applied,Round,Regular sleeves,Full Sleeve,Unknown,50,38
012-03,Anjali,Mokosh,Ethnic,Anarkali KPD Set,Unknown,Anarkali,Dyed,Orange,Silk,Coding + Multi,Pant,Dyed,Orange,Silk,Not_Applied,Not Applied,Round,Regular sleeves,Full Sleeve,Unknown,50,38
012-04,Anjali,Mokosh,Ethnic,Anarkali KPD Set,Unknown,Anarkali,Dyed,Rose Pink,Silk,Coding + Multi,Pant,Dyed,Rose Pink,Silk,Not_Applied,Not Applied,Round,Regular sleeves,Full Sleeve,Unknown,50,38
013-01,Anjali,Mokosh,Ethnic,Anarkali KPD Set,Unknown,Anarkali,Dyed,Orange,Silk,Coding + Multi,Pant,Dyed,Orange,Silk,Not_Applied,Not Applied,V Neck,Regular sleeves,Full Sleeve,Unknown,50,38
013-02,Anjali,Mokosh,Ethnic,Anarkali KPD Set,Unknown,Anarkali,Dyed,Bottle Green,Silk,Coding + Multi,Pant,Dyed,Bottle Green,Silk,Not_Applied,Not Applied,V Neck,Regular sleeves,Full Sleeve,Unknown,50,38
013-03,Anjali,Mokosh,Ethnic,Anarkali KPD Set,Unknown,Anarkali,Dyed,Dark Purple,Silk,Coding + Multi,Pant,Dyed,Dark Purple,Silk,Not_Applied,Not Applied,V Neck,Regular sleeves,Full Sleeve,Unknown,50,38
014-01,Anjali,Mokosh,Ethnic,Anarkali KPD Set,Unknown,Anarkali,Dyed,Olive Green,Silk,Beads,Pant,Dyed,Olive Green,Silk,Not_Applied,Not Applied,Round,Regular sleeves,Full Sleeve,Unknown,50,38
014-02,Anjali,Mokosh,Ethnic,Anarkali KPD Set,Unknown,Anarkali,Dyed,Grey,Silk,Beads,Pant,Dyed,Grey,Silk,Not_Applied,Not Applied,Round,Regular sleeves,Full Sleeve,Unknown,50,38
014-03,Anjali,Mokosh,Ethnic,Anarkali KPD Set,Unknown,Anarkali,Dyed,Teal Blue,Silk,Beads,Pant,Dyed,Teal Blue,Silk,Not_Applied,Not Applied,Round,Regular sleeves,Full Sleeve,Unknown,50,38
014-04,Anjali,Mokosh,Ethnic,Anarkali KPD Set,Unknown,Anarkali,Dyed,Berry,Silk,Beads,Pant,Dyed,Berry,Silk,Not_Applied,Not Applied,Round,Regular sleeves,Full Sleeve,Unknown,50,38
015-01,Anjali,C.O.E,Indowestern,Top Bottom Shrug,Unknown,Poncho,Dyed,Onion Pink,Silk,Coding + Sequence,Pant,Dyed,Onion Pink,Silk,Not_Applied,Not Applied,Sweetheart Neck,Not Applied,Sleeve less,Unknown,46,38
015-02,Anjali,C.O.E,Indowestern,Top Bottom Shrug,Unknown,Poncho,Dyed,Peacock Blue,Silk,Coding + Sequence,Pant,Dyed,Peacock Blue,Silk,Not_Applied,Not Applied,Sweetheart Neck,Not Applied,Sleeve less,Unknown,46,38
015-03,Anjali,C.O.E,Indowestern,Top Bottom Shrug,Unknown,Poncho,Dyed,Golden,Silk,Coding + Sequence,Pant,Dyed,Golden,Silk,Not_Applied,Not Applied,Sweetheart Neck,Not Applied,Sleeve less,Unknown,46,38
016-01,Anjali,C.O.E,Ethnic,Peplum KSD Set,Unknown,Peplum Kurti,Dyed,Lemon Yellow,Silk,Beads,Palazzo,Dyed,Lemon Yellow,Silk,Not_Applied,Not Applied,Round,Regular sleeves,3/4 Sleeve,Unknown,30,38
016-02,Anjali,C.O.E,Ethnic,Peplum KSD Set,Unknown,Peplum Kurti,Dyed,Berry,Silk,Beads,Palazzo,Dyed,Berry,Silk,Not_Applied,Not Applied,Round,Regular sleeves,3/4 Sleeve,Unknown,30,38
016-03,Anjali,C.O.E,Ethnic,Peplum KSD Set,Unknown,Peplum Kurti,Dyed,Olive Green,Silk,Beads,Palazzo,Dyed,Olive Green,Silk,Not_Applied,Not Applied,Round,Regular sleeves,3/4 Sleeve,Unknown,30,38
016-04,Anjali,C.O.E,Ethnic,Peplum KSD Set,Unknown,Peplum Kurti,Dyed,Copper,Silk,Beads,Palazzo,Dyed,Copper,Silk,Not_Applied,Not Applied,Round,Regular sleeves,3/4 Sleeve,Unknown,30,38
017-01,Anjali,C.O.E,Ethnic,Short Kurta Palazzo KPD Set,Unknown,Kurti,Dyed,Rust,Silk,Beads,Palazzo,Dyed,Rust,Silk,Not_Applied,Not Applied,Square Neck,Not Applied,Sleeve less,Unknown,21,38
017-02,Anjali,C.O.E,Ethnic,Short Kurta Palazzo KPD Set,Unknown,Kurti,Dyed,Golden,Silk,Beads,Palazzo,Dyed,Golden,Silk,Not_Applied,Not Applied,Square Neck,Not Applied,Sleeve less,Unknown,21,38
017-03,Anjali,C.O.E,Ethnic,Short Kurta Palazzo KPD Set,Unknown,Kurti,Dyed,Tropical Blue,Silk,Beads,Palazzo,Dyed,Tropical Blue,Silk,Not_Applied,Not Applied,Square Neck,Not Applied,Sleeve less,Unknown,21,38
017-04,Anjali,C.O.E,Ethnic,Short Kurta Palazzo KPD Set,Unknown,Kurti,Dyed,Light Purple,Silk,Beads,Palazzo,Dyed,Light Purple,Silk,Not_Applied,Not Applied,Square Neck,Not Applied,Sleeve less,Unknown,21,38
018-01,Anjali,C.O.E,Ethnic,Anarkali KPD Set,Unknown,Anarkali,Dyed,pista Green,Silk,Beads + Multi,Palazzo,Dyed,pista Green,Silk,Not_Applied,Not Applied,Round,Regular sleeves,Full Sleeve,Unknown,50,38
018-02,Anjali,C.O.E,Ethnic,Anarkali KPD Set,Unknown,Anarkali,Dyed,Tropical Blue,Silk,Beads + Multi,Palazzo,Dyed,Tropical Blue,Silk,Not_Applied,Not Applied,Round,Regular sleeves,Full Sleeve,Unknown,50,38
018-03,Anjali,C.O.E,Ethnic,Anarkali KPD Set,Unknown,Anarkali,Dyed,Rust,Silk,Beads + Multi,Palazzo,Dyed,Rust,Silk,Not_Applied,Not Applied,Round,Regular sleeves,Full Sleeve,Unknown,50,38
018-04,Anjali,C.O.E,Ethnic,Anarkali KPD Set,Unknown,Anarkali,Dyed,Chocolate Brown,Silk,Beads + Multi,Palazzo,Dyed,Chocolate Brown,Silk,Not_Applied,Not Applied,Round,Regular sleeves,Full Sleeve,Unknown,50,38
019-01,Anjali,C.O.E,Ethnic,Short Kurta Palazzo KPD Set,Unknown,Kurti,Dyed,Pista Green,Silk,Coding + Sequence,Palazzo,Dyed,Pista Green,Silk,Not_Applied,Not Applied,Sweetheart Neck,Regular sleeves,3/4 Sleeve,Unknown,26,40
019-02,Anjali,C.O.E,Ethnic,Short Kurta Palazzo KPD Set,Unknown,Kurti,Dyed,Brown,Silk,Coding + Sequence,Palazzo,Dyed,Brown,Silk,Not_Applied,Not Applied,Sweetheart Neck,Regular sleeves,3/4 Sleeve,Unknown,26,40
019-03,Anjali,C.O.E,Ethnic,Short Kurta Palazzo KPD Set,Unknown,Kurti,Dyed,Steel Grey,Silk,Coding + Sequence,Palazzo,Dyed,Steel Grey,Silk,Not_Applied,Not Applied,Sweetheart Neck,Regular sleeves,3/4 Sleeve,Unknown,26,40
019-04,Anjali,C.O.E,Ethnic,Short Kurta Palazzo KPD Set,Unknown,Kurti,Dyed,Violet,Silk,Coding + Sequence,Palazzo,Dyed,Violet,Silk,Not_Applied,Not Applied,Sweetheart Neck,Regular sleeves,3/4 Sleeve,Unknown,26,40
020-01,Anjali,Mokosh,Ethnic,Anarkali KPD Set,Unknown,Anarkali,Dyed,Red,Silk,Coding + Sequence,Palazzo,Dyed,Red,Silk,Not_Applied,Not Applied,Sweetheart Neck,Regular sleeves,3/4 Sleeve,Unknown,40,38
020-02,Anjali,Mokosh,Ethnic,Anarkali KPD Set,Unknown,Anarkali,Dyed,Rust,Silk,Coding + Sequence,Palazzo,Dyed,Rust,Silk,Not_Applied,Not Applied,Sweetheart Neck,Regular sleeves,3/4 Sleeve,Unknown,40,38
020-03,Anjali,Mokosh,Ethnic,Anarkali KPD Set,Unknown,Anarkali,Dyed,Neon,Silk,Coding + Sequence,Palazzo,Dyed,Neon,Silk,Not_Applied,Not Applied,Sweetheart Neck,Regular sleeves,3/4 Sleeve,Unknown,40,38
020-04,Anjali,Mokosh,Ethnic,Anarkali KPD Set,Unknown,Anarkali,Dyed,Coffee,Silk,Coding + Sequence,Palazzo,Dyed,Coffee,Silk,Not_Applied,Not Applied,Sweetheart Neck,Regular sleeves,3/4 Sleeve,Unknown,40,38
021-01,Anjali,Mokosh,Ethnic,Anarkali KPD Set,Unknown,Anarkali,Dyed,Mouse,Silk,Beads,Palazzo,Dyed,Mouse,Silk,Not_Applied,Not Applied,V Neck,Regular sleeves,3/4 Sleeve,Unknown,42,38
021-02,Anjali,Mokosh,Ethnic,Anarkali KPD Set,Unknown,Anarkali,Dyed,Dark Mustard,Silk,Beads,Palazzo,Dyed,Dark Mustard,Silk,Not_Applied,Not Applied,V Neck,Regular sleeves,3/4 Sleeve,Unknown,42,38
021-03,Anjali,Mokosh,Ethnic,Anarkali KPD Set,Unknown,Anarkali,Dyed,Dusty Maroon,Silk,Beads,Palazzo,Dyed,Dusty Maroon,Silk,Not_Applied,Not Applied,V Neck,Regular sleeves,3/4 Sleeve,Unknown,42,38
021-04,Anjali,Mokosh,Ethnic,Anarkali KPD Set,Unknown,Anarkali,Dyed,Violet,Silk,Beads,Palazzo,Dyed,Violet,Silk,Not_Applied,Not Applied,V Neck,Regular sleeves,3/4 Sleeve,Unknown,42,38
022-01,Anjali,Mokosh,Indowestern,Kaftan Palazzo Set,Unknown,  Spaghetti ,Dyed,Brown,Silk,Beads,Palazzo,Dyed,Brown,Silk,Not_Applied,Not Applied,V Neck,Not Applied,3/4 Sleeve,Unknown,30,38
022-02,Anjali,Mokosh,Indowestern,Kaftan Palazzo Set,Unknown,  Spaghetti ,Dyed,Pink,Silk,Beads,Palazzo,Dyed,Pink,Silk,Not_Applied,Not Applied,V Neck,Not Applied,3/4 Sleeve,Unknown,30,38
022-03,Anjali,Mokosh,Indowestern,Kaftan Palazzo Set,Unknown,  Spaghetti ,Dyed,Elaichi,Silk,Beads,Palazzo,Dyed,Elaichi,Silk,Not_Applied,Not Applied,V Neck,Not Applied,3/4 Sleeve,Unknown,30,38
023-01,Anjali,C.O.E,Ethnic,Short Kurta Palazzo KPD Set,Unknown,Kurti,Dyed,Rose Pink,Silk,Beads,Bell Bottom,Dyed,Rose Pink,Silk,Not_Applied,Not Applied,V Neck,Not Applied,Sleeve less,Unknown,24,40
023-02,Anjali,C.O.E,Ethnic,Short Kurta Palazzo KPD Set,Unknown,Kurti,Dyed,Morpich,Silk,Beads,Bell Bottom,Dyed,Morpich,Silk,Not_Applied,Not Applied,V Neck,Not Applied,Sleeve less,Unknown,24,40
023-03,Anjali,C.O.E,Ethnic,Short Kurta Palazzo KPD Set,Unknown,Kurti,Dyed,Lavender,Silk,Beads,Bell Bottom,Dyed,Lavender,Silk,Not_Applied,Not Applied,V Neck,Not Applied,Sleeve less,Unknown,24,40
023-04,Anjali,C.O.E,Ethnic,Short Kurta Palazzo KPD Set,Unknown,Kurti,Dyed,Pista Green,Silk,Beads,Bell Bottom,Dyed,Pista Green,Silk,Not_Applied,Not Applied,V Neck,Not Applied,Sleeve less,Unknown,24,40
024-01,Anjali,Mokosh,Ethnic,Anarkali KPD Set,Unknown,Anarkali,Dyed,Orange,Silk,Coding + Multi,Palazzo,Dyed,Orange,Silk,Not_Applied,Not Applied,Sweetheart Neck,Flared Sleeve,3/4 Sleeve,Unknown,40,38
024-02,Anjali,Mokosh,Ethnic,Anarkali KPD Set,Unknown,Anarkali,Dyed,Red,Silk,Coding + Multi,Palazzo,Dyed,Red,Silk,Not_Applied,Not Applied,Sweetheart Neck,Flared Sleeve,3/4 Sleeve,Unknown,40,38
024-03,Anjali,Mokosh,Ethnic,Anarkali KPD Set,Unknown,Anarkali,Dyed,Rama,Silk,Coding + Multi,Palazzo,Dyed,Rama,Silk,Not_Applied,Not Applied,Sweetheart Neck,Flared Sleeve,3/4 Sleeve,Unknown,40,38
024-04,Anjali,Mokosh,Ethnic,Anarkali KPD Set,Unknown,Anarkali,Dyed,Mustard,Silk,Coding + Multi,Palazzo,Dyed,Mustard,Silk,Not_Applied,Not Applied,Sweetheart Neck,Flared Sleeve,3/4 Sleeve,Unknown,40,38
025-01,Anjali,Mokosh,Ethnic,Anarkali KPD Set,Unknown,Anarkali,Dyed,Neon,Silk,Beads + Multi,Palazzo,Dyed,Neon,Silk,Not_Applied,Not Applied,Sweetheart Neck,Regular sleeves,Full Sleeve,Unknown,42,40
025-02,Anjali,Mokosh,Ethnic,Anarkali KPD Set,Unknown,Anarkali,Dyed,Royal Blue,Silk,Beads + Multi,Palazzo,Dyed,Royal Blue,Silk,Not_Applied,Not Applied,Sweetheart Neck,Regular sleeves,Full Sleeve,Unknown,42,40
025-03,Anjali,Mokosh,Ethnic,Anarkali KPD Set,Unknown,Anarkali,Dyed,Off White,Silk,Beads + Multi,Palazzo,Dyed,Off White,Silk,Not_Applied,Not Applied,Sweetheart Neck,Regular sleeves,Full Sleeve,Unknown,42,40
025-04,Anjali,Mokosh,Ethnic,Anarkali KPD Set,Unknown,Anarkali,Dyed,Cherry Red,Silk,Beads + Multi,Palazzo,Dyed,Cherry Red,Silk,Not_Applied,Not Applied,Sweetheart Neck,Regular sleeves,Full Sleeve,Unknown,42,40
026-01,Anjali,Mokosh,Ethnic,Casual,Unknown,Kurti,Dyed,Beige,Cotton,Coding + Multi,Palazzo,Dyed,Beige,Cotton,Not_Applied,Not Applied,Square Neck,Not Applied,Sleeve less,Unknown,44,38
026-02,Anjali,Mokosh,Ethnic,Casual,Unknown,Kurti,Dyed,Neon,Cotton,Coding + Multi,Palazzo,Dyed,Neon,Cotton,Not_Applied,Not Applied,Square Neck,Not Applied,Sleeve less,Unknown,44,38
026-03,Anjali,Mokosh,Ethnic,Casual,Unknown,Kurti,Dyed,Orange,Cotton,Coding + Multi,Palazzo,Dyed,Orange,Cotton,Not_Applied,Not Applied,Square Neck,Not Applied,Sleeve less,Unknown,44,38
026-04,Anjali,Mokosh,Ethnic,Casual,Unknown,Kurti,Dyed,Royal Blue,Cotton,Coding + Multi,Palazzo,Dyed,Royal Blue,Cotton,Not_Applied,Not Applied,Square Neck,Not Applied,Sleeve less,Unknown,44,38
027-01,Anjali,Mokosh,Ethnic,Anarkali KPD Set,Unknown,Anarkali,Print,Rust,Cotton,-,Palazzo,Dyed,Rust,Cotton,Not_Applied,Hand-block Print,Queen Anne,Regular sleeves,Full Sleeve,Unknown,48,40
027-02,Anjali,Mokosh,Ethnic,Anarkali KPD Set,Unknown,Anarkali,Print,Mustard,Cotton,-,Palazzo,Print,Mustard,Cotton,Not_Applied,Hand-block Print,Queen Anne,Regular sleeves,Full Sleeve,Unknown,48,40
027-03,Anjali,Mokosh,Ethnic,Anarkali KPD Set,Unknown,Anarkali,Print,Maroon,Cotton,-,Palazzo,Print,Maroon,Cotton,Not_Applied,Hand-block Print,Queen Anne,Regular sleeves,Full Sleeve,Unknown,48,40
028-01,Anjali,Mokosh,Ethnic,Anarkali KPD Set,Unknown,Anarkali,Dyed,Purple,Silk,Multi,Palazzo,Print,Purple,Silk,Not_Applied,Not Applied,V Neck,Regular sleeves,Full Sleeve,Unknown,40,40
028-02,Anjali,Mokosh,Ethnic,Anarkali KPD Set,Unknown,Anarkali,Dyed,Coffee,Silk,Multi,Palazzo,Dyed,Coffee,Silk,Not_Applied,Not Applied,V Neck,Regular sleeves,Full Sleeve,Unknown,40,40
028-03,Anjali,Mokosh,Ethnic,Anarkali KPD Set,Unknown,Anarkali,Dyed,Mustard,Silk,Multi,Palazzo,Dyed,Mustard,Silk,Not_Applied,Not Applied,V Neck,Regular sleeves,Full Sleeve,Unknown,40,40
029-01,Anjali,Mokosh,Ethnic,2PC KP Set,Unknown,Kurti,Dyed,Pista Green,Silk,Beads,Palazzo,Dyed,Pista Green,Silk,Not_Applied,Not Applied,V Neck,Regular sleeves,3/4 Sleeve,Unknown,41,38
029-02,Anjali,Mokosh,Ethnic,2PC KP Set,Unknown,Kurti,Dyed,Blue Grey,Silk,Beads,Palazzo,Dyed,Blue Grey,Silk,Not_Applied,Not Applied,V Neck,Regular sleeves,3/4 Sleeve,Unknown,41,38
029-03,Anjali,Mokosh,Ethnic,Anarkali KPD Set,Unknown,Anarkali,Print,Rust Orange,Silk,Beads,Palazzo,Dyed,Rust Orange,Silk,Not_Applied,Not Applied,V Neck,Regular sleeves,3/4 Sleeve,Unknown,41,38
031-01,Anjali,Mokosh,Ethnic,Anarkali KPD Set,Unknown,Anarkali,Print,Rani,Cotton,Coding + Sequence,Palazzo,Print,Rani,Cotton,Not_Applied,Floral print,Round,Regular sleeves,3/4 Sleeve,Unknown,48,38
031-02,Anjali,Mokosh,Ethnic,Anarkali KPD Set,Unknown,Anarkali,Print,Yellow,Cotton,Coding + Sequence,Palazzo,Print,Yellow,Cotton,Not_Applied,Floral print,Round,Regular sleeves,3/4 Sleeve,Unknown,48,38
032-01,Anjali,Mokosh,Ethnic,Anarkali KPD Set,Unknown,Anarkali,Dyed,Red,Cotton,Coding + Multi,Palazzo,Print,Red,Cotton,Not_Applied,Not Applied,Round,bangle sleeve,Full Sleeve,Unknown,50,38
032-02,Anjali,Mokosh,Ethnic,Anarkali KPD Set,Unknown,Anarkali,Dyed,Orange,Cotton,Coding + Multi,Palazzo,Dyed,Orange,Cotton,Not_Applied,Not Applied,Round,bangle sleeve,Full Sleeve,Unknown,50,38
032-03,Anjali,Mokosh,Ethnic,Anarkali KPD Set,Unknown,Anarkali,Dyed,Rani,Cotton,Coding + Multi,Palazzo,Dyed,Rani,Cotton,Not_Applied,Not Applied,Round,bangle sleeve,Full Sleeve,Unknown,50,38
032-04,Anjali,Mokosh,Ethnic,Anarkali KPD Set,Unknown,Anarkali,Dyed,Rama,Cotton,Coding + Multi,Palazzo,Dyed,Rama,Cotton,Not_Applied,Not Applied,Round,bangle sleeve,Full Sleeve,Unknown,50,38
033-01,Anjali,Mokosh,Ethnic,Anarkali KPD Set,Unknown,Anarkali,Dyed,Red,Cotton,Beads + Multi,Palazzo,Dyed,Red,Cotton,Not_Applied,Not Applied,Sweetheart Neck,Regular sleeves,Full Sleeve,Unknown,48,38
033-02,Anjali,Mokosh,Ethnic,Anarkali KPD Set,Unknown,Anarkali,Dyed,Purple,Cotton,Beads + Multi,Palazzo,Dyed,Purple,Cotton,Not_Applied,Not Applied,Sweetheart Neck,Regular sleeves,Full Sleeve,Unknown,48,38
033-03,Anjali,Mokosh,Ethnic,Anarkali KPD Set,Unknown,Anarkali,Dyed,Royal Blue,Cotton,Beads + Multi,Palazzo,Dyed,Royal Blue,Cotton,Not_Applied,Not Applied,Sweetheart Neck,Regular sleeves,Full Sleeve,Unknown,48,38
033-04,Anjali,Mokosh,Ethnic,Anarkali KPD Set,Unknown,Anarkali,Dyed,Neon,Cotton,Beads + Multi,Palazzo,Dyed,Neon,Cotton,Not_Applied,Not Applied,Sweetheart Neck,Regular sleeves,Full Sleeve,Unknown,48,38
034-01,Anjali,Mokosh,Ethnic,Peplum KSD Set,Unknown,Peplum Kurti,Print,Rani,Cotton,-,Palazzo,Dyed,Rani,Cotton,Not_Applied,Floral print,Square Neck,bangle sleeve,Full Sleeve,Unknown,30,40
034-02,Anjali,Mokosh,Ethnic,Peplum KSD Set,Unknown,Peplum Kurti,Print,Yellow,Cotton,-,Palazzo,Print,Yellow,Cotton,Not_Applied,Floral print,Square Neck,bangle sleeve,Full Sleeve,Unknown,30,40
035-01,Anjali,Mokosh,Ethnic,Peplum KSD Set,Unknown,Peplum Kurti,Print,Red,Cotton,-,Sharara,Print,Red,Cotton,Not_Applied,Floral print,Square Neck,Not Applied,Sleeve less,Unknown,25,40
035-02,Anjali,Mokosh,Ethnic,Peplum KSD Set,Unknown,Peplum Kurti,Print,Coffee,Cotton,-,Sharara,Print,Coffee,Cotton,Not_Applied,Floral print,Square Neck,Not Applied,Sleeve less,Unknown,25,40
036-01,Anjali,Mokosh,Ethnic,Anarkali KPD Set,Unknown,Anarkali,Dyed,Rani,Cotton,Beads + Multi,Palazzo,Print,Rani,Cotton,Not_Applied,Not Applied,Sweetheart Neck,Regular sleeves,Full Sleeve,Unknown,48,38
036-02,Anjali,Mokosh,Ethnic,Anarkali KPD Set,Unknown,Anarkali,Dyed,Coffee,Cotton,Beads + Multi,Palazzo,Dyed,Coffee,Cotton,Not_Applied,Not Applied,Sweetheart Neck,Regular sleeves,Full Sleeve,Unknown,48,38
036-03,Anjali,Mokosh,Ethnic,Anarkali KPD Set,Unknown,Anarkali,Dyed,Royal Blue,Cotton,Beads + Multi,Palazzo,Dyed,Royal Blue,Cotton,Not_Applied,Not Applied,Sweetheart Neck,Regular sleeves,Full Sleeve,Unknown,48,38
036-04,Anjali,Mokosh,Ethnic,Anarkali KPD Set,Unknown,Anarkali,Dyed,Butter Yellow,Cotton,Beads + Multi,Palazzo,Dyed,Butter Yellow,Cotton,Not_Applied,Not Applied,Sweetheart Neck,Regular sleeves,Full Sleeve,Unknown,48,38
037-01,Anjali,Mokosh,Ethnic,Peplum KSD Set,Unknown,Peplum Kurti,Dyed,Rust,Silk,Beads,Palazzo,Dyed,Rust,Silk,Not_Applied,Not Applied,Round,Regular sleeves,Full Sleeve,Unknown,30,40
037-02,Anjali,Mokosh,Ethnic,Peplum KSD Set,Unknown,Peplum Kurti,Dyed,Olive Green,Silk,Beads,Palazzo,Dyed,Olive Green,Silk,Not_Applied,Not Applied,Round,Regular sleeves,Full Sleeve,Unknown,30,40
037-03,Anjali,Mokosh,Ethnic,Peplum KSD Set,Unknown,Peplum Kurti,Dyed,Peacock Blue,Silk,Beads,Palazzo,Dyed,Peacock Blue,Silk,Not_Applied,Not Applied,Round,Regular sleeves,Full Sleeve,Unknown,30,40
037-04,Anjali,Mokosh,Ethnic,Peplum KSD Set,Unknown,Peplum Kurti,Dyed,Golden,Silk,Beads,Palazzo,Dyed,Golden,Silk,Not_Applied,Not Applied,Round,Regular sleeves,Full Sleeve,Unknown,30,40
038-01,Anjali,Mokosh,Ethnic,Anarkali KPD Set,Unknown,Anarkali,Dyed,Chocolate Brown,Silk,Beads + Multi,Palazzo,Dyed,Chocolate Brown,Silk,Not_Applied,Not Applied,Sweetheart Neck,Regular sleeves,Full Sleeve,Unknown,42,40
038-02,Anjali,Mokosh,Ethnic,Anarkali KPD Set,Unknown,Anarkali,Dyed,Tropical Blue,Silk,Beads + Multi,Palazzo,Dyed,Tropical Blue,Silk,Not_Applied,Not Applied,Sweetheart Neck,Regular sleeves,Full Sleeve,Unknown,42,40
038-03,Anjali,Mokosh,Ethnic,Anarkali KPD Set,Unknown,Anarkali,Dyed,Orange,Silk,Beads + Multi,Palazzo,Dyed,Orange,Silk,Not_Applied,Not Applied,Sweetheart Neck,Regular sleeves,Full Sleeve,Unknown,42,40
038-04,Anjali,Mokosh,Ethnic,Anarkali KPD Set,Unknown,Anarkali,Dyed,Purple Blue,Silk,Beads + Multi,Palazzo,Dyed,Purple Blue,Silk,Not_Applied,Not Applied,Sweetheart Neck,Regular sleeves,Full Sleeve,Unknown,42,40
039-01,Anjali,Mokosh,Ethnic,Short Kurta Palazzo KPD Set,Unknown,Kurti,Dyed,Golden,Silk,Beads,Palazzo,Dyed,Golden,Silk,Beads,Not Applied,Square Neck,Not Applied,Sleeve less,Unknown,20,38
039-02,Anjali,Mokosh,Ethnic,Short Kurta Palazzo KPD Set,Unknown,Kurti,Dyed,Dark Mauve,Silk,Beads,Palazzo,Dyed,Dark Mauve,Silk,Beads,Not Applied,Square Neck,Not Applied,Sleeve less,Unknown,20,38
039-03,Anjali,Mokosh,Ethnic,Short Kurta Palazzo KPD Set,Unknown,Kurti,Dyed,Peacock Green,Silk,Beads,Palazzo,Dyed,Peacock Green,Silk,Beads,Not Applied,Square Neck,Not Applied,Sleeve less,Unknown,20,38
040-01,Anjali,Mokosh,Ethnic,Anarkali KPD Set,Unknown,Anarkali,Dyed,Red,Silk,Beads + Multi,Palazzo,Dyed,Red,Silk,Not_Applied,Not Applied,V Neck,Regular sleeves,3/4 Sleeve,Unknown,50,40
040-02,Anjali,Mokosh,Ethnic,Anarkali KPD Set,Unknown,Anarkali,Dyed,Rust,Silk,Beads + Multi,Palazzo,Dyed,Rust,Silk,Not_Applied,Not Applied,V Neck,Regular sleeves,3/4 Sleeve,Unknown,50,40
040-03,Anjali,Mokosh,Ethnic,Anarkali KPD Set,Unknown,Anarkali,Dyed,Berry,Silk,Beads + Multi,Palazzo,Dyed,Berry,Silk,Not_Applied,Not Applied,V Neck,Regular sleeves,3/4 Sleeve,Unknown,50,40
040-04,Anjali,Mokosh,Ethnic,Anarkali KPD Set,Unknown,Anarkali,Dyed,Dark Mauve,Silk,Beads + Multi,Palazzo,Dyed,Dark Mauve,Silk,Not_Applied,Not Applied,V Neck,Regular sleeves,3/4 Sleeve,Unknown,50,40
041-01,Anjali,C.O.E,Ethnic,Top Bottom Shrug,Unknown,  Spaghetti ,Dyed,Cream,Silk,Beads + Multi,Palazzo,Dyed,Cream,Silk,Not_Applied,Not Applied,Shawl Collar,Regular sleeves,Full Sleeve,Unknown,23,40
041-02,Anjali,C.O.E,Ethnic,Top Bottom Shrug,Unknown,  Spaghetti ,Dyed,Berry,Silk,Beads + Multi,Palazzo,Dyed,Berry,Silk,Not_Applied,Not Applied,Shawl Collar,Regular sleeves,Full Sleeve,Unknown,23,40
041-03,Anjali,C.O.E,Ethnic,Top Bottom Shrug,Unknown,  Spaghetti ,Dyed,Rose Pink,Silk,Beads + Multi,Palazzo,Dyed,Rose Pink,Silk,Not_Applied,Not Applied,Shawl Collar,Regular sleeves,Full Sleeve,Unknown,23,40
041-04,Anjali,C.O.E,Ethnic,Top Bottom Shrug,Unknown,  Spaghetti ,Dyed,Chocolate Brown,Silk,Beads + Multi,Palazzo,Dyed,Chocolate Brown,Silk,Not_Applied,Not Applied,Shawl Collar,Regular sleeves,Full Sleeve,Unknown,23,40
042-01,Anjali,Mokosh,Ethnic,Anarkali KPD Set,Unknown,Anarkali,Dyed,Pearl,Silk,Beads + Multi,Palazzo,Dyed,Pearl,Silk,Not_Applied,Not Applied,Sweetheart Neck,Not Applied,Sleeve less,Unknown,40,40
042-02,Anjali,Mokosh,Ethnic,Anarkali KPD Set,Unknown,Anarkali,Dyed,Pigeon Blue,Silk,Beads + Multi,Palazzo,Dyed,Pigeon Blue,Silk,Not_Applied,Not Applied,Sweetheart Neck,Not Applied,Sleeve less,Unknown,40,40
042-03,Anjali,Mokosh,Ethnic,Anarkali KPD Set,Unknown,Anarkali,Dyed,Chocolate Brown,Silk,Beads + Multi,Palazzo,Dyed,Chocolate Brown,Silk,Not_Applied,Not Applied,Sweetheart Neck,Not Applied,Sleeve less,Unknown,40,40
042-04,Anjali,Mokosh,Ethnic,Anarkali KPD Set,Unknown,Anarkali,Dyed,Golden,Silk,Beads + Multi,Palazzo,Dyed,Golden,Silk,Not_Applied,Not Applied,Sweetheart Neck,Not Applied,Sleeve less,Unknown,40,40
043-01,Anjali,Mokosh,Ethnic,Short Kurta Farsi KFD Set,Unknown,Kurti,Dyed,Lavender,Silk,Multi,Farsi,Dyed,Lavender,Silk,Not_Applied,Not Applied,V Neck,Flared Sleeve,3/4 Sleeve,Unknown,32,40
043-02,Anjali,Mokosh,Ethnic,Short Kurta Farsi KFD Set,Unknown,Kurti,Dyed,Mustard,Silk,Multi,Farsi,Dyed,Mustard,Silk,Not_Applied,Not Applied,V Neck,Flared Sleeve,3/4 Sleeve,Unknown,32,40
043-03,Anjali,Mokosh,Ethnic,Short Kurta Farsi KFD Set,Unknown,Kurti,Dyed,Maroon,Silk,Multi,Farsi,Dyed,Maroon,Silk,Not_Applied,Not Applied,V Neck,Flared Sleeve,3/4 Sleeve,Unknown,32,40
043-04,Anjali,Mokosh,Ethnic,Short Kurta Farsi KFD Set,Unknown,Kurti,Dyed,Olive Brown,Silk,Multi,Farsi,Dyed,Olive Brown,Silk,Not_Applied,Not Applied,V Neck,Flared Sleeve,3/4 Sleeve,Unknown,32,40
044-01,Anjali,Mokosh,Ethnic,Peplum KSD Set,Unknown,Peplum Kurti,Dyed,Rust Orange,Silk,Coding + Sequence,Palazzo,Dyed,Rust Orange,Silk,Coding + Sequence,Not Applied,V Neck,Regular sleeves,3/4 Sleeve,Unknown,31,40
044-02,Anjali,Mokosh,Ethnic,Peplum KSD Set,Unknown,Peplum Kurti,Dyed,Green,Silk,Coding + Sequence,Palazzo,Dyed,Green,Silk,Coding + Sequence,Not Applied,V Neck,Regular sleeves,3/4 Sleeve,Unknown,31,40
044-03,Anjali,Mokosh,Ethnic,Peplum KSD Set,Unknown,Peplum Kurti,Dyed,Chocolate Brown,Silk,Coding + Sequence,Palazzo,Dyed,Chocolate Brown,Silk,Coding + Sequence,Not Applied,V Neck,Regular sleeves,3/4 Sleeve,Unknown,31,40
044-04,Anjali,Mokosh,Ethnic,Peplum KSD Set,Unknown,Peplum Kurti,Dyed,Golden,Silk,Coding + Sequence,Palazzo,Dyed,Golden,Silk,Coding + Sequence,Not Applied,V Neck,Regular sleeves,3/4 Sleeve,Unknown,31,40
045-01,Anjali,Mokosh,Ethnic,Peplum Farsi Set,Unknown,Peplum Kurti,Dyed,Pink,Silk,Coding + Sequence,Farsi,Dyed,Royal Blue,Silk,Coding + Sequence,Not Applied,V Neck,Flared Sleeve,3/4 Sleeve,Unknown,31,40
045-02,Anjali,Mokosh,Ethnic,Peplum Farsi Set,Unknown,Peplum Kurti,Dyed,Golden,Silk,Coding + Sequence,Farsi,Dyed,Golden,Silk,Coding + Sequence,Not Applied,V Neck,Flared Sleeve,3/4 Sleeve,Unknown,31,40
045-03,Anjali,Mokosh,Ethnic,Peplum Farsi Set,Unknown,Peplum Kurti,Dyed,Purple,Silk,Coding + Sequence,Farsi,Dyed,Purple,Silk,Coding + Sequence,Not Applied,V Neck,Flared Sleeve,3/4 Sleeve,Unknown,31,40
045-04,Anjali,Mokosh,Ethnic,Peplum Farsi Set,Unknown,Peplum Kurti,Dyed,Brown,Silk,Coding + Sequence,Farsi,Dyed,Parrot Green,Silk,Coding + Sequence,Not Applied,V Neck,Flared Sleeve,3/4 Sleeve,Unknown,31,40
046-01,Anjali,C.O.E,Ethnic,Short Kurta Palazzo KPD Set,Unknown,Kurti,Dyed,Chocolate Brown,Silk,Coding + Sequence,Palazzo,Dyed,Chocolate Brown,Silk,Not_Applied,Not Applied,Round,Flared Sleeve,3/4 Sleeve,Unknown,32,40
046-02,Anjali,C.O.E,Ethnic,Short Kurta Palazzo KPD Set,Unknown,Kurti,Dyed,Rust,Silk,Coding + Sequence,Palazzo,Dyed,Rust,Silk,Not_Applied,Not Applied,Round,Flared Sleeve,3/4 Sleeve,Unknown,32,40
046-03,Anjali,C.O.E,Ethnic,Short Kurta Palazzo KPD Set,Unknown,Kurti,Dyed,Tropical Blue,Silk,Coding + Sequence,Palazzo,Dyed,Tropical Blue,Silk,Not_Applied,Not Applied,Round,Flared Sleeve,3/4 Sleeve,Unknown,32,40
046-04,Anjali,C.O.E,Ethnic,Short Kurta Palazzo KPD Set,Unknown,Kurti,Dyed,Onion Pink,Silk,Coding + Sequence,Palazzo,Dyed,Onion Pink,Silk,Not_Applied,Not Applied,Round,Flared Sleeve,3/4 Sleeve,Unknown,32,40
047-01,Anjali,Mokosh,Ethnic,Anarkali KPD Set,Unknown,Anarkali,Dyed,Orange,Silk,Coding + Sequence,Palazzo,Dyed,Orange,Silk,Not_Applied,Not Applied,Sweetheart Neck,Regular sleeves,3/4 Sleeve,Unknown,44,40
047-02,Anjali,Mokosh,Ethnic,Anarkali KPD Set,Unknown,Anarkali,Dyed,Neon,Silk,Coding + Sequence,Palazzo,Dyed,Neon,Silk,Not_Applied,Not Applied,Sweetheart Neck,Regular sleeves,3/4 Sleeve,Unknown,44,40
047-03,Anjali,Mokosh,Ethnic,Anarkali KPD Set,Unknown,Anarkali,Dyed,Maroon,Silk,Coding + Sequence,Palazzo,Dyed,Maroon,Silk,Not_Applied,Not Applied,Sweetheart Neck,Regular sleeves,3/4 Sleeve,Unknown,44,40
048-01,Anjali,Mokosh,Ethnic,Top Bottom Shrug,Unknown,Shrug+ Spaghetti ,Dyed,Brown,Silk,Beads,Palazzo,Dyed,Brown,Silk,Not_Applied,Not Applied,Sweetheart Neck,Flared Sleeve,3/4 Sleeve,Unknown,29,40
048-02,Anjali,Mokosh,Ethnic,Top Bottom Shrug,Unknown,Shrug+ Spaghetti ,Dyed,Butter Yellow,Silk,Beads,Palazzo,Dyed,Butter Yellow,Silk,Not_Applied,Not Applied,Sweetheart Neck,Flared Sleeve,3/4 Sleeve,Unknown,29,40
049-01,Anjali,Mokosh,Indowestern,Lehenga- Dupatta Set,Unknown,Short Kurti,Dyed,Butter yellow,Silk,Coding + Sequence,Lehenga,Dyed,Butter yellow,Silk,Not_Applied,Not Applied,Round,Not Applied,Sleeve less,Unknown,26,43
049-02,Anjali,Mokosh,Indowestern,Lehenga- Dupatta Set,Unknown,Short Kurti,Dyed,Royal Blue,Silk,Coding + Sequence,Lehenga,Dyed,Royal Blue,Silk,Not_Applied,Not Applied,Round,Not Applied,Sleeve less,Unknown,26,43
049-03,Anjali,Mokosh,Indowestern,Lehenga- Dupatta Set,Unknown,Short Kurti,Dyed,Baby Pink,Silk,Coding + Sequence,Lehenga,Dyed,Baby Pink,Silk,Not_Applied,Not Applied,Round,Not Applied,Sleeve less,Unknown,26,43
049-04,Anjali,Mokosh,Indowestern,Lehenga- Dupatta Set,Unknown,Short Kurti,Dyed,Maroon,Silk,Coding + Sequence,Lehenga,Dyed,Maroon,Silk,Not_Applied,Not Applied,Round,Not Applied,Sleeve less,Unknown,26,43
050-01,Anjali,Mokosh,Ethnic,Peplum KSD Set,Unknown,Peplum Kurti,Dyed,Neon,Silk,Coding + Multi,Palazzo,Dyed,Neon,Silk,Not_Applied,Not Applied,V Neck,bangle sleeve,Full Sleeve,Unknown,30,40
050-02,Anjali,Mokosh,Ethnic,Peplum KSD Set,Unknown,Peplum Kurti,Dyed,Coffee,Silk,Coding + Multi,Palazzo,Dyed,Coffee,Silk,Not_Applied,Not Applied,V Neck,bangle sleeve,Full Sleeve,Unknown,30,40
050-03,Anjali,Mokosh,Ethnic,Peplum KSD Set,Unknown,Peplum Kurti,Dyed,Orange,Silk,Coding + Multi,Palazzo,Dyed,Orange,Silk,Not_Applied,Not Applied,V Neck,bangle sleeve,Full Sleeve,Unknown,30,40
051-01,Anjali,Mokosh,Ethnic,Peplum KSD Set,Unknown,Peplum Kurti,Dyed,Berry,Silk,Coding + Multi,Palazzo,Dyed,Berry,Silk,Not_Applied,Not Applied,Round,Regular sleeves,Full Sleeve,Unknown,29,40
051-02,Anjali,Mokosh,Ethnic,Peplum KSD Set,Unknown,Peplum Kurti,Dyed,Royal Blue,Silk,Coding + Multi,Palazzo,Dyed,Royal Blue,Silk,Not_Applied,Not Applied,Round,Regular sleeves,Full Sleeve,Unknown,29,40
051-03,Anjali,Mokosh,Ethnic,Peplum KSD Set,Unknown,Peplum Kurti,Dyed,Butter Yellow,Silk,Coding + Multi,Palazzo,Dyed,Butter Yellow,Silk,Not_Applied,Not Applied,Round,Regular sleeves,Full Sleeve,Unknown,29,40
051-04,Anjali,C.O.E,Ethnic,Peplum KSD Set,Unknown,Peplum Kurti,Dyed,Mehendi Green,Silk,Coding + Multi,Palazzo,Dyed,Mehendi Green,Silk,Not_Applied,Not Applied,Round,Regular sleeves,Full Sleeve,Unknown,29,40
052-01,Anjali,C.O.E,Ethnic,Peplum Farsi Set,Unknown,Peplum Kurti,Dyed,Blue,Silk,Coding + Multi,Farsi,Dyed,Blue,Silk,Not_Applied,Not Applied,Round,Flared Sleeve,3/4 Sleeve,Unknown,32,40
052-02,Anjali,C.O.E,Ethnic,Peplum Farsi Set,Unknown,Peplum Kurti,Dyed,Maroon,Silk,Coding + Multi,Farsi,Dyed,Maroon,Silk,Not_Applied,Not Applied,Round,Flared Sleeve,3/4 Sleeve,Unknown,32,40
052-03,Anjali,C.O.E,Ethnic,Peplum Farsi Set,Unknown,Peplum Kurti,Dyed,Yellow,Silk,Coding + Multi,Farsi,Dyed,Yellow,Silk,Not_Applied,Not Applied,Round,Flared Sleeve,3/4 Sleeve,Unknown,32,40
052-04,Anjali,C.O.E,Ethnic,Peplum Farsi Set,Unknown,Peplum Kurti,Dyed,Pink,Silk,Coding + Multi,Farsi,Dyed,Pink,Silk,Not_Applied,Not Applied,Round,Flared Sleeve,3/4 Sleeve,Unknown,32,40
053-01,Anjali,Mokosh,Ethnic,Anarkali KPD Set,Unknown,Anarkali,Dyed,Neon,Silk,Coding + Sequence,Palazzo,Dyed,Neon,Silk,Not_Applied,Not Applied,Round,Flared Sleeve,3/4 Sleeve,Unknown,42,38
053-02,Anjali,Mokosh,Ethnic,Anarkali KPD Set,Unknown,Anarkali,Dyed,Rust,Silk,Coding + Sequence,Palazzo,Dyed,Rust,Silk,Not_Applied,Not Applied,Round,Flared Sleeve,3/4 Sleeve,Unknown,42,38
053-03,Anjali,Mokosh,Ethnic,Anarkali KPD Set,Unknown,Anarkali,Dyed,Red,Silk,Coding + Sequence,Palazzo,Dyed,Red,Silk,Not_Applied,Not Applied,Round,Flared Sleeve,3/4 Sleeve,Unknown,42,38
053-04,Anjali,Mokosh,Ethnic,Anarkali KPD Set,Unknown,Anarkali,Dyed,Light Coffee,Silk,Coding + Sequence,Palazzo,Dyed,Light Coffee,Silk,Not_Applied,Not Applied,Round,Flared Sleeve,3/4 Sleeve,Unknown,42,38
054-01,Anjali,Mokosh,Ethnic,Anarkali KPD Set,Unknown,Anarkali,Dyed,Red,Silk,Coding + Multi,Palazzo,Dyed,Red,Silk,Not_Applied,Not Applied,Sweetheart Neck,Flared Sleeve,3/4 Sleeve,Unknown,42,38
054-02,Anjali,Mokosh,Ethnic,Anarkali KPD Set,Unknown,Anarkali,Dyed,Mustard,Silk,Coding + Multi,Palazzo,Dyed,Mustard,Silk,Not_Applied,Not Applied,Sweetheart Neck,Flared Sleeve,3/4 Sleeve,Unknown,42,38
054-03,Anjali,Mokosh,Ethnic,Anarkali KPD Set,Unknown,Anarkali,Dyed,Light Orange,Silk,Coding + Multi,Palazzo,Dyed,Light Orange,Silk,Not_Applied,Not Applied,Sweetheart Neck,Flared Sleeve,3/4 Sleeve,Unknown,42,38
054-04,Anjali,Mokosh,Ethnic,Anarkali KPD Set,Unknown,Anarkali,Dyed,Rani,Silk,Coding + Multi,Palazzo,Dyed,Rani,Silk,Not_Applied,Not Applied,Sweetheart Neck,Flared Sleeve,3/4 Sleeve,Unknown,42,38
055-01,Anjali,C.O.E,Ethnic,Peplum Farsi Set,Unknown,Peplum Kurti,Dyed,Violet,Silk,Coding + Sequence,Farsi,Dyed,Cherry Red,Silk,Coding + Sequence,Not Applied,Sweetheart Neck,Flared Sleeve,3/4 Sleeve,Unknown,32,40
055-02,Anjali,C.O.E,Ethnic,Peplum Farsi Set,Unknown,Peplum Kurti,Dyed,Orange,Silk,Coding + Sequence,Farsi,Dyed,Blue,Silk,Coding + Sequence,Not Applied,Sweetheart Neck,Flared Sleeve,3/4 Sleeve,Unknown,32,40
055-03,Anjali,C.O.E,Ethnic,Peplum Farsi Set,Unknown,Peplum Kurti,Dyed,Mehendi Green,Silk,Coding + Sequence,Farsi,Dyed,Mehendi Green,Silk,Coding + Sequence,Not Applied,Sweetheart Neck,Flared Sleeve,3/4 Sleeve,Unknown,32,40
056-01,Anjali,C.O.E,Ethnic,Anarkali KPD Set,Unknown,Anarkali,Dyed,Red,Silk,Coding + Sequence,Farsi,Dyed,Red,Silk,Coding + Sequence,Not Applied,V Neck,Flared Sleeve,3/4 Sleeve,Unknown,44,40
056-02,Anjali,Mokosh,Ethnic,Anarkali KPD Set,Unknown,Anarkali,Dyed,Neon ,Silk,Coding + Sequence,Palazzo,Dyed,Neon ,Silk,Coding + Sequence,Not Applied,V Neck,Flared Sleeve,3/4 Sleeve,Unknown,44,40
056-03,Anjali,Mokosh,Ethnic,Anarkali KPD Set,Unknown,Anarkali,Dyed,Coffee,Silk,Coding + Sequence,Palazzo,Dyed,Coffee,Silk,Coding + Sequence,Not Applied,V Neck,Flared Sleeve,3/4 Sleeve,Unknown,44,40
056-04,Anjali,Mokosh,Ethnic,Anarkali KPD Set,Unknown,Anarkali,Dyed,Peacock Green,Silk,Coding + Sequence,Palazzo,Dyed,Peacock Green,Silk,Coding + Sequence,Not Applied,V Neck,Flared Sleeve,3/4 Sleeve,Unknown,44,40
057-01,Anjali,Mokosh,Ethnic,Anarkali KPD Set,Unknown,Anarkali,Dyed,Chocolate,Silk,Coding + Multi,Palazzo,Dyed,Chocolate,Silk,Coding + Multi,Not Applied,Sweetheart Neck,Flared Sleeve,3/4 Sleeve,Unknown,42,40
057-02,Anjali,Mokosh,Ethnic,Anarkali KPD Set,Unknown,Anarkali,Dyed,Pink,Silk,Coding + Multi,Palazzo,Dyed,Pink,Silk,Coding + Multi,Not Applied,Sweetheart Neck,Flared Sleeve,3/4 Sleeve,Unknown,42,40
057-03,Anjali,Mokosh,Ethnic,Anarkali KPD Set,Unknown,Anarkali,Dyed,Butter Yellow,Silk,Coding + Multi,Palazzo,Dyed,Butter Yellow,Silk,Coding + Multi,Not Applied,Sweetheart Neck,Flared Sleeve,3/4 Sleeve,Unknown,42,40
057-04,Anjali,Mokosh,Ethnic,Anarkali KPD Set,Unknown,Anarkali,Dyed,Mint,Silk,Coding + Multi,Palazzo,Dyed,Mint,Silk,Coding + Multi,Not Applied,Sweetheart Neck,Flared Sleeve,3/4 Sleeve,Unknown,42,40
058-01,Anjali,Mokosh,Ethnic,Short Kurta Palazzo KPD Set,Unknown,Short Kurti,Dyed,Berry,Silk,Coding + Sequence,Palazzo,Dyed,Berry,Silk,Coding + Sequence,Not Applied,Sweetheart Neck,Flared Sleeve,3/4 Sleeve,Unknown,32,40
058-02,Anjali,Mokosh,Ethnic,Short Kurta Palazzo KPD Set,Unknown,Short Kurti,Dyed,Royal Blue,Silk,Coding + Sequence,Palazzo,Dyed,Royal Blue,Silk,Coding + Sequence,Not Applied,Sweetheart Neck,Flared Sleeve,3/4 Sleeve,Unknown,32,40
058-03,Anjali,Mokosh,Ethnic,Short Kurta Palazzo KPD Set,Unknown,Short Kurti,Dyed,Orange,Silk,Coding + Sequence,Palazzo,Dyed,Orange,Silk,Coding + Sequence,Not Applied,Sweetheart Neck,Flared Sleeve,3/4 Sleeve,Unknown,32,40
058-04,Anjali,Mokosh,Ethnic,Short Kurta Palazzo KPD Set,Unknown,Short Kurti,Dyed,Coffee,Silk,Coding + Sequence,Palazzo,Dyed,Coffee,Silk,Coding + Sequence,Not Applied,Sweetheart Neck,Flared Sleeve,3/4 Sleeve,Unknown,32,40
059-01,Anjali,Mokosh,Ethnic,Anarkali KPD Set,Unknown,Anarkali,Dyed,Rust Orange,Silk,Coding + Sequence,Palazzo,Dyed,Rust Orange,Silk,Coding + Sequence,Not Applied,V Neck,Flared Sleeve,3/4 Sleeve,Unknown,44,40
059-02,Anjali,Mokosh,Ethnic,Anarkali KPD Set,Unknown,Anarkali,Dyed,Golden,Silk,Coding + Sequence,Palazzo,Dyed,Golden,Silk,Coding + Sequence,Not Applied,V Neck,Flared Sleeve,3/4 Sleeve,Unknown,44,40
059-03,Anjali,Mokosh,Ethnic,Anarkali KPD Set,Unknown,Anarkali,Dyed,Chocolate Brown,Silk,Coding + Sequence,Palazzo,Dyed,Chocolate Brown,Silk,Coding + Sequence,Not Applied,V Neck,Flared Sleeve,3/4 Sleeve,Unknown,44,40
059-04,Anjali,Mokosh,Ethnic,Anarkali KPD Set,Unknown,Anarkali,Dyed,Teal Blue,Silk,Coding + Sequence,Palazzo,Dyed,Teal Blue,Silk,Coding + Sequence,Not Applied,V Neck,Flared Sleeve,3/4 Sleeve,Unknown,44,40
060-01,Anjali,C.O.E,Ethnic,Kaftan Palazzo Set,Unknown,Kaftan With Spagatti,Dyed,Berry,Silk,Beads,Palazzo,Dyed,Berry,Silk,Not_Applied,Not Applied,V Neck,Down shoulder sleeve,3/4 Sleeve,Unknown,30,40
060-02,Anjali,C.O.E,Ethnic,Kaftan Palazzo Set,Unknown,Kaftan With Spagatti,Dyed,Royal Blue,Silk,Beads,Palazzo,Dyed,Royal Blue,Silk,Not_Applied,Not Applied,V Neck,Down shoulder sleeve,3/4 Sleeve,Unknown,30,40
060-03,Anjali,C.O.E,Ethnic,Kaftan Palazzo Set,Unknown,Kaftan With Spagatti,Dyed,Rust,Silk,Beads,Palazzo,Dyed,Rust,Silk,Not_Applied,Not Applied,V Neck,Down shoulder sleeve,3/4 Sleeve,Unknown,30,40
060-04,Anjali,C.O.E,Ethnic,Kaftan Palazzo Set,Unknown,Kaftan With Spagatti,Dyed,Chocolate Brown,Silk,Beads,Palazzo,Dyed,Chocolate Brown,Silk,Not_Applied,Not Applied,V Neck,Down shoulder sleeve,3/4 Sleeve,Unknown,30,40
061-01,Anjali,Mokosh,Ethnic,Anarkali KPD Set,Unknown,Anarkali,Dyed,Red,Silk,Coding + Sequence,Palazzo,Dyed,Red,Silk,Not_Applied,Not Applied,Sweetheart Neck,Flared Sleeve,3/4 Sleeve,Unknown,40,38
061-02,Anjali,Mokosh,Ethnic,Anarkali KPD Set,Unknown,Anarkali,Dyed,Light Orange,Silk,Coding + Sequence,Palazzo,Dyed,Light Orange,Silk,Not_Applied,Not Applied,Sweetheart Neck,Flared Sleeve,3/4 Sleeve,Unknown,40,38
062-01,Anjali,Mokosh,Ethnic,Peplum KSD Set,Unknown,Peplum Kurti,Dyed,Rose Pink,Silk,Coding + Multi,Sharara,Dyed,Rose Pink,Silk,Coding + Multi,Not Applied,V Neck,Flared Sleeve,3/4 Sleeve,Unknown,30,40
062-02,Anjali,Mokosh,Ethnic,Peplum KSD Set,Unknown,Peplum Kurti,Dyed,Chocolate Brown,Silk,Coding + Multi,Sharara,Dyed,Chocolate Brown,Silk,Coding + Multi,Not Applied,V Neck,Flared Sleeve,3/4 Sleeve,Unknown,30,40
062-03,Anjali,Mokosh,Ethnic,Peplum KSD Set,Unknown,Peplum Kurti,Dyed,Teal Blue,Silk,Coding + Multi,Sharara,Dyed,Teal Blue,Silk,Coding + Multi,Not Applied,V Neck,Flared Sleeve,3/4 Sleeve,Unknown,30,40
062-04,Anjali,Mokosh,Ethnic,Peplum KSD Set,Unknown,Peplum Kurti,Dyed,Apple Green,Silk,Coding + Multi,Sharara,Dyed,Apple Green,Silk,Coding + Multi,Not Applied,V Neck,Flared Sleeve,3/4 Sleeve,Unknown,30,40
063-01,Anjali,C.O.E,Ethnic,Peplum KSD Set,Unknown,Peplum Kurti,Dyed,Royal Blue,Silk,Beads,Palazzo,Dyed,Royal Blue,Silk,Not_Applied,Not Applied,Sweetheart Neck,Regular sleeves,Short Sleeve,Unknown,30,40
063-02,Anjali,C.O.E,Ethnic,Peplum KSD Set,Unknown,Peplum Kurti,Dyed,Rust,Silk,Beads,Palazzo,Dyed,Rust,Silk,Not_Applied,Not Applied,Sweetheart Neck,Regular sleeves,Short Sleeve,Unknown,30,40
063-03,Anjali,C.O.E,Ethnic,Peplum KSD Set,Unknown,Peplum Kurti,Dyed,Chocolate Brown,Silk,Beads,Palazzo,Dyed,Chocolate Brown,Silk,Not_Applied,Not Applied,Sweetheart Neck,Regular sleeves,Short Sleeve,Unknown,30,40
063-04,Anjali,C.O.E,Ethnic,Peplum KSD Set,Unknown,Peplum Kurti,Dyed,Golden,Silk,Beads,Palazzo,Dyed,Golden,Silk,Not_Applied,Not Applied,Sweetheart Neck,Regular sleeves,Short Sleeve,Unknown,30,40
064-01,Anjali,Mokosh,Ethnic,Short Kurta Palazzo KPD Set,Unknown,Short Kurti,Dyed,Peach,Silk,Coding + Multi,Palazzo,Dyed,Peach,Silk,Not_Applied,Not Applied,Sweetheart Neck,Flared Sleeve,3/4 Sleeve,Unknown,32,40
064-02,Anjali,Mokosh,Ethnic,Short Kurta Palazzo KPD Set,Unknown,Short Kurti,Dyed,Neon,Silk,Coding + Multi,Palazzo,Dyed,Neon,Silk,Not_Applied,Not Applied,Sweetheart Neck,Flared Sleeve,3/4 Sleeve,Unknown,32,40
064-03,Anjali,Mokosh,Ethnic,Short Kurta Palazzo KPD Set,Unknown,Short Kurti,Dyed,Maroon,Silk,Coding + Multi,Palazzo,Dyed,Maroon,Silk,Not_Applied,Not Applied,Sweetheart Neck,Flared Sleeve,3/4 Sleeve,Unknown,32,40
064-04,Anjali,Mokosh,Ethnic,Short Kurta Palazzo KPD Set,Unknown,Short Kurti,Dyed,Blue,Silk,Coding + Multi,Palazzo,Dyed,Blue,Silk,Not_Applied,Not Applied,Sweetheart Neck,Flared Sleeve,3/4 Sleeve,Unknown,32,40
065-01,Anjali,Mokosh,Indowestern,Waistcoat Palazzo Set,Unknown,Waistcoat,Dyed,Pista Green,Silk,Mirror +Coding + Sequence,Palazzo,Dyed,Pista Green,Silk,Not_Applied,Not Applied,V Neck,Not Applied,Sleeve less,Unknown,26,40
065-02,Anjali,Mokosh,Indowestern,Waistcoat Palazzo Set,Unknown,Waistcoat,Dyed,Brown,Silk,Mirror +Coding + Sequence,Palazzo,Dyed,Brown,Silk,Not_Applied,Not Applied,V Neck,Not Applied,Sleeve less,Unknown,26,40
065-03,Anjali,Mokosh,Indowestern,Waistcoat Palazzo Set,Unknown,Waistcoat,Dyed,Violet,Silk,Mirror +Coding + Sequence,Palazzo,Dyed,Violet,Silk,Not_Applied,Not Applied,V Neck,Not Applied,Sleeve less,Unknown,26,40
065-04,Anjali,Mokosh,Indowestern,Waistcoat Palazzo Set,Unknown,Waistcoat,Dyed,Pink,Silk,Mirror +Coding + Sequence,Palazzo,Dyed,Pink,Silk,Not_Applied,Not Applied,V Neck,Not Applied,Sleeve less,Unknown,26,40
066-01,Anjali,Mokosh,Ethnic,Anarkali KPD Set,Unknown,Anarkali,Dyed,Coffee,Silk,Coding + Sequence,Palazzo,Dyed,Coffee,Silk,Not_Applied,Not Applied,Queen Anne,bangle sleeve,Full Sleeve,Unknown,50,38
066-02,Anjali,Mokosh,Ethnic,Anarkali KPD Set,Unknown,Anarkali,Dyed,Neon,Silk,Coding + Sequence,Palazzo,Dyed,Neon,Silk,Not_Applied,Not Applied,Queen Anne,bangle sleeve,Full Sleeve,Unknown,50,38
066-03,Anjali,Mokosh,Ethnic,Anarkali KPD Set,Unknown,Anarkali,Dyed,Neon Orange,Silk,Coding + Sequence,Palazzo,Dyed,Neon Orange,Silk,Not_Applied,Not Applied,Queen Anne,bangle sleeve,Full Sleeve,Unknown,50,38
066-04,Anjali,Mokosh,Ethnic,Anarkali KPD Set,Unknown,Anarkali,Dyed,Neon Blue,Silk,Coding + Sequence,Palazzo,Dyed,Neon Blue,Silk,Not_Applied,Not Applied,Queen Anne,bangle sleeve,Full Sleeve,Unknown,50,38
067-01,Anjali,Mokosh,Indowestern,Top Bottom Shrug,Unknown, Spaghetti ,Dyed,Berry,Silk,Beads,Palazzo,Dyed,Berry,Silk,Not_Applied,Not Applied,Collar neck,Not Applied,Sleeve less,Unknown,26,40
067-02,Anjali,Mokosh,Indowestern,Top Bottom Shrug,Unknown, Spaghetti ,Dyed,Pearl,Silk,Beads,Palazzo,Dyed,Pearl,Silk,Not_Applied,Not Applied,Collar neck,Not Applied,Sleeve less,Unknown,26,40
067-03,Anjali,Mokosh,Indowestern,Top Bottom Shrug,Unknown, Spaghetti ,Dyed,Neon,Silk,Beads,Palazzo,Dyed,Neon,Silk,Not_Applied,Not Applied,Collar neck,Not Applied,Sleeve less,Unknown,26,40
068-01,Anjali,Mokosh,Ethnic,Anarkali KPD Set,Unknown,Anarkali,Dyed,Coffee,Silk,Coding + Sequence,Palazzo,Dyed,Coffee,Silk,Not_Applied,Not Applied,Sweetheart Neck,Flared Sleeve,3/4 Sleeve,Unknown,44,40
068-02,Anjali,Mokosh,Ethnic,Anarkali KPD Set,Unknown,Anarkali,Dyed,Royal Blue,Silk,Coding + Sequence,Palazzo,Dyed,Royal Blue,Silk,Not_Applied,Not Applied,Sweetheart Neck,Flared Sleeve,3/4 Sleeve,Unknown,44,40
068-03,Anjali,Mokosh,Ethnic,Anarkali KPD Set,Unknown,Anarkali,Dyed,Violet Blue,Silk,Coding + Sequence,Palazzo,Dyed,Violet Blue,Silk,Not_Applied,Not Applied,Sweetheart Neck,Flared Sleeve,3/4 Sleeve,Unknown,44,40
068-04,Anjali,Mokosh,Ethnic,Anarkali KPD Set,Unknown,Anarkali,Dyed,Cherry,Silk,Coding + Sequence,Palazzo,Dyed,Cherry,Silk,Not_Applied,Not Applied,Sweetheart Neck,Flared Sleeve,3/4 Sleeve,Unknown,44,40
069-01,Anjali,Mokosh,Ethnic,Anarkali KPD Set,Unknown,Anarkali,Dyed,Violet,Silk,Coding + Sequence,Palazzo,Dyed,Violet,Silk,Not_Applied,Not Applied,V Neck,Regular sleeves,Short Sleeve,Unknown,50,38
069-02,Anjali,Mokosh,Ethnic,Anarkali KPD Set,Unknown,Anarkali,Dyed,Green,Silk,Coding + Sequence,Palazzo,Dyed,Green,Silk,Not_Applied,Not Applied,V Neck,Regular sleeves,Short Sleeve,Unknown,50,38
069-03,Anjali,Mokosh,Ethnic,Anarkali KPD Set,Unknown,Anarkali,Dyed,Copper,Silk,Coding + Sequence,Palazzo,Dyed,Copper,Silk,Not_Applied,Not Applied,V Neck,Regular sleeves,Short Sleeve,Unknown,50,38
070-01,Anjali,Mokosh,Ethnic,Short Kurta Palazzo KPD Set,Unknown,Short Kurti,Dyed,Green,Silk,Coding + Multi,Palazzo,Dyed,Green,Silk,Coding + Multi,Not Applied,V Neck,Flared Sleeve,3/4 Sleeve,Unknown,32,38
070-02,Anjali,Mokosh,Ethnic,Short Kurta Palazzo KPD Set,Unknown,Short Kurti,Dyed,Cream,Silk,Coding + Multi,Palazzo,Dyed,Cream,Silk,Coding + Multi,Not Applied,V Neck,Flared Sleeve,3/4 Sleeve,Unknown,32,38
070-03,Anjali,Mokosh,Ethnic,Short Kurta Palazzo KPD Set,Unknown,Short Kurti,Dyed,Yellow,Silk,Coding + Multi,Palazzo,Dyed,Yellow,Silk,Coding + Multi,Not Applied,V Neck,Flared Sleeve,3/4 Sleeve,Unknown,32,38
071-01,Anjali,Mokosh,Ethnic,Short Kurta Palazzo KPD Set,Unknown,Short Kurti,Dyed,Coffee,Silk,Coding + Sequence,Palazzo,Dyed,Coffee,Silk,Coding + Sequence,Not Applied,Square Neck,Flared Sleeve,3/4 Sleeve,Unknown,32,40
071-02,Anjali,Mokosh,Ethnic,Short Kurta Palazzo KPD Set,Unknown,Short Kurti,Dyed,Orange,Silk,Coding + Sequence,Palazzo,Dyed,Orange,Silk,Coding + Sequence,Not Applied,Square Neck,Flared Sleeve,3/4 Sleeve,Unknown,32,40
071-03,Anjali,Mokosh,Ethnic,Short Kurta Palazzo KPD Set,Unknown,Short Kurti,Dyed,Mehendi Green,Silk,Coding + Sequence,Palazzo,Dyed,Mehendi Green,Silk,Coding + Sequence,Not Applied,Square Neck,Flared Sleeve,3/4 Sleeve,Unknown,32,40
071-04,Anjali,Mokosh,Ethnic,Short Kurta Palazzo KPD Set,Unknown,Short Kurti,Dyed,Neon Blue,Silk,Coding + Sequence,Palazzo,Dyed,Neon Blue,Silk,Coding + Sequence,Not Applied,Square Neck,Flared Sleeve,3/4 Sleeve,Unknown,32,40
072-01,Anjali,Mokosh,Ethnic,Anarkali KPD Set,Unknown,Anarkali,Dyed,Grey,Silk,Coding + Sequence,Pant,Dyed,Grey,Silk,Not_Applied,Not Applied,Round,Regular sleeves,Full Sleeve,Unknown,50,38
072-02,Anjali,Mokosh,Ethnic,Anarkali KPD Set,Unknown,Anarkali,Dyed,Violet,Silk,Coding + Sequence,Pant,Dyed,Violet,Silk,Not_Applied,Not Applied,Round,Regular sleeves,Full Sleeve,Unknown,50,38
072-03,Anjali,Mokosh,Ethnic,Anarkali KPD Set,Unknown,Anarkali,Dyed,Royal Blue,Silk,Coding + Sequence,Pant,Dyed,Royal Blue,Silk,Not_Applied,Not Applied,Round,Regular sleeves,Full Sleeve,Unknown,50,38
072-04,Anjali,Mokosh,Ethnic,Anarkali KPD Set,Unknown,Anarkali,Dyed,Red,Silk,Coding + Sequence,Pant,Dyed,Red,Silk,Not_Applied,Not Applied,Round,Regular sleeves,Full Sleeve,Unknown,50,38
073-01,Anjali,Mokosh,Ethnic,Short Kurta Farsi KP Set,Unknown,Short Kurti,Dyed,Elaichi,Silk,Multi,Farsi,Dyed,Elaichi,Silk,Multi,Not Applied,Sweetheart Neck,Flared Sleeve,3/4 Sleeve,Unknown,32,40
073-02,Anjali,Mokosh,Ethnic,Short Kurta Farsi KP Set,Unknown,Short Kurti,Dyed,Pearl,Silk,Multi,Farsi,Dyed,Pearl,Silk,Multi,Not Applied,Sweetheart Neck,Flared Sleeve,3/4 Sleeve,Unknown,32,40
073-03,Anjali,Mokosh,Ethnic,Short Kurta Farsi KP Set,Unknown,Short Kurti,Dyed,Lemon Yellow,Silk,Multi,Farsi,Dyed,Lemon Yellow,Silk,Multi,Not Applied,Sweetheart Neck,Flared Sleeve,3/4 Sleeve,Unknown,32,40
074-01,Anjali,Mokosh,Ethnic,A-Line KP set,Unknown,Kurta,Print,Red,Silk,Beads,Palazzo,Dyed,Red,Silk,Not_Applied,Bandhni,Round,Flared Sleeve,3/4 Sleeve,Unknown,46,38
074-02,Anjali,Mokosh,Ethnic,A-Line KP set,Unknown,Kurta,Print,Rani,Silk,Beads,Palazzo,Dyed,Rani,Silk,Not_Applied,Bandhni,Round,Flared Sleeve,3/4 Sleeve,Unknown,46,38
074-03,Anjali,Mokosh,Ethnic,A-Line KP set,Unknown,Kurta,Print,Violet,Silk,Beads,Palazzo,Dyed,Violet,Silk,Not_Applied,Bandhni,Round,Flared Sleeve,3/4 Sleeve,Unknown,46,38
074-04,Anjali,Mokosh,Ethnic,A-Line KP set,Unknown,Kurta,Print,Mint Green,Silk,Beads,Palazzo,Dyed,Mint Green,Silk,Not_Applied,Bandhni,Round,Flared Sleeve,3/4 Sleeve,Unknown,46,38
075-01,Anjali,C.O.E,Indowestern,Top Bottom Shrug,Unknown,Shrug+ Spaghetti ,Dyed,Golden,Silk,Beads,Palazzo,Dyed,Golden,Silk,Not_Applied,Not Applied,V Neck,Down shoulder sleeve,Short Sleeve,Unknown,44,40
075-02,Anjali,C.O.E,Indowestern,Top Bottom Shrug,Unknown,Shrug+ Spaghetti ,Dyed,Royal Blue,Silk,Beads,Palazzo,Dyed,Royal Blue,Silk,Not_Applied,Not Applied,V Neck,Down shoulder sleeve,Short Sleeve,Unknown,44,40
075-03,Anjali,C.O.E,Indowestern,Top Bottom Shrug,Unknown,Shrug+ Spaghetti ,Dyed,Chocolate Brown,Silk,Beads,Palazzo,Dyed,Chocolate Brown,Silk,Not_Applied,Not Applied,V Neck,Down shoulder sleeve,Short Sleeve,Unknown,44,40
076-01,Anjali,Mokosh,Ethnic,Anarkali KPD Set,Unknown,Anarkali,Dyed,Rust,Silk,Coding + Multi,Palazzo,Dyed,Rust,Silk,Not_Applied,Not Applied,Round,Regular sleeves,3/4 Sleeve,Unknown,42,40
076-02,Anjali,Mokosh,Ethnic,Anarkali KPD Set,Unknown,Anarkali,Dyed,Coffee,Silk,Coding + Multi,Palazzo,Dyed,Coffee,Silk,Not_Applied,Not Applied,Round,Regular sleeves,3/4 Sleeve,Unknown,42,40
076-03,Anjali,Mokosh,Ethnic,Anarkali KPD Set,Unknown,Anarkali,Dyed,Off White,Silk,Coding + Multi,Palazzo,Dyed,Off White,Silk,Not_Applied,Not Applied,Round,Regular sleeves,3/4 Sleeve,Unknown,42,40
076-04,Anjali,Mokosh,Ethnic,Anarkali KPD Set,Unknown,Anarkali,Dyed,Violet Blue,Silk,Coding + Multi,Palazzo,Dyed,Violet Blue,Silk,Not_Applied,Not Applied,Round,Regular sleeves,3/4 Sleeve,Unknown,42,40
077-01,Anjali,Mokosh,Ethnic,Anarkali KPD Set,Unknown,Anarkali,Dyed,Neon Yellow,Silk,Mirror +Coding + Sequence,Sharara,Dyed,Neon Yellow,Silk,MIRROR +Coding + Sequence,Not Applied,V Neck,Flared Sleeve,3/4 Sleeve,Unknown,30,40
077-02,Anjali,Mokosh,Ethnic,Anarkali KPD Set,Unknown,Anarkali,Dyed,Purple,Silk,Mirror +Coding + Sequence,Sharara,Dyed,Purple,Silk,MIRROR +Coding + Sequence,Not Applied,V Neck,Flared Sleeve,3/4 Sleeve,Unknown,30,40
077-03,Anjali,Mokosh,Ethnic,Anarkali KPD Set,Unknown,Anarkali,Dyed,Pink,Silk,Mirror +Coding + Sequence,Sharara,Dyed,Pink,Silk,MIRROR +Coding + Sequence,Not Applied,V Neck,Flared Sleeve,3/4 Sleeve,Unknown,30,40
077-04,Anjali,Mokosh,Ethnic,Anarkali KPD Set,Unknown,Anarkali,Dyed,Parrot Green,Silk,Mirror +Coding + Sequence,Sharara,Dyed,Parrot Green,Silk,MIRROR +Coding + Sequence,Not Applied,V Neck,Flared Sleeve,3/4 Sleeve,Unknown,30,40
078-01,Anjali,Mokosh,Indowestern,Kaftan Palazzo Set,Unknown, Spaghetti ,Dyed,Orange,Silk,Beads,Palazzo,Dyed,Orange,Silk,Not_Applied,Not Applied,Sweetheart Neck,Down shoulder sleeve,3/4 Sleeve,Unknown,46,38
078-02,Anjali,Mokosh,Indowestern,Kaftan Palazzo Set,Unknown, Spaghetti ,Dyed,Royal Blue,Silk,Beads,Palazzo,Dyed,Royal Blue,Silk,Not_Applied,Not Applied,Sweetheart Neck,Down shoulder sleeve,3/4 Sleeve,Unknown,46,38
078-03,Anjali,Mokosh,Indowestern,Kaftan Palazzo Set,Unknown, Spaghetti ,Dyed,Neon Green,Silk,Beads,Palazzo,Dyed,Neon Green,Silk,Not_Applied,Not Applied,Sweetheart Neck,Down shoulder sleeve,3/4 Sleeve,Unknown,46,38
079-01,Anjali,Mokosh,Indowestern,Anarkali KPD Set,Unknown, Spaghetti ,Dyed,Red,Silk,Coding + Sequence,Lehenga,Dyed,Red,Silk,Not_Applied,Not Applied,Sweetheart Neck,Not Applied,Sleeve less,Unknown,19,43
079-02,Anjali,Mokosh,Indowestern,Kaftan Palazzo Set,Unknown, Spaghetti ,Dyed,Orange,Silk,Coding + Sequence,Lehenga,Dyed,Orange,Silk,Not_Applied,Not Applied,Sweetheart Neck,Not Applied,Sleeve less,Unknown,19,43
079-03,Anjali,Mokosh,Indowestern,Anarkali KPD Set,Unknown, Spaghetti ,Dyed,Coffee,Silk,Coding + Sequence,Lehenga,Dyed,Coffee,Silk,Not_Applied,Not Applied,Sweetheart Neck,Not Applied,Sleeve less,Unknown,19,43
080-01,Anjali,Mokosh,Ethnic,Anarkali KPD Set,Unknown,Anarkali,Dyed,Royal Blue,Silk,Beads,Palazzo,Dyed,Royal Blue,Silk,Not_Applied,Not Applied,Round,bangle sleeve,Full Sleeve,Unknown,50,38
080-02,Anjali,Mokosh,Ethnic,Anarkali KPD Set,Unknown,Anarkali,Dyed,Orange,Silk,Beads,Palazzo,Dyed,Orange,Silk,Not_Applied,Not Applied,Round,bangle sleeve,Full Sleeve,Unknown,50,38
080-03,Anjali,Mokosh,Ethnic,Anarkali KPD Set,Unknown,Anarkali,Dyed,Coffee,Silk,Beads,Palazzo,Dyed,Coffee,Silk,Not_Applied,Not Applied,Round,bangle sleeve,Full Sleeve,Unknown,50,38
080-04,Anjali,Mokosh,Ethnic,Anarkali KPD Set,Unknown,Anarkali,Dyed,Royal Blue,Silk,Beads,Palazzo,Dyed,Royal Blue,Silk,Not_Applied,Not Applied,Round,bangle sleeve,Full Sleeve,Unknown,50,38
081-01,Anjali,Mokosh,Ethnic,Short Kurta Farsi KP Set,Unknown,Short Kurti,Dyed,Red,Silk,Coding + Sequence,Farsi,Print,Red,Silk,Coding + Sequence,Not Applied,Sweetheart Neck,Flared Sleeve,3/4 Sleeve,Unknown,32,41
081-02,Anjali,Mokosh,Ethnic,Short Kurta Farsi KP Set,Unknown,Short Kurti,Dyed,Royal Blue,Silk,Coding + Sequence,Farsi,Print,Royal Blue,Silk,Coding + Sequence,Not Applied,Sweetheart Neck,Flared Sleeve,3/4 Sleeve,Unknown,32,41
081-03,Anjali,Mokosh,Ethnic,Short Kurta Farsi KP Set,Unknown,Short Kurti,Dyed,Neon,Silk,Coding + Sequence,Farsi,Print,Neon,Silk,Coding + Sequence,Not Applied,Sweetheart Neck,Flared Sleeve,3/4 Sleeve,Unknown,32,41
082-01,Anjali,Mokosh,Ethnic,Anarkali KPD Set,Unknown,Anarkali,Dyed,Chocolate Brown,Silk,Beads,Palazzo,Dyed,Chocolate Brown,Silk,Not_Applied,Not Applied,Square Neck,Flared Sleeve,3/4 Sleeve,Unknown,50,38
082-02,Anjali,Mokosh,Ethnic,Anarkali KPD Set,Unknown,Anarkali,Dyed,Rose Pink,Silk,Beads,Palazzo,Dyed,Rose Pink,Silk,Not_Applied,Not Applied,Square Neck,Flared Sleeve,3/4 Sleeve,Unknown,50,38
082-03,Anjali,Mokosh,Ethnic,Anarkali KPD Set,Unknown,Anarkali,Dyed,Rust,Silk,Beads,Palazzo,Dyed,Rust,Silk,Not_Applied,Not Applied,Square Neck,Flared Sleeve,3/4 Sleeve,Unknown,50,38
082-04,Anjali,Mokosh,Ethnic,Anarkali KPD Set,Unknown,Anarkali,Dyed,Royal Blue,Silk,Beads,Palazzo,Dyed,Royal Blue,Silk,Not_Applied,Not Applied,Square Neck,Flared Sleeve,3/4 Sleeve,Unknown,50,38
083-01,Anjali,Mokosh,Indowestern,Top Bottom Shrug,Unknown, Spaghetti ,Dyed,Pink,Silk,Coding + Sequence,Palazzo,Dyed,Pink,Silk,Not_Applied,Not Applied,V Neck,Not Applied,Sleeve less,Unknown,43,40
083-02,Anjali,Mokosh,Indowestern,Top Bottom Shrug,Unknown, Spaghetti ,Dyed,Light Brown,Silk,Coding + Sequence,Palazzo,Dyed,Light Brown,Silk,Not_Applied,Not Applied,V Neck,Not Applied,Sleeve less,Unknown,43,40
083-03,Anjali,Mokosh,Indowestern,Top Bottom Shrug,Unknown, Spaghetti ,Dyed,Neon,Silk,Coding + Sequence,Palazzo,Dyed,Neon,Silk,Not_Applied,Not Applied,V Neck,Not Applied,Sleeve less,Unknown,43,40
084-01,Anjali,Mokosh,Indowestern,Jumpsuit,Unknown,Jumpsuit,Dyed,Red,Silk,Beads,Not Applied,Dyed,Red,Not Applied,Not_Applied,Not Applied,V Neck,Not Applied,Sleeve less,Unknown,57,0
084-02,Anjali,Mokosh,Indowestern,Jumpsuit,Unknown,Jumpsuit,Dyed,Green,Silk,Beads,Not Applied,Dyed,Green,Not Applied,Not_Applied,Not Applied,V Neck,Not Applied,Sleeve less,Unknown,57,0
084-03,Anjali,Mokosh,Indowestern,Jumpsuit,Unknown,Jumpsuit,Dyed,Orange,Silk,Beads,Not Applied,Dyed,Orange,Not Applied,Not_Applied,Not Applied,V Neck,Not Applied,Sleeve less,Unknown,57,0
085-01,Anjali,Mokosh,Ethnic,Anarkali KPD Set,Unknown,Anarkali,Dyed,Royal Blue,Silk,Coding + Sequence,Pant,Dyed,Royal Blue,Silk,Not_Applied,Not Applied,Round,Regular sleeves,Full Sleeve,Unknown,50,38
085-02,Anjali,Mokosh,Ethnic,Anarkali KPD Set,Unknown,Anarkali,Dyed,Mehendi Green,Silk,Coding + Sequence,Pant,Dyed,Mehendi Green,Silk,Not_Applied,Not Applied,Round,Regular sleeves,Full Sleeve,Unknown,50,38
085-03,Anjali,Mokosh,Ethnic,Anarkali KPD Set,Unknown,Anarkali,Dyed,Butter Yellow,Silk,Coding + Sequence,Pant,Dyed,Butter Yellow,Silk,Not_Applied,Not Applied,Round,Regular sleeves,Full Sleeve,Unknown,50,38
086-01,Anjali,Mokosh,Ethnic,Anarkali KPD Set,Unknown,Anarkali,Dyed,Chocolate Brown,Silk,Coding + Sequence,Palazzo,Dyed,Chocolate Brown,Silk,Not_Applied,Not Applied,Boat Neck,Regular sleeves,Full Sleeve,Unknown,50,38
086-02,Anjali,Mokosh,Ethnic,Anarkali KPD Set,Unknown,Anarkali,Dyed,Rose Pink,Silk,Coding + Sequence,Palazzo,Dyed,Rose Pink,Silk,Not_Applied,Not Applied,Boat Neck,Regular sleeves,Full Sleeve,Unknown,50,38
086-03,Anjali,Mokosh,Ethnic,Anarkali KPD Set,Unknown,Anarkali,Dyed,Rust,Silk,Coding + Sequence,Palazzo,Dyed,Rust,Silk,Not_Applied,Not Applied,Boat Neck,Regular sleeves,Full Sleeve,Unknown,50,38
086-04,Anjali,Mokosh,Ethnic,Anarkali KPD Set,Unknown,Anarkali,Dyed,Royal Blue,Silk,Coding + Sequence,Palazzo,Dyed,Royal Blue,Silk,Not_Applied,Not Applied,Boat Neck,Regular sleeves,Full Sleeve,Unknown,50,38
087-01,Anjali,Mokosh,Indowestern,Gown,Unknown,Anarkali,Dyed,Chocolate Brown,Silk,Beads,Not Applied,Dyed,Chocolate Brown,Silk,Not_Applied,Not Applied,V Neck,Not Applied,Sleeve less,Unknown,56,0
087-02,Anjali,Mokosh,Indowestern,Gown,Unknown,Anarkali,Dyed,Rose Pink,Silk,Beads,Not Applied,Dyed,Rose Pink,Silk,Not_Applied,Not Applied,V Neck,Not Applied,Sleeve less,Unknown,56,0
087-03,Anjali,Mokosh,Indowestern,Gown,Unknown,Anarkali,Dyed,Rust,Silk,Beads,Not Applied,Dyed,Rust,Silk,Not_Applied,Not Applied,V Neck,Not Applied,Sleeve less,Unknown,56,0
088-01,Anjali,Mokosh,Indowestern,2PC KP Set,Unknown,Anarkali,Dyed,Chocolate Brown,Silk,Beads,Palazzo,Dyed,Chocolate Brown,Silk,Not_Applied,Not Applied,V Neck,Not Applied,Sleeve less,Unknown,50,40
088-02,Anjali,Mokosh,Indowestern,2PC KP Set,Unknown,Anarkali,Dyed,Rose Pink,Silk,Beads,Palazzo,Dyed,Rose Pink,Silk,Not_Applied,Not Applied,V Neck,Not Applied,Sleeve less,Unknown,50,40
089-01,Anjali,Mokosh,Ethnic,Anarkali KPD Set,Unknown,Anarkali,Dyed,Chocolate Brown,Silk,Coding + Sequence,Palazzo,Dyed,Chocolate Brown,Silk,Not_Applied,Not Applied,Round,Flared Sleeve,3/4 Sleeve,Unknown,50,38
089-02,Anjali,Mokosh,Ethnic,Anarkali KPD Set,Unknown,Anarkali,Dyed,Rose Pink,Silk,Coding + Sequence,Palazzo,Dyed,Rose Pink,Silk,Not_Applied,Not Applied,Round,Flared Sleeve,3/4 Sleeve,Unknown,50,38
089-03,Anjali,Mokosh,Ethnic,Anarkali KPD Set,Unknown,Anarkali,Dyed,Rust,Silk,Coding + Sequence,Palazzo,Dyed,Rust,Silk,Not_Applied,Not Applied,Round,Flared Sleeve,3/4 Sleeve,Unknown,50,38
089-04,Anjali,Mokosh,Ethnic,Anarkali KPD Set,Unknown,Anarkali,Dyed,Royal Blue,Silk,Coding + Sequence,Palazzo,Dyed,Royal Blue,Silk,Not_Applied,Not Applied,Round,Flared Sleeve,3/4 Sleeve,Unknown,50,38
090-01,Anjali,Mokosh,Ethnic,Anarkali KPD Set,Unknown,Anarkali,Dyed,Teal blue,Silk,Coding + Sequence,Pant,Dyed,Teal blue,Silk,Not_Applied,Not Applied,Sweetheart Neck,Regular sleeves,Full Sleeve,Unknown,50,38
090-02,Anjali,Mokosh,Ethnic,Anarkali KPD Set,Unknown,Anarkali,Dyed,Cherry,Silk,Coding + Sequence,Pant,Dyed,Cherry,Silk,Not_Applied,Not Applied,Sweetheart Neck,Regular sleeves,Full Sleeve,Unknown,50,38
090-03,Anjali,Mokosh,Ethnic,Anarkali KPD Set,Unknown,Anarkali,Dyed,Matcha Green,Silk,Coding + Sequence,Pant,Dyed,Matcha Green,Silk,Not_Applied,Not Applied,Sweetheart Neck,Regular sleeves,Full Sleeve,Unknown,50,38
090-04,Anjali,Mokosh,Ethnic,Anarkali KPD Set,Unknown,Anarkali,Dyed,Dark Coffee,Silk,Coding + Sequence,Pant,Dyed,Dark Coffee,Silk,Not_Applied,Not Applied,Sweetheart Neck,Regular sleeves,Full Sleeve,Unknown,50,38
091-01,Anjali,Mokosh,Ethnic,Anarkali KPD Set,Unknown,Anarkali,Dyed,Berry,Silk,Coding + Sequence,Pant,Dyed,Berry,Silk,Not_Applied,Not Applied,Round,Flared Sleeve,3/4 Sleeve,Unknown,50,38
091-02,Anjali,Mokosh,Ethnic,Anarkali KPD Set,Unknown,Anarkali,Dyed,Red,Silk,Coding + Sequence,Pant,Dyed,Red,Silk,Not_Applied,Not Applied,Round,Flared Sleeve,3/4 Sleeve,Unknown,50,38
091-03,Anjali,Mokosh,Ethnic,Anarkali KPD Set,Unknown,Anarkali,Dyed,Coffee,Silk,Coding + Sequence,Pant,Dyed,Coffee,Silk,Not_Applied,Not Applied,Round,Flared Sleeve,3/4 Sleeve,Unknown,50,38
091-04,Anjali,Mokosh,Ethnic,Anarkali KPD Set,Unknown,Anarkali,Dyed,Royal Blue,Silk,Coding + Sequence,Pant,Dyed,Royal Blue,Silk,Not_Applied,Not Applied,Round,Flared Sleeve,3/4 Sleeve,Unknown,50,38
092-01,Anjali,Mokosh,Ethnic,Anarkali KPD Set,Unknown,Anarkali,Dyed,Mehendi Green,Silk,Coding + Sequence,Pant,Unknown,Mehendi Green,Silk,Not_Applied,Not Applied,Sweetheart Neck,Regular sleeves,Full Sleeve,Unknown,50,38
092-02,Anjali,Mokosh,Ethnic,Anarkali KPD Set,Unknown,Anarkali,Dyed,Teal Blue,Silk,Coding + Sequence,Pant,Unknown,Teal Blue,Silk,Not_Applied,Not Applied,Sweetheart Neck,Regular sleeves,Full Sleeve,Unknown,50,38
092-03,Anjali,Mokosh,Ethnic,Anarkali KPD Set,Unknown,Anarkali,Dyed,Butter Yellow,Silk,Coding + Sequence,Pant,Unknown,Butter Yellow,Silk,Not_Applied,Not Applied,Sweetheart Neck,Regular sleeves,Full Sleeve,Unknown,50,38
092-04,Anjali,Mokosh,Ethnic,Anarkali KPD Set,Unknown,Anarkali,Dyed,Coffee,Silk,Coding + Sequence,Pant,Unknown,Coffee,Silk,Not_Applied,Not Applied,Sweetheart Neck,Regular sleeves,Full Sleeve,Unknown,50,38
093-01,Anjali,Mokosh,Ethnic,Anarkali KPD Set,Unknown,Anarkali,Dyed,Berry(Aqua Blue),Silk,Coding + Multi,Pant,Unknown,Berry ,Silk,Not_Applied,Not Applied,V Neck,Regular sleeves,Full Sleeve,Unknown,50,40
093-02,Anjali,Mokosh,Ethnic,Anarkali KPD Set,Unknown,Anarkali,Dyed,Rose Pink (light Green),Silk,Coding + Multi,Palazzo,Unknown,Rose Pink ,Silk,Not_Applied,Not Applied,V Neck,Regular sleeves,Full Sleeve,Unknown,50,40
093-03,Anjali,Mokosh,Ethnic,Anarkali KPD Set,Unknown,Anarkali,Dyed,Chocolate Brown(Butter Yellow),Silk,Coding + Multi,Palazzo,Unknown,Chocolate brown,Silk,Not_Applied,Not Applied,V Neck,Regular sleeves,Full Sleeve,Unknown,50,40
093-04,Anjali,Mokosh,Ethnic,Anarkali KPD Set,Unknown,Anarkali,Dyed,Butter Yellow (Carrot Pink),Silk,Coding + Multi,Palazzo,Unknown,Butter Yellow,Silk,Not_Applied,Not Applied,V Neck,Regular sleeves,Full Sleeve,Unknown,50,40
094-01,Anjali,Mokosh,Ethnic,Anarkali KPD Set,Unknown,Anarkali,Dyed,Pink,Silk,Coding + Sequence,Pant,Unknown,Pink,Silk,Not_Applied,Not Applied,Queen Anne,Flared Sleeve,3/4 Sleeve,Unknown,50,38
094-02,Anjali,Mokosh,Ethnic,Anarkali KPD Set,Unknown,Anarkali,Dyed,Violet blue,Silk,Coding + Sequence,Pant,Unknown,Violet blue,Silk,Not_Applied,Not Applied,Queen Anne,Flared Sleeve,3/4 Sleeve,Unknown,50,38
094-03,Anjali,Mokosh,Ethnic,Anarkali KPD Set,Unknown,Anarkali,Dyed,Red,Silk,Coding + Sequence,Pant,Unknown,Red,Silk,Not_Applied,Not Applied,Queen Anne,Flared Sleeve,3/4 Sleeve,Unknown,50,38
094-04,Anjali,Mokosh,Ethnic,Anarkali KPD Set,Unknown,Anarkali,Dyed,Rust,Silk,Coding + Sequence,Pant,Unknown,Rust,Unknown,Not_Applied,Not Applied,Queen Anne,Flared Sleeve,3/4 Sleeve,Unknown,50,38
095-01,Anjali,Mokosh,Ethnic,Anarkali  Farsi  KP Set,Unknown,Anarkali,Dyed,Violet,Velvet,Coding + Multi,Farsi,Unknown,Turkish Blue,Velvet,Coding + Multi,Not Applied,Sweetheart Neck,Flared Sleeve,3/4 Sleeve,Unknown,34,41
095-02,Anjali,Mokosh,Ethnic,Anarkali  Farsi  KP Set,Unknown,Anarkali,Dyed,Coffee,Velvet,Coding + Multi,Farsi,Unknown,Golden,Velvet,Coding + Multi,Not Applied,Sweetheart Neck,Flared Sleeve,3/4 Sleeve,Unknown,34,41
095-03,Anjali,Mokosh,Ethnic,Anarkali  Farsi  KP Set,Unknown,Anarkali,Dyed,Peacock Blue,Velvet,Coding + Multi,Farsi,Unknown,Wine,Velvet,Coding + Multi,Not Applied,Sweetheart Neck,Flared Sleeve,3/4 Sleeve,Unknown,34,41
096-01,Anjali,Mokosh,Ethnic,Anarkali KPD Set,Unknown,Anarkali,Dyed,Chocolate Brown(Butter Yellow),Silk,Mirror +Coding + Sequence,Pant,Unknown,Chocolate brown,Silk,Not_Applied,Not Applied,Round,Regular sleeves,Full Sleeve,Unknown,50,38
096-02,Anjali,Mokosh,Ethnic,Anarkali KPD Set,Unknown,Anarkali,Dyed,Butter Yellow (Carrot Pink),Silk,Mirror +Coding + Sequence,Pant,Unknown,Butter Yellow,Silk,Not_Applied,Not Applied,Round,Regular sleeves,Full Sleeve,Unknown,50,38
096-03,Anjali,Mokosh,Ethnic,Anarkali KPD Set,Unknown,Anarkali,Dyed,Berry(Aqua Blue),Silk,Mirror +Coding + Sequence,Pant,Unknown,Berry ,Silk,Not_Applied,Not Applied,Round,Regular sleeves,Full Sleeve,Unknown,50,38
096-04,Anjali,Mokosh,Ethnic,Anarkali KPD Set,Unknown,Anarkali,Dyed,Elaichi Green(Light Peach),Silk,Mirror +Coding + Sequence,Pant,Unknown,light Peach,Silk,Not_Applied,Not Applied,Round,Regular sleeves,Full Sleeve,Unknown,50,40
097-01,Anjali,Mokosh,Ethnic,Anarkali KPD Set,Unknown,Anarkali,Dyed,Berry,Silk,Coding + Sequence,Pant,Unknown,Berry,Silk,Not_Applied,Not Applied,Round,Flared Sleeve,3/4 Sleeve,Unknown,50,40
097-02,Anjali,Mokosh,Ethnic,Anarkali KPD Set,Unknown,Anarkali,Dyed,Royal blue,Silk,Coding + Sequence,Pant,Unknown,Royal blue,Silk,Not_Applied,Not Applied,Round,Flared Sleeve,3/4 Sleeve,Unknown,50,38
097-03,Anjali,Mokosh,Ethnic,Anarkali KPD Set,Unknown,Anarkali,Dyed,Coffee,Silk,Coding + Sequence,Pant,Unknown,Coffee,Silk,Not_Applied,Not Applied,Round,Flared Sleeve,3/4 Sleeve,Unknown,50,38
097-04,Anjali,Mokosh,Ethnic,Anarkali KPD Set,Unknown,Anarkali,Dyed,Rust,Silk,Coding + Sequence,Pant,Unknown,Rust,Silk,Not_Applied,Not Applied,Round,Flared Sleeve,3/4 Sleeve,Unknown,50,38
098-01,Anjali,Mokosh,Ethnic,Anarkali KPD Set,Unknown,Anarkali,Dyed,Wine,Velvet,Beads,Palazzo,Unknown,Wine,Velvet,Not_Applied,Not Applied,Round,Flared Sleeve,3/4 Sleeve,Unknown,50,40
098-02,Anjali,Mokosh,Ethnic,Anarkali KPD Set,Unknown,Anarkali,Dyed,Parrot Green,Velvet,Beads,Palazzo,Unknown,Parrot Green,Velvet,Not_Applied,Not Applied,Round,Flared Sleeve,3/4 Sleeve,Unknown,50,40
098-03,Anjali,Mokosh,Ethnic,Anarkali KPD Set,Unknown,Anarkali,Dyed,Coffee,Velvet,Beads,Palazzo,Unknown,Coffee,Velvet,Not_Applied,Not Applied,Round,Flared Sleeve,3/4 Sleeve,Unknown,50,38
098-04,Anjali,Mokosh,Ethnic,Anarkali KPD Set,Unknown,Anarkali,Dyed,Teal Blue,Velvet,Beads,Palazzo,Unknown,Teal Blue,Silk,Not_Applied,Not Applied,Round,Flared Sleeve,3/4 Sleeve,Unknown,50,38
099-01,Anjali,Mokosh,Ethnic,Anarkali KPD Set,Unknown,Anarkali,Dyed,Butter Yellow,Silk,Coding + Sequence,Pant,Unknown,Butter Yellow,Silk,Not_Applied,Not Applied,Sweetheart Neck,Regular sleeves,Full Sleeve,Unknown,50,38
099-02,Anjali,Mokosh,Ethnic,Anarkali KPD Set,Unknown,Anarkali,Dyed,Carrot Pink,Silk,Coding + Sequence,Pant,Unknown,Carrot Pink,Silk,Not_Applied,Not Applied,Sweetheart Neck,Regular sleeves,Full Sleeve,Unknown,50,40
099-03,Anjali,Mokosh,Ethnic,Anarkali KPD Set,Unknown,Anarkali,Dyed,Light Peach,Silk,Coding + Sequence,Pant,Unknown,Light Peach,Silk,Not_Applied,Not Applied,Sweetheart Neck,Regular sleeves,Full Sleeve,Unknown,50,40
099-04,Anjali,Mokosh,Ethnic,Anarkali KPD Set,Unknown,Anarkali,Dyed,Carrot Pink,Silk,Coding + Sequence,Pant,Unknown,Carrot Pink,Silk,Not_Applied,Not Applied,Sweetheart Neck,Regular sleeves,Full Sleeve,Unknown,Unknown,Unknown
310-01,Anjali,J.Turritopsis,Shirt,Unknown,Unknown,Lapel Collor,Print,Green,Poly Rayon,Not Applied,Unknown,Unknown,Unknown,Unknown,Unknown,Checkered,Unknown,Unknown,Unknown,Green,23,Unknown
310-02,Anjali,J.Turritopsis,Shirt,Unknown,Unknown,Lapel Collor,Print,Black,Poly Rayon,Not Applied,Unknown,Unknown,Unknown,Unknown,Unknown,Checkered,Unknown,Unknown,Unknown,Black,23,Unknown
310-03,Anjali,J.Turritopsis,Shirt,Unknown,Unknown,Lapel Collor,Print,Red,Poly Rayon,Not Applied,Unknown,Unknown,Unknown,Unknown,Unknown,Checkered,Unknown,Unknown,Unknown,Red,23,Unknown
310-04,Anjali,J.Turritopsis,Shirt,Unknown,Unknown,Lapel Collor,Print,Rama,Poly Rayon,Not Applied,Unknown,Unknown,Unknown,Unknown,Unknown,Checkered,Unknown,Unknown,Unknown,Rama,23,Unknown
311-01,Anjali,J.Turritopsis,Shirt,Unknown,Unknown,Lapel Collor,Print,Sky Blue,Poly Rayon,Not Applied,Unknown,Unknown,Unknown,Unknown,Unknown,Floral print,Unknown,Unknown,Unknown,Blue,23,Unknown
311-02,Anjali,J.Turritopsis,Shirt,Unknown,Unknown,Lapel Collor,Print,Black,Poly Rayon,Not Applied,Unknown,Unknown,Unknown,Unknown,Unknown,Floral print,Unknown,Unknown,Unknown,Black,23,Unknown
311-03,Anjali,J.Turritopsis,Shirt,Unknown,Unknown,Lapel Collor,Print,Green,Poly Rayon,Not Applied,Unknown,Unknown,Unknown,Unknown,Unknown,Floral print,Unknown,Unknown,Unknown,Green,23,Unknown
311-04,Anjali,J.Turritopsis,Shirt,Unknown,Unknown,Lapel Collor,Print,Rust,Poly Rayon,Not Applied,Unknown,Unknown,Unknown,Unknown,Unknown,Floral print,Unknown,Unknown,Unknown,Orange,23,Unknown
312-01,Anjali,J.Turritopsis,Shirt,Unknown,Unknown,Lapel Collor,Print,Blue,Crepe,Not Applied,Unknown,Unknown,Unknown,Unknown,Unknown,Batik,Unknown,Unknown,Unknown,Blue,23,Unknown
312-02,Anjali,J.Turritopsis,Shirt,Unknown,Unknown,Lapel Collor,Print,Red,Crepe,Not Applied,Unknown,Unknown,Unknown,Unknown,Unknown,Batik,Unknown,Unknown,Unknown,Red,23,Unknown
312-03,Anjali,J.Turritopsis,Shirt,Unknown,Unknown,Lapel Collor,Print,Black,Crepe,Not Applied,Unknown,Unknown,Unknown,Unknown,Unknown,Batik,Unknown,Unknown,Unknown,Black,23,Unknown
312-04,Anjali,J.Turritopsis,Shirt,Unknown,Unknown,Lapel Collor,Print,Green,Crepe,Not Applied,Unknown,Unknown,Unknown,Unknown,Unknown,Batik,Unknown,Unknown,Unknown,Green,23,Unknown
313-01,Anjali,J.Turritopsis,Shirt,Unknown,Unknown,Lapel Collor,Print,Rama,Crepe,Not Applied,Unknown,Unknown,Unknown,Unknown,Unknown,Floral print,Unknown,Unknown,Unknown,Rama,23,Unknown
313-02,Anjali,J.Turritopsis,Shirt,Unknown,Unknown,Lapel Collor,Print,Blue,Crepe,Not Applied,Unknown,Unknown,Unknown,Unknown,Unknown,Floral print,Unknown,Unknown,Unknown,Blue,23,Unknown
313-03,Anjali,J.Turritopsis,Shirt,Unknown,Unknown,Lapel Collor,Print,Orange,Crepe,Not Applied,Unknown,Unknown,Unknown,Unknown,Unknown,Floral print,Unknown,Unknown,Unknown,Orange,23,Unknown
313-04,Anjali,J.Turritopsis,Shirt,Unknown,Unknown,Lapel Collor,Print,Violet,Crepe,Not Applied,Unknown,Unknown,Unknown,Unknown,Unknown,Floral print,Unknown,Unknown,Unknown,Violet,23,Unknown
314-01,Anjali,J.Turritopsis,Shirt,Unknown,Unknown,Lapel Collor,Print,Pink,Poly Rayon,Not Applied,Unknown,Unknown,Unknown,Unknown,Unknown,Floral print,Unknown,Unknown,Unknown,Pink,23,Unknown
314-02,Anjali,J.Turritopsis,Shirt,Unknown,Unknown,Lapel Collor,Print,Violet,Poly Rayon,Not Applied,Unknown,Unknown,Unknown,Unknown,Unknown,Floral print,Unknown,Unknown,Unknown,Violet,23,Unknown
314-03,Anjali,J.Turritopsis,Shirt,Unknown,Unknown,Lapel Collor,Print,Orange,Poly Rayon,Not Applied,Unknown,Unknown,Unknown,Unknown,Unknown,Floral print,Unknown,Unknown,Unknown,Orange,23,Unknown
314-04,Anjali,J.Turritopsis,Shirt,Unknown,Unknown,Lapel Collor,Print,Rama,Poly Rayon,Not Applied,Unknown,Unknown,Unknown,Unknown,Unknown,Floral print,Unknown,Unknown,Unknown,Rama,23,Unknown
315-01,Anjali,J.Turritopsis,Shirt,Unknown,Unknown,Lapel Collor,Print,Rama,Rayon,Not Applied,Unknown,Unknown,Unknown,Unknown,Unknown,Ring,Unknown,Unknown,Unknown,Rama,23,Unknown
315-02,Anjali,J.Turritopsis,Shirt,Unknown,Unknown,Lapel Collor,Print,Pink,Rayon,Not Applied,Unknown,Unknown,Unknown,Unknown,Unknown,Ring,Unknown,Unknown,Unknown,Pink,23,Unknown
315-03,Anjali,J.Turritopsis,Shirt,Unknown,Unknown,Lapel Collor,Print,Black,Rayon,Not Applied,Unknown,Unknown,Unknown,Unknown,Unknown,Ring,Unknown,Unknown,Unknown,Black,23,Unknown
315-04,Anjali,J.Turritopsis,Shirt,Unknown,Unknown,Lapel Collor,Print,Orange,Rayon,Not Applied,Unknown,Unknown,Unknown,Unknown,Unknown,Ring,Unknown,Unknown,Unknown,Orange,23,Unknown
316-01,Anjali,J.Turritopsis,Shirt,Unknown,Unknown,Lapel Collor,Print,Violet,Muslin,Not Applied,Unknown,Unknown,Unknown,Unknown,Unknown,Floral print,Unknown,Unknown,Unknown,Violet,23,Unknown
316-02,Anjali,J.Turritopsis,Shirt,Unknown,Unknown,Lapel Collor,Print,Red,Muslin,Not Applied,Unknown,Unknown,Unknown,Unknown,Unknown,Floral print,Unknown,Unknown,Unknown,Red,23,Unknown
316-03,Anjali,J.Turritopsis,Shirt,Unknown,Unknown,Lapel Collor,Print,Sky Blue,Muslin,Not Applied,Unknown,Unknown,Unknown,Unknown,Unknown,Floral print,Unknown,Unknown,Unknown,Blue,23,Unknown
316-04,Anjali,J.Turritopsis,Shirt,Unknown,Unknown,Lapel Collor,Print,Wine,Muslin,Not Applied,Unknown,Unknown,Unknown,Unknown,Unknown,Floral print,Unknown,Unknown,Unknown,Wine,23,Unknown
317-01,Anjali,J.Turritopsis,Shirt,Unknown,Unknown,Lapel Collor,Print,Yellow,Crepe,Not Applied,Unknown,Unknown,Unknown,Unknown,Unknown,Floral print,Unknown,Unknown,Unknown,Yellow,23,Unknown
317-02,Anjali,J.Turritopsis,Shirt,Unknown,Unknown,Lapel Collor,Print,Rust,Crepe,Not Applied,Unknown,Unknown,Unknown,Unknown,Unknown,Floral print,Unknown,Unknown,Unknown,Orange,23,Unknown
317-03,Anjali,J.Turritopsis,Shirt,Unknown,Unknown,Lapel Collor,Print,Neon,Crepe,Not Applied,Unknown,Unknown,Unknown,Unknown,Unknown,Floral print,Unknown,Unknown,Unknown,Neon,23,Unknown
317-04,Anjali,J.Turritopsis,Shirt,Unknown,Unknown,Lapel Collor,Print,Violet,Crepe,Not Applied,Unknown,Unknown,Unknown,Unknown,Unknown,Floral print,Unknown,Unknown,Unknown,Violet,23,Unknown
318-01,Anjali,J.Turritopsis,Shirt,Unknown,Unknown,Lapel Collor,Print,Orange,Muslin,Not Applied,Unknown,Unknown,Unknown,Unknown,Unknown,Geometric Print,Unknown,Unknown,Unknown,Orange,23,Unknown
318-02,Anjali,J.Turritopsis,Shirt,Unknown,Unknown,Lapel Collor,Print,Navy Blue,Muslin,Not Applied,Unknown,Unknown,Unknown,Unknown,Unknown,Geometric Print,Unknown,Unknown,Unknown,Blue,23,Unknown
318-03,Anjali,J.Turritopsis,Shirt,Unknown,Unknown,Lapel Collor,Print,Violet,Muslin,Not Applied,Unknown,Unknown,Unknown,Unknown,Unknown,Geometric Print,Unknown,Unknown,Unknown,Violet,23,Unknown
318-04,Anjali,J.Turritopsis,Shirt,Unknown,Unknown,Lapel Collor,Print,Pink,Muslin,Not Applied,Unknown,Unknown,Unknown,Not Applied,Not_Applied,Geometric Print,Unknown,Unknown,Unknown,Pink,23,Unknown
319-01,Anjali,J.Turritopsis,shirt,Embroidery shirts,Unknown,Yoke embroidery shirt,Dyed,Black,Cotton,Cording embroidery,Not Applied,Not Applied,Not Applied,Not Applied,Not_Applied,Not Applied,Round neck,Regular sleeves,Full Sleeve,Black,25,-
319-02,Anjali,J.Turritopsis,shirt,Embroidery shirts,Unknown,Yoke embroidery shirt,Dyed,Mustard,Cotton,Cording embroidery,Not Applied,Not Applied,Not Applied,Not Applied,Not_Applied,Not Applied,Round neck,Regular sleeves,Full Sleeve,Yellow,25,-
319-03,Anjali,J.Turritopsis,shirt,Embroidery shirts,Unknown,Yoke embroidery shirt,Dyed,Pista,Cotton,Cording embroidery,Not Applied,Not Applied,Not Applied,Not Applied,Not_Applied,Not Applied,Round neck,Regular sleeves,Full Sleeve,Green,25,-
319-04,Anjali,J.Turritopsis,shirt,Embroidery shirts,Unknown,Yoke embroidery shirt,Dyed,White,Cotton,Cording embroidery,Not Applied,Not Applied,Not Applied,Not Applied,Not_Applied,Not Applied,Round neck,Regular sleeves,Full Sleeve,White,25,-
319-05,Anjali,J.Turritopsis,shirt,Embroidery shirts,Unknown,Yoke embroidery shirt,Dyed,Pink,Cotton,Cording embroidery,Not Applied,Not Applied,Not Applied,Not Applied,Not_Applied,Not Applied,Round neck,Regular sleeves,Full Sleeve,Pink,25,-
319-06,Anjali,J.Turritopsis,shirt,Embroidery shirts,Unknown,Yoke embroidery shirt,Dyed,Off White,Cotton,Cording embroidery,Not Applied,Not Applied,Not Applied,Not Applied,Not_Applied,Not Applied,Round neck,Regular sleeves,Full Sleeve,White,24,-
319-07,Anjali,J.Turritopsis,shirt,Embroidery shirts,Unknown,Yoke embroidery shirt,Dyed,Coffee,Cotton,Cording embroidery,Not Applied,Not Applied,Not Applied,Not Applied,Not_Applied,Not Applied,Round neck,Regular sleeves,Full Sleeve,Coffee,24,-
319-08,Anjali,J.Turritopsis,shirt,Embroidery shirts,Unknown,Yoke embroidery shirt,Dyed,Royal Blue,Cotton,Cording embroidery,Not Applied,Not Applied,Not Applied,Not Applied,Not_Applied,Not Applied,Round neck,Regular sleeves,Full Sleeve,Blue,25,-
320-01,Anjali,J.Turritopsis,shirt,Cording embroidery shirts,Unknown,Stand collar shirt,Dyed,Black,Rayon,Cording embroidery,Not Applied,Not Applied,Not Applied,Not Applied,Not_Applied,Not Applied,V Neck, Balloon sleeves,Full Sleeve,Black,25,-
320-02,Anjali,J.Turritopsis,shirt,Cording embroidery shirts,Unknown,Stand collar shirt,Dyed,Sky Blue,Rayon,Cording embroidery,Not Applied,Not Applied,Not Applied,Not Applied,Not_Applied,Not Applied,V Neck, Balloon sleeves,Full Sleeve,Blue,25,-
320-03,Anjali,J.Turritopsis,shirt,Cording embroidery shirts,Unknown,Stand collar shirt,Dyed,Coffee,Rayon,Cording embroidery,Not Applied,Not Applied,Not Applied,Not Applied,Not_Applied,Not Applied,V Neck, Balloon sleeves,Full Sleeve,Coffee,25,-
320-04,Anjali,J.Turritopsis,shirt,Cording embroidery shirts,Unknown,Stand collar shirt,Dyed,Khaki,Rayon,Cording embroidery,Not Applied,Not Applied,Not Applied,Not Applied,Not_Applied,Not Applied,V Neck, Balloon sleeves,Full Sleeve,Khaki,25,-
320-05,Anjali,J.Turritopsis,shirt,Cording embroidery shirts,Unknown,Stand collar shirt,Dyed,Lavender,Rayon,Cording embroidery,Not Applied,Not Applied,Not Applied,Not Applied,Not_Applied,Not Applied,V Neck, Balloon sleeves,Full Sleeve,Purple,25,-
320-06,Anjali,J.Turritopsis,shirt,Cording embroidery shirts,Unknown,Stand collar shirt,Dyed,Light Blue,Rayon,Cording embroidery,Not Applied,Not Applied,Not Applied,Not Applied,Not_Applied,Not Applied,V Neck, Balloon sleeves,Full Sleeve,Blue,25,-
320-07,Anjali,J.Turritopsis,shirt,Cording embroidery shirts,Unknown,Stand collar shirt,Dyed,Wine,Rayon,Cording embroidery,Not Applied,Not Applied,Not Applied,Not Applied,Not_Applied,Not Applied,V Neck, Balloon sleeves,Full Sleeve,Wine,25,-
320-08,Anjali,J.Turritopsis,shirt,Cording embroidery shirts,Unknown,Stand collar shirt,Dyed,Peach,Rayon,Cording embroidery,Not Applied,Not Applied,Not Applied,Not Applied,Not_Applied,Not Applied,V Neck, Balloon sleeves,Full Sleeve,Peach,25,-
320-09,Anjali,J.Turritopsis,shirt,Cording embroidery shirts,Unknown,Stand collar shirt,Dyed,Green,Rayon,Cording embroidery,Not Applied,Not Applied,Not Applied,Not Applied,Not_Applied,Not Applied,V Neck, Balloon sleeves,Full Sleeve,Green,25,-
320-10,Anjali,J.Turritopsis,shirt,Cording embroidery shirts,Unknown,Stand collar shirt,Dyed,Pink,Rayon,Cording embroidery,Not Applied,Not Applied,Not Applied,Not Applied,Not_Applied,Not Applied,V Neck, Balloon sleeves,Full Sleeve,PInk,25,-
321-01,Anjali,J.Turritopsis,shirt,Borer shirts,Unknown,V neck top,Dyed,Black,Cotton,Embroidry work,Not Applied,Not Applied,Not Applied,Not Applied,Not_Applied,Not Applied,V Neck, Balloon sleeves,3/4 Sleeve,Black,25,-
321-02,Anjali,J.Turritopsis,shirt,Borer shirts,Unknown,V neck top,Dyed,Neon,Cotton,Embroidry work,Not Applied,Not Applied,Not Applied,Not Applied,Not_Applied,Not Applied,V Neck, Balloon sleeves,3/4 Sleeve,Green,25,-
321-03,Anjali,J.Turritopsis,shirt,Borer shirts,Unknown,V neck top,Dyed,Peach,Cotton,Embroidry work,Not Applied,Not Applied,Not Applied,Not Applied,Not_Applied,Not Applied,V Neck, Balloon sleeves,3/4 Sleeve,Peach,25,-
321-04,Anjali,J.Turritopsis,shirt,Borer shirts,Unknown,V neck top,Dyed,White,Cotton,Embroidry work,Not Applied,Not Applied,Not Applied,Not Applied,Not_Applied,Not Applied,V Neck, Balloon sleeves,3/4 Sleeve,White,25,-
322-01,Anjali,J.Turritopsis,shirt,Embroidery shirts,Unknown,Collar shirt,Dyed,OLIVE,Crepe,Embroidry work,Not Applied,Not Applied,Not Applied,Not Applied,Not_Applied,Not Applied,Collar neck, Balloon sleeves,Full Sleeve,Green,26,-
322-02,Anjali,J.Turritopsis,shirt,Embroidery shirts,Unknown,Collar shirt,Dyed,PINK,Crepe,Embroidry work,Not Applied,Not Applied,Not Applied,Not Applied,Not_Applied,Not Applied,Collar neck, Balloon sleeves,Full Sleeve,PINK,26,-
322-03,Anjali,J.Turritopsis,shirt,Embroidery shirts,Unknown,Collar shirt,Dyed,COFFEE,Crepe,Embroidry work,Not Applied,Not Applied,Not Applied,Not Applied,Not_Applied,Not Applied,Collar neck, Balloon sleeves,Full Sleeve,Brown,26,-
322-04,Anjali,J.Turritopsis,shirt,Embroidery shirts,Unknown,Collar shirt,Dyed, DENIM BLUE,Crepe,Embroidry work,Not Applied,Not Applied,Not Applied,Not Applied,Not_Applied,Not Applied,Collar neck, Balloon sleeves,Full Sleeve,Blue,26,-
323-01,Anjali,J.Turritopsis,shirt,Embroidery shirts,Unknown,Collar shirt,Dyed,WHITE,Chinon,Embroidry work,Not Applied,Not Applied,Not Applied,Not Applied,Not_Applied,Not Applied,Collar neck,Regular sleeves,3/4 Sleeve,WHITE,26,-
323-02,Anjali,J.Turritopsis,shirt,Embroidery shirts,Unknown,Collar shirt,Dyed,PINK,Chinon,Embroidry work,Not Applied,Not Applied,Not Applied,Not Applied,Not_Applied,Not Applied,Collar neck,Regular sleeves,3/4 Sleeve,Pink,26,-
323-03,Anjali,J.Turritopsis,shirt,Embroidery shirts,Unknown,Collar shirt,Dyed,Sky Blue,Chinon,Embroidry work,Not Applied,Not Applied,Not Applied,Not Applied,Not_Applied,Not Applied,Collar neck,Regular sleeves,3/4 Sleeve,Blue,26,-
324-01,Anjali,J.Turritopsis,shirt,Solid shirts,Unknown,Collar shirt,Dyed,Coffee,Crepe,Not Applied,Not Applied,Not Applied,Not Applied,Not Applied,Not_Applied,Not Applied,Collar neck,Regular sleeves,3/4 Sleeve,Brown,26,-
324-02,Anjali,J.Turritopsis,shirt,Solid shirts,Unknown,Collar shirt,Dyed,Denim Blue,Crepe,Not Applied,Not Applied,Not Applied,Not Applied,Not Applied,Not_Applied,Not Applied,Collar neck,Regular sleeves,3/4 Sleeve,Blue,26,-
324-03,Anjali,J.Turritopsis,shirt,Solid shirts,Unknown,Collar shirt,Dyed,Olive ,Crepe,Not Applied,Not Applied,Not Applied,Not Applied,Not Applied,Not_Applied,Not Applied,Collar neck,Regular sleeves,3/4 Sleeve,Green,26,-
324-04,Anjali,J.Turritopsis,shirt,Solid shirts,Unknown,Collar shirt,Dyed,Pink,Crepe,Not Applied,Not Applied,Not Applied,Not Applied,Not Applied,Not_Applied,Not Applied,Collar neck,Regular sleeves,3/4 Sleeve,Pink,26,-
324-05,Anjali,J.Turritopsis,shirt,Solid shirts,Unknown,Collar shirt,Dyed,Navy Blue,Crepe,Not Applied,Not Applied,Not Applied,Not Applied,Not Applied,Not_Applied,Not Applied,Collar neck,Regular sleeves,3/4 Sleeve,Blue,26,-
324-06,Anjali,J.Turritopsis,shirt,Solid shirts,Unknown,Collar shirt,Dyed,Cream,Crepe,Not Applied,Not Applied,Not Applied,Not Applied,Not Applied,Not_Applied,Not Applied,Collar neck,Regular sleeves,3/4 Sleeve,Cream,26,-
325-01,Anjali,J.Turritopsis,shirt,Solid shirts,Unknown,Collar shirt,Dyed,Sky Blue,Polyester,Not Applied,Not Applied,Not Applied,Not Applied,Not Applied,Not_Applied,Not Applied,Collar neck, Balloon sleeves,Puffe sleeves,Blue,22,-
325-02,Anjali,J.Turritopsis,shirt,Solid shirts,Unknown,Collar shirt,Dyed,Coffee,Polyester,Not Applied,Not Applied,Not Applied,Not Applied,Not Applied,Not_Applied,Not Applied,Collar neck, Balloon sleeves,Puffe sleeves,Brown,22,-
325-03,Anjali,J.Turritopsis,shirt,Solid shirts,Unknown,Collar shirt,Dyed,Lavender,Polyester,Not Applied,Not Applied,Not Applied,Not Applied,Not Applied,Not_Applied,Not Applied,Collar neck, Balloon sleeves,Puffe sleeves,Purple,22,-
325-04,Anjali,J.Turritopsis,shirt,Solid shirts,Unknown,Collar shirt,Dyed,Green,Polyester,Not Applied,Not Applied,Not Applied,Not Applied,Not Applied,Not_Applied,Not Applied,Collar neck, Balloon sleeves,Puffe sleeves,Green,22,-
326-01,Anjali,J.Turritopsis,shirt,Solid shirts,Unknown,Collar shirt,Dyed,Peach,Polyester,Not Applied,Not Applied,Not Applied,Not Applied,Not Applied,Not_Applied,Not Applied,Collar neck, Balloon sleeves,Full Sleeve,Peach,22,-
326-02,Anjali,J.Turritopsis,shirt,Solid shirts,Unknown,Collar shirt,Dyed,Off White,Polyester,Not Applied,Not Applied,Not Applied,Not Applied,Not Applied,Not_Applied,Not Applied,Collar neck, Balloon sleeves,Full Sleeve,White,22,-
326-03,Anjali,J.Turritopsis,shirt,Solid shirts,Unknown,Collar shirt,Dyed,Mint,Polyester,Not Applied,Not Applied,Not Applied,Not Applied,Not Applied,Not_Applied,Not Applied,Collar neck, Balloon sleeves,Full Sleeve,Green ,22,-
327-01,Anjali,J.Turritopsis,shirt,Solid shirts,Unknown,Neck flair shirt,Dyed,Coffee,Polyester,Not Applied,Not Applied,Not Applied,Not Applied,Not Applied,Not_Applied,Not Applied,V Neck, Balloon sleeves,Full Sleeve,Brown,26,-
327-02,Anjali,J.Turritopsis,shirt,Solid shirts,Unknown,Neck flair shirt,Dyed,White,Polyester,Not Applied,Not Applied,Not Applied,Not Applied,Not Applied,Not_Applied,Not Applied,V Neck, Balloon sleeves,Full Sleeve,White,26,-
327-03,Anjali,J.Turritopsis,shirt,Solid shirts,Unknown,Neck flair shirt,Dyed,Mint,Polyester,Not Applied,Not Applied,Not Applied,Not Applied,Not Applied,Not_Applied,Not Applied,V Neck, Balloon sleeves,Full Sleeve,Green,26,-
328-01,Anjali,J.Turritopsis,shirt,Solid shirts,Unknown,Poket shirt,Dyed,Olive,Viscose Blend,Not Applied,Not Applied,Not Applied,Not Applied,Not Applied,Not_Applied,Not Applied,Collar neck,Sleeve less,Sleeve less,Green,26,-
328-02,Anjali,J.Turritopsis,shirt,Solid shirts,Unknown,Poket shirt,Dyed,BEIGE,Viscose Blend,Not Applied,Not Applied,Not Applied,Not Applied,Not Applied,Not_Applied,Not Applied,Collar neck,Sleeve less,Sleeve less,BEIGE,26,-
328-03,Anjali,J.Turritopsis,shirt,Solid shirts,Unknown,Poket shirt,Dyed,CARAMEL,Viscose Blend,Not Applied,Not Applied,Not Applied,Not Applied,Not Applied,Not_Applied,Not Applied,Collar neck,Sleeve less,Sleeve less,CARAMEL,26,-
329-01,Anjali,J.Turritopsis,shirt,Solid shirts,Unknown,Poket shirt,Dyed,Yellow,Cotton Blend,Not Applied,Not Applied,Not Applied,Not Applied,Not Applied,Not_Applied,Not Applied,Collar neck,Regular sleeves,Half Sleeve,Yellow,25,-
329-02,Anjali,J.Turritopsis,shirt,Solid shirts,Unknown,Poket shirt,Dyed,Caramel,Cotton Blend,Not Applied,Not Applied,Not Applied,Not Applied,Not Applied,Not_Applied,Not Applied,Collar neck,Regular sleeves,Half Sleeve,Caramel,25,-
329-03,Anjali,J.Turritopsis,shirt,Solid shirts,Unknown,Poket shirt,Dyed,Lavender,Cotton Blend,Not Applied,Not Applied,Not Applied,Not Applied,Not Applied,Not_Applied,Not Applied,Collar neck,Regular sleeves,Half Sleeve,Purple,25,-
329-04,Anjali,J.Turritopsis,shirt,Solid shirts,Unknown,Poket shirt,Dyed,Beige,Cotton Blend,Not Applied,Not Applied,Not Applied,Not Applied,Not Applied,Not_Applied,Not Applied,Collar neck,Regular sleeves,Half Sleeve,Beige,25,-
330-01,Anjali,J.Turritopsis,shirt,Solid shirts,Unknown,Poket shirt,Dyed,MAROON,Crepe,Not Applied,Not Applied,Not Applied,Not Applied,Not Applied,Not_Applied,Not Applied,Collar neck,Regular sleeves,Full Sleeve,MAROON,25,-
330-02,Anjali,J.Turritopsis,shirt,Solid shirts,Unknown,Poket shirt,Dyed,PINK,Crepe,Not Applied,Not Applied,Not Applied,Not Applied,Not Applied,Not_Applied,Not Applied,Collar neck,Regular sleeves,Full Sleeve,PINK,25,-
330-03,Anjali,J.Turritopsis,shirt,Solid shirts,Unknown,Poket shirt,Dyed,NEON,Crepe,Not Applied,Not Applied,Not Applied,Not Applied,Not Applied,Not_Applied,Not Applied,Collar neck,Regular sleeves,Full Sleeve,Green,25,-
331-01,Anjali,J.Turritopsis,shirt,Solid shirts,Unknown,Flair shirt,Dyed,Beige,Polyester,Not Applied,Not Applied,Not Applied,Not Applied,Not Applied,Not_Applied,Not Applied,Collar neck, Balloon sleeves,Half Sleeve,Beige,23,-
331-02,Anjali,J.Turritopsis,shirt,Solid shirts,Unknown,Flair shirt,Dyed,Lavender,Polyester,Not Applied,Not Applied,Not Applied,Not Applied,Not Applied,Not_Applied,Not Applied,Collar neck, Balloon sleeves,Half Sleeve,Purple,23,-
331-03,Anjali,J.Turritopsis,shirt,Solid shirts,Unknown,Flair shirt,Dyed,Rust,Polyester,Not Applied,Not Applied,Not Applied,Not Applied,Not Applied,Not_Applied,Not Applied,Collar neck, Balloon sleeves,Half Sleeve,Rust,23,-
331-04,Anjali,J.Turritopsis,shirt,Solid shirts,Unknown,Flair shirt,Dyed,Mint Green,Polyester,Not Applied,Not Applied,Not Applied,Not Applied,Not Applied,Not_Applied,Not Applied,Collar neck, Balloon sleeves,Half Sleeve,Green ,23,-
332-01,Anjali,J.Turritopsis,shirt,Printed shirt,Unknown,Collar shirt,Print,Denim blue,Rayon,Not Applied,Not Applied,Not Applied,Not Applied,Not Applied,Not_Applied,Floral print,Collar neck,Regular sleeves,Full Sleeve,Blue,26,-
332-02,Anjali,J.Turritopsis,shirt,Printed shirt,Unknown,Collar shirt,Print,Pink,Rayon,Not Applied,Not Applied,Not Applied,Not Applied,Not Applied,Not_Applied, Floral print,Collar neck,Regular sleeves,Full Sleeve,Pink,26,-
333-01,Anjali,J.Turritopsis,shirt,Printed shirt,Unknown,Collar shirt,Print,Rama,Rayon,Not Applied,Not Applied,Not Applied,Not Applied,Not Applied,Not_Applied,Abstract print,Collar neck,Down shoulder sleeve,3/4 Sleeve,Rama,25,-
333-02,Anjali,J.Turritopsis,shirt,Printed shirt,Unknown,Collar shirt,Print,Orange,Rayon,Not Applied,Not Applied,Not Applied,Not Applied,Not Applied,Not_Applied,Abstract print,Collar neck,Down shoulder sleeve,3/4 Sleeve,Orange,25,-
333-03,Anjali,J.Turritopsis,shirt,Printed shirt,Unknown,Collar shirt,Print,Black,Rayon,Not Applied,Not Applied,Not Applied,Not Applied,Not Applied,Not_Applied,Abstract print,Collar neck,Down shoulder sleeve,3/4 Sleeve,Black,25,-
333-04,Anjali,J.Turritopsis,shirt,Printed shirt,Unknown,Collar shirt,Print,Pink,Rayon,Not Applied,Not Applied,Not Applied,Not Applied,Not Applied,Not_Applied,Abstract print,Collar neck,Down shoulder sleeve,3/4 Sleeve,Pink,25,-
334-01,Anjali,J.Turritopsis,shirt,Solid shirts,Unknown,Poket shirt,Dyed,Pink,Cotton Blend,Not Applied,Not Applied,Not Applied,Not Applied,Not Applied,Not_Applied,Not Applied,Collar neck,Regular sleeves,3/4 Sleeve,Pink,25,-
334-02,Anjali,J.Turritopsis,shirt,Solid shirts,Unknown,Poket shirt,Dyed,Coffee,Cotton Blend,Not Applied,Not Applied,Not Applied,Not Applied,Not Applied,Not_Applied,Not Applied,Collar neck,Regular sleeves,3/4 Sleeve,Brown ,25,-
334-03,Anjali,J.Turritopsis,shirt,Solid shirts,Unknown,Poket shirt,Dyed,Cream,Cotton Blend,Not Applied,Not Applied,Not Applied,Not Applied,Not Applied,Not_Applied,Not Applied,Collar neck,Regular sleeves,3/4 Sleeve,Cream,25,-
334-04,Anjali,J.Turritopsis,shirt,Solid shirts,Unknown,Poket shirt,Dyed,Denim Blue,Cotton Blend,Not Applied,Not Applied,Not Applied,Not Applied,Not Applied,Not_Applied,Not Applied,Collar neck,Regular sleeves,3/4 Sleeve,Blue,25,-
335-01,Anjali,J.Turritopsis,shirt,Borer shirts,Unknown,Collar shirt,Dyed,Off White,Cotton Blend,Borer embroidery,Not Applied,Not Applied,Not Applied,Not Applied,Not_Applied,Not Applied,Collar neck,Regular sleeves,3/4 Sleeve,White,25,-
335-02,Anjali,J.Turritopsis,shirt,Borer shirts,Unknown,Collar shirt,Dyed,Beige,Cotton Blend,Borer embroidery,Not Applied,Not Applied,Not Applied,Not Applied,Not_Applied,Not Applied,Collar neck,Regular sleeves,3/4 Sleeve,Beige,25,-
335-03,Anjali,J.Turritopsis,shirt,Borer shirts,Unknown,Collar shirt,Dyed,Pink,Cotton Blend,Borer embroidery,Not Applied,Not Applied,Not Applied,Not Applied,Not_Applied,Not Applied,Collar neck,Regular sleeves,3/4 Sleeve,Pink,25,-
335-04,Anjali,J.Turritopsis,shirt,Borer shirts,Unknown,Collar shirt,Dyed,Coffee,Cotton Blend,Borer embroidery,Not Applied,Not Applied,Not Applied,Not Applied,Not_Applied,Not Applied,Collar neck,Regular sleeves,3/4 Sleeve,Brown,25,-
336-01,Anjali,J.Turritopsis,shirt,Embroidery shirts,Unknown,Yoke embroidery shirt,Dyed,Sky Blue,Rayon,Not Applied,Not Applied,Not Applied,Not Applied,Not Applied,Not_Applied,Not Applied,Collar neck,Regular sleeves,3/4 Sleeve,Blue,25,-
336-02,Anjali,J.Turritopsis,shirt,Embroidery shirts,Unknown,Yoke embroidery shirt,Dyed,Dark Beige,Rayon,Not Applied,Not Applied,Not Applied,Not Applied,Not Applied,Not_Applied,Not Applied,Collar neck,Regular sleeves,3/4 Sleeve,Dark Beige,25,-
336-03,Anjali,J.Turritopsis,shirt,Embroidery shirts,Unknown,Yoke embroidery shirt,Dyed,Aque Green,Rayon,Not Applied,Not Applied,Not Applied,Not Applied,Not Applied,Not_Applied,Not Applied,Collar neck,Regular sleeves,3/4 Sleeve,Green,25,-
336-04,Anjali,J.Turritopsis,shirt,Embroidery shirts,Unknown,Yoke embroidery shirt,Dyed,Coffee,Rayon,Not Applied,Not Applied,Not Applied,Not Applied,Not Applied,Not_Applied,Not Applied,Collar neck,Regular sleeves,3/4 Sleeve,Brown,25,-
336-05,Anjali,J.Turritopsis,shirt,Embroidery shirts,Unknown,Yoke embroidery shirt,Dyed,Peach,Rayon,Not Applied,Not Applied,Not Applied,Not Applied,Not Applied,Not_Applied,Not Applied,Collar neck,Regular sleeves,3/4 Sleeve,Peach,25,-
336-06,Anjali,J.Turritopsis,shirt,Embroidery shirts,Unknown,Yoke embroidery shirt,Dyed,Dark Purple,Rayon,Not Applied,Not Applied,Not Applied,Not Applied,Not Applied,Not_Applied,Not Applied,Collar neck,Regular sleeves,3/4 Sleeve,Purple,25,-
336-07,Anjali,J.Turritopsis,shirt,Embroidery shirts,Unknown,Yoke embroidery shirt,Dyed,Pista Green,Rayon,Not Applied,Not Applied,Not Applied,Not Applied,Not Applied,Not_Applied,Not Applied,Collar neck,Regular sleeves,3/4 Sleeve,Green,25,-
337-01,Anjali,J.Turritopsis,shirt,Printed shirt,Unknown,Collar shirt,Print,Navy Blue,Rayon,Not Applied,Not Applied,Not Applied,Not Applied,Not Applied,Not_Applied,Floral print,Collar neck,Regular sleeves,3/4 Sleeve,blue,25,-
337-02,Anjali,J.Turritopsis,shirt,Printed shirt,Unknown,Collar shirt,Print,Orange,Rayon,Not Applied,Not Applied,Not Applied,Not Applied,Not Applied,Not_Applied,Floral print,Collar neck,Regular sleeves,3/4 Sleeve,Orange,25,-
337-03,Anjali,J.Turritopsis,shirt,Printed shirt,Unknown,Collar shirt,Print,Black,Rayon,Not Applied,Not Applied,Not Applied,Not Applied,Not Applied,Not_Applied,Abstract print,Collar neck,Regular sleeves,3/4 Sleeve,Black,25,-
337-04,Anjali,J.Turritopsis,shirt,Printed shirt,Unknown,Collar shirt,Print,Green,Rayon,Not Applied,Not Applied,Not Applied,Not Applied,Not Applied,Not_Applied,Abstract print,Collar neck,Regular sleeves,3/4 Sleeve,Green,25,-
337-05,Anjali,J.Turritopsis,shirt,Unknown,Unknown,Unknown,Unknown,Unknown,Unknown,Unknown,Unknown,Unknown,Unknown,Unknown,Unknown,Unknown,Unknown,Unknown,Unknown,Unknown,Unknown,Unknown
338-01,Anjali,J.Turritopsis,shirt,Printed shirt,Unknown,Collar shirt,Print,Pink,Cotton Blend,Not Applied,Not Applied,Not Applied,Not Applied,Not Applied,Not_Applied,Strips print,Collar neck,Regular sleeves,3/4 Sleeve,Pink,25,-
338-02,Anjali,J.Turritopsis,shirt,Printed shirt,Unknown,Collar shirt,Print,Green,Cotton Blend,Not Applied,Not Applied,Not Applied,Not Applied,Not Applied,Not_Applied,Strips print,Collar neck,Regular sleeves,3/4 Sleeve,Green,25,-
338-03,Anjali,J.Turritopsis,shirt,Printed shirt,Unknown,Collar shirt,Print,Blue,Cotton Blend,Not Applied,Not Applied,Not Applied,Not Applied,Not Applied,Not_Applied,Strips print,Collar neck,Regular sleeves,3/4 Sleeve,Blue,25,-
339-01,Anjali,J.Turritopsis,shirt,Embroidery shirts,Unknown,Stand collar shirt,Dyed,White,Cotton,Multi embroidery,Not Applied,Not Applied,Not Applied,Not Applied,Not_Applied,Not Applied,Stand collar neck, Balloon sleeves,3/4 Sleeve,White,25,-
339-02,Anjali,J.Turritopsis,shirt,Embroidery shirts,Unknown,Stand collar shirt,Dyed,Lavender,Cotton,Multi embroidery,Not Applied,Not Applied,Not Applied,Not Applied,Not_Applied,Not Applied,Stand collar neck, Balloon sleeves,3/4 Sleeve,Purple,25,-
339-03,Anjali,J.Turritopsis,shirt,Embroidery shirts,Unknown,Stand collar shirt,Dyed,Pink,Cotton,Multi embroidery,Not Applied,Not Applied,Not Applied,Not Applied,Not_Applied,Not Applied,Stand collar neck, Balloon sleeves,3/4 Sleeve,Pink,25,-
340-01,Anjali,J.Turritopsis,shirt,Cording embroidery shirts,Unknown,Collar shirt,Dyed,Orange,Cotton,Cording embroidery,Not Applied,Not Applied,Not Applied,Not Applied,Not_Applied,Not Applied,Collar neck, Balloon sleeves,3/4 Sleeve,Orange,25,-
340-02,Anjali,J.Turritopsis,shirt,Cording embroidery shirts,Unknown,Collar shirt,Dyed,Brown,Cotton,Cording embroidery,Not Applied,Not Applied,Not Applied,Not Applied,Not_Applied,Not Applied,Collar neck, Balloon sleeves,3/4 Sleeve,Brown,25,-
340-03,Anjali,J.Turritopsis,shirt,Cording embroidery shirts,Unknown,Collar shirt,Dyed,Beige,Cotton,Cording embroidery,Not Applied,Not Applied,Not Applied,Not Applied,Not_Applied,Not Applied,Collar neck, Balloon sleeves,3/4 Sleeve,Beige,25,-
340-04,Anjali,J.Turritopsis,shirt,Cording embroidery shirts,Unknown,Collar shirt,Dyed,Army Green,Cotton,Cording embroidery,Not Applied,Not Applied,Not Applied,Not Applied,Not_Applied,Not Applied,Collar neck, Balloon sleeves,3/4 Sleeve,Army Green,25,-
341-01,Anjali,J.Turritopsis,shirt,Embroidery shirts,Unknown,Collar shirt,Dyed,Peach,Crepe,Multi embroidery,Not Applied,Not Applied,Not Applied,Not Applied,Not_Applied,Not Applied,Collar neck,Regular sleeves,Full Sleeve,Peach,26,-
341-02,Anjali,J.Turritopsis,shirt,Embroidery shirts,Unknown,Collar shirt,Dyed,White,Crepe,Multi embroidery,Not Applied,Not Applied,Not Applied,Not Applied,Not_Applied,Not Applied,Collar neck,Regular sleeves,Full Sleeve,White,26,-
341-03,Anjali,J.Turritopsis,shirt,Embroidery shirts,Unknown,Collar shirt,Dyed,Navy Blue,Crepe,Multi embroidery,Not Applied,Not Applied,Not Applied,Not Applied,Not_Applied,Not Applied,Collar neck,Regular sleeves,Full Sleeve,Blue,26,-
341-04,Anjali,J.Turritopsis,shirt,Embroidery shirts,Unknown,Collar shirt,Dyed,Coffee,Crepe,Multi embroidery,Not Applied,Not Applied,Not Applied,Not Applied,Not_Applied,Not Applied,Collar neck,Regular sleeves,Full Sleeve,Brown,26,-
342-01,Anjali,J.Turritopsis,shirt,Cording embroidery shirts,Unknown,Collar shirt,Dyed,Black,Rayon,Cording embroidery,Not Applied,Not Applied,Not Applied,Not Applied,Not_Applied,Not Applied,Collar neck, Balloon sleeves,3/4 Sleeve,Black,25,-
342-02,Anjali,J.Turritopsis,shirt,Cording embroidery shirts,Unknown,Collar shirt,Dyed,White,Rayon,Cording embroidery,Not Applied,Not Applied,Not Applied,Not Applied,Not_Applied,Not Applied,Collar neck, Balloon sleeves,3/4 Sleeve,White,25,-
342-03,Anjali,J.Turritopsis,shirt,Cording embroidery shirts,Unknown,Collar shirt,Dyed,Lavender,Rayon,Cording embroidery,Not Applied,Not Applied,Not Applied,Not Applied,Not_Applied,Not Applied,Collar neck, Balloon sleeves,3/4 Sleeve,Purple,25,-
342-04,Anjali,J.Turritopsis,shirt,Cording embroidery shirts,Unknown,Collar shirt,Dyed,Pista,Rayon,Cording embroidery,Not Applied,Not Applied,Not Applied,Not Applied,Not_Applied,Not Applied,Collar neck, Balloon sleeves,3/4 Sleeve,Pista,25,-
343-01,Anjali,J.Turritopsis,shirt,Cording embroidery shirts,Unknown,Collar shirt,Dyed,Royal Blue,Viscose Blend,Cording embroidery,Not Applied,Not Applied,Not Applied,Not Applied,Not_Applied,Not Applied,Collar neck,Regular sleeves,3/4 Sleeve,Blue,24,-
343-02,Anjali,J.Turritopsis,shirt,Cording embroidery shirts,Unknown,Collar shirt,Dyed,Baby Pink,Viscose Blend,Cording embroidery,Not Applied,Not Applied,Not Applied,Not Applied,Not_Applied,Not Applied,Collar neck,Regular sleeves,3/4 Sleeve,Pink,24,-
343-03,Anjali,J.Turritopsis,shirt,Cording embroidery shirts,Unknown,Collar shirt,Dyed,Caramel,Viscose Blend,Cording embroidery,Not Applied,Not Applied,Not Applied,Not Applied,Not_Applied,Not Applied,Collar neck,Regular sleeves,3/4 Sleeve,Caramel,24,-
343-04,Anjali,J.Turritopsis,shirt,Cording embroidery shirts,Unknown,Collar shirt,Dyed,Olive,Viscose Blend,Cording embroidery,Not Applied,Not Applied,Not Applied,Not Applied,Not_Applied,Not Applied,Collar neck,Regular sleeves,3/4 Sleeve,Green,24,-
344-01,Anjali,J.Turritopsis,shirt,Cording embroidery shirts,Unknown,Collar shirt,Dyed,Pink,Rayon,Cording embroidery,Not Applied,Not Applied,Not Applied,Not Applied,Not_Applied,Not Applied,Collar neck,Regular sleeves,Half Sleeve,Pink,24,-
344-02,Anjali,J.Turritopsis,shirt,Cording embroidery shirts,Unknown,Collar shirt,Dyed,Mint,Rayon,Cording embroidery,Not Applied,Not Applied,Not Applied,Not Applied,Not_Applied,Not Applied,Collar neck,Regular sleeves,Half Sleeve,Green,24,-
344-03,Anjali,J.Turritopsis,shirt,Cording embroidery shirts,Unknown,Collar shirt,Dyed,Light Purple,Rayon,Cording embroidery,Not Applied,Not Applied,Not Applied,Not Applied,Not_Applied,Not Applied,Collar neck,Regular sleeves,Half Sleeve,Purple,24,-
344-04,Anjali,J.Turritopsis,shirt,Cording embroidery shirts,Unknown,Collar shirt,Dyed,Mocha,Rayon,Cording embroidery,Not Applied,Not Applied,Not Applied,Not Applied,Not_Applied,Not Applied,Collar neck,Regular sleeves,Half Sleeve,Brown,24,-
345-01,Anjali,J.Turritopsis,shirt,Embroidery shirts,Unknown,Collar shirt,Dyed,Off White,Cotton,Multi embroidery,Not Applied,Not Applied,Not Applied,Not Applied,Not_Applied,Not Applied,Collar neck,Regular sleeves,Half Sleeve, White,24,-
345-03,Anjali,J.Turritopsis,shirt,Embroidery shirts,Unknown,Collar shirt,Dyed,Coffee,Cotton,Multi embroidery,Not Applied,Not Applied,Not Applied,Not Applied,Not_Applied,Not Applied,Collar neck,Regular sleeves,Half Sleeve,Brown,24,-
345-04,Anjali,J.Turritopsis,shirt,Embroidery shirts,Unknown,Collar shirt,Dyed,Royal Blue,Cotton,Multi embroidery,Not Applied,Not Applied,Not Applied,Not Applied,Not_Applied,Not Applied,Collar neck,Regular sleeves,Half Sleeve, Blue,24,-
345-05,Anjali,J.Turritopsis,shirt,Embroidery shirts,Unknown,Collar shirt,Dyed,Dark Beige,Cotton,Multi embroidery,Not Applied,Not Applied,Not Applied,Not Applied,Not_Applied,Not Applied,Collar neck,Regular sleeves,Half Sleeve,Beige,24,-
346-01,Anjali,J.Turritopsis,shirt,Borer shirts,Unknown,Mandarin collar,Dyed,Coffee,Rayon,Borer embroidery,Not Applied,Not Applied,Not Applied,Not Applied,Not_Applied,Not Applied,Stand collar neck, Balloon sleeves,3/4 Sleeve,Brown,24,-
346-02,Anjali,J.Turritopsis,shirt,Borer shirts,Unknown,Mandarin collar,Dyed,Off White,Rayon,Borer embroidery,Not Applied,Not Applied,Not Applied,Not Applied,Not_Applied,Not Applied,Stand collar neck, Balloon sleeves,3/4 Sleeve, White,24,-
346-03,Anjali,J.Turritopsis,shirt,Borer shirts,Unknown,Mandarin collar,Dyed,Sky Blue,Rayon,Borer embroidery,Not Applied,Not Applied,Not Applied,Not Applied,Not_Applied,Not Applied,Stand collar neck, Balloon sleeves,3/4 Sleeve, Blue,24,-
346-04,Anjali,J.Turritopsis,shirt,Borer shirts,Unknown,Mandarin collar,Dyed,Candy Pink,Rayon,Borer embroidery,Not Applied,Not Applied,Not Applied,Not Applied,Not_Applied,Not Applied,Stand collar neck, Balloon sleeves,3/4 Sleeve,Pink,24,-
347-01,Anjali,J.Turritopsis,shirt,Solid shirts,Unknown,Collar shirt,Dyed,Coffee,Crepe,Not Applied,Not Applied,Not Applied,Not Applied,Not Applied,Not_Applied,Not Applied,Unknown,Regular sleeves,Half Sleeve,Brown,25,-
347-02,Anjali,J.Turritopsis,shirt,Solid shirts,Unknown,Collar shirt,Dyed,Denim Blue,Crepe,Not Applied,Not Applied,Not Applied,Not Applied,Not Applied,Not_Applied,Not Applied,Unknown,Regular sleeves,Half Sleeve, Blue,25,-
347-03,Anjali,J.Turritopsis,shirt,Solid shirts,Unknown,Collar shirt,Dyed,Olive,Crepe,Not Applied,Not Applied,Not Applied,Not Applied,Not Applied,Not_Applied,Not Applied,Unknown,Regular sleeves,Half Sleeve,Green,25,-
347-04,Anjali,J.Turritopsis,shirt,Solid shirts,Unknown,Collar shirt,Dyed,Navy Blue,Crepe,Not Applied,Not Applied,Not Applied,Not Applied,Not Applied,Not_Applied,Not Applied,Unknown,Regular sleeves,Half Sleeve, Blue,25,-
348-01,Anjali,J.Turritopsis,shirt,Embroidery shirts,Unknown,Collar shirt,Dyed,Baby Pink,Viscose Blend,Multi embroidery,Not Applied,Not Applied,Not Applied,Not Applied,Not_Applied,Not Applied,Unknown, Balloon sleeves,Full Sleeve,Pink,25,-
348-02,Anjali,J.Turritopsis,shirt,Embroidery shirts,Unknown,Collar shirt,Dyed,Royal Blue,Viscose Blend,Multi embroidery,Not Applied,Not Applied,Not Applied,Not Applied,Not_Applied,Not Applied,Unknown, Balloon sleeves,Full Sleeve, Blue,25,-
348-03,Anjali,J.Turritopsis,shirt,Embroidery shirts,Unknown,Collar shirt,Dyed,Dusty Yellow,Viscose Blend,Multi embroidery,Not Applied,Not Applied,Not Applied,Not Applied,Not_Applied,Not Applied,Unknown, Balloon sleeves,Full Sleeve,Yellow,26,-
348-04,Anjali,J.Turritopsis,shirt,Embroidery shirts,Unknown,Collar shirt,Dyed,Sky Blue,Viscose Blend,Multi embroidery,Not Applied,Not Applied,Not Applied,Not Applied,Not_Applied,Not Applied,Unknown, Balloon sleeves,Full Sleeve, Blue,26,-
349-01,Anjali,J.Turritopsis,shirt,Solid shirts,Unknown,Collar shirt,Dyed,Charcoal,Denim,Not Applied,Not Applied,Not Applied,Not Applied,Not Applied,Not_Applied,Not Applied,Unknown,Regular sleeves,3/4 Sleeve,Black,26,-
349-02,Anjali,J.Turritopsis,shirt,Solid shirts,Unknown,Collar shirt,Dyed,Light Blue,Denim,Not Applied,Not Applied,Not Applied,Not Applied,Not Applied,Not_Applied,Not Applied,Unknown,Regular sleeves,3/4 Sleeve, Blue,26,-
349-03,Anjali,J.Turritopsis,shirt,Solid shirts,Unknown,Collar shirt,Dyed,Denim Blue,Denim,Not Applied,Not Applied,Not Applied,Not Applied,Not Applied,Not_Applied,Not Applied,Unknown,Regular sleeves,3/4 Sleeve, Blue,26,-
350-01,Anjali,J.Turritopsis,shirt,Embroidery shirts,Unknown,Collar shirt,Dyed,Coffee,Crepe,Multi embroidery,Not Applied,Not Applied,Not Applied,Not Applied,Not_Applied,Not Applied,Unknown,Regular sleeves,Half Sleeve,Brown,22,-
350-02,Anjali,J.Turritopsis,shirt,Embroidery shirts,Unknown,Collar shirt,Dyed,Navy Blue,Crepe,Multi embroidery,Not Applied,Not Applied,Not Applied,Not Applied,Not_Applied,Not Applied,Unknown,Regular sleeves,Half Sleeve, Blue,22,-
350-03,Anjali,J.Turritopsis,shirt,Embroidery shirts,Unknown,Collar shirt,Dyed,Neon,Crepe,Multi embroidery,Not Applied,Not Applied,Not Applied,Not Applied,Not_Applied,Not Applied,Unknown,Regular sleeves,Half Sleeve,Green,22,-
350-04,Anjali,J.Turritopsis,shirt,Embroidery shirts,Unknown,Collar shirt,Dyed,Cream,Crepe,Multi embroidery,Not Applied,Not Applied,Not Applied,Not Applied,Not_Applied,Not Applied,Unknown,Regular sleeves,Half Sleeve,Cream,22,-
351-01,Anjali,J.Turritopsis,shirt,Embroidery shirts,Unknown,Mandarin collar,Dyed,Off White,Rayon,Multi embroidery,Not Applied,Not Applied,Not Applied,Not Applied,Not_Applied,Not Applied,Unknown, Balloon sleeves,Full Sleeve, White,25,-
351-02,Anjali,J.Turritopsis,shirt,Embroidery shirts,Unknown,Mandarin collar,Dyed,Khaki,Rayon,Multi embroidery,Not Applied,Not Applied,Not Applied,Not Applied,Not_Applied,Not Applied,Unknown, Balloon sleeves,Full Sleeve,Khaki,25,-
351-03,Anjali,J.Turritopsis,shirt,Embroidery shirts,Unknown,Mandarin collar,Dyed,Coffee,Rayon,Multi embroidery,Not Applied,Not Applied,Not Applied,Not Applied,Not_Applied,Not Applied,Unknown, Balloon sleeves,Full Sleeve,Brown,25,-
352-01,Anjali,J.Turritopsis,shirt,Borer shirts,Unknown,Collar shirt,Dyed,Neon,Cotton,Borer embroidery,Not Applied,Not Applied,Not Applied,Not Applied,Not_Applied,Not Applied,Unknown,Not Applied,Sleeve less,Green,25,-
352-02,Anjali,J.Turritopsis,shirt,Borer shirts,Unknown,Collar shirt,Dyed,Lavender,Cotton,Borer embroidery,Not Applied,Not Applied,Not Applied,Not Applied,Not_Applied,Not Applied,Unknown,Not Applied,Sleeve less,Purple,25,-
352-03,Anjali,J.Turritopsis,shirt,Borer shirts,Unknown,Collar shirt,Dyed,Orange,Cotton,Borer embroidery,Not Applied,Not Applied,Not Applied,Not Applied,Not_Applied,Not Applied,Unknown,Not Applied,Sleeve less,Brown,25,-
352-04,Anjali,J.Turritopsis,shirt,Borer shirts,Unknown,Collar shirt,Dyed,Coffee,Cotton,Borer embroidery,Not Applied,Not Applied,Not Applied,Not Applied,Not_Applied,Not Applied,Unknown,Not Applied,Sleeve less,Brown,25,-
353-01,Anjali,J.Turritopsis,shirt,Embroidery shirts,Unknown,Mandarin collar,Dyed,Beige,Viscose Blend,Multi embroidery,Not Applied,Not Applied,Not Applied,Not Applied,Not_Applied,Not Applied,Unknown,Not Applied,Sleeve less,Beige,25,-
353-02,Anjali,J.Turritopsis,shirt,Embroidery shirts,Unknown,Mandarin collar,Dyed,Olive,Viscose Blend,Multi embroidery,Not Applied,Not Applied,Not Applied,Not Applied,Not_Applied,Not Applied,Unknown,Not Applied,Sleeve less,Green,25,-
353-03,Anjali,J.Turritopsis,shirt,Embroidery shirts,Unknown,Mandarin collar,Dyed,Caramel,Viscose Blend,Multi embroidery,Not Applied,Not Applied,Not Applied,Not Applied,Not_Applied,Not Applied,Unknown,Not Applied,Sleeve less,Caramel,25,-
353-04,Anjali,J.Turritopsis,shirt,Embroidery shirts,Unknown,Mandarin collar,Dyed,Baby Pink,Viscose Blend,Multi embroidery,Not Applied,Not Applied,Not Applied,Not Applied,Not_Applied,Not Applied,Unknown,Not Applied,Sleeve less,Pink,25,-
354-01,Anjali,J.Turritopsis,shirt,Embroidery shirts,Unknown,Waistcoat,Dyed,Denim Blue,Denim,Multi embroidery,Not Applied,Not Applied,Not Applied,Not Applied,Not_Applied,Not Applied,Unknown,Not Applied,Sleeve less, Blue,22,-
354-02,Anjali,J.Turritopsis,shirt,Embroidery shirts,Unknown,Waistcoat,Dyed,Mid Blue,Denim,Multi embroidery,Not Applied,Not Applied,Not Applied,Not Applied,Not_Applied,Not Applied,Unknown,Not Applied,Sleeve less, Blue,22,-
354-03,Anjali,J.Turritopsis,shirt,Embroidery shirts,Unknown,Waistcoat,Dyed,Light Charcoal,Denim,Multi embroidery,Not Applied,Not Applied,Not Applied,Not Applied,Not_Applied,Not Applied,Unknown,Not Applied,Sleeve less,Black,22,-
355-01,Anjali,J.Turritopsis,shirt,Solid shirts,Unknown,Round neck,Dyed,Denim Blue,Denim,Not Applied,Not Applied,Not Applied,Not Applied,Not Applied,Not_Applied,Not Applied,Unknown,Regular sleeves,Full Sleeve, Blue,25,-
355-02,Anjali,J.Turritopsis,shirt,Solid shirts,Unknown,Round neck,Dyed,Charcoal,Denim,Not Applied,Not Applied,Not Applied,Not Applied,Not Applied,Not_Applied,Not Applied,Unknown,Regular sleeves,Full Sleeve,Black,25,-
356-01,Anjali,J.Turritopsis,shirt,Embroidery shirts,Unknown,Collar shirt,Dyed,Sky Blue,Viscose Blend,Multi embroidery,Not Applied,Not Applied,Not Applied,Not Applied,Not_Applied,Not Applied,Unknown,Regular sleeves,Full Sleeve, Blue,24,-
356-02,Anjali,J.Turritopsis,shirt,Embroidery shirts,Unknown,Collar shirt,Dyed,Caramel,Viscose Blend,Multi embroidery,Not Applied,Not Applied,Not Applied,Not Applied,Not_Applied,Not Applied,Unknown,Regular sleeves,Full Sleeve,Caramel,24,-
356-03,Anjali,J.Turritopsis,shirt,Embroidery shirts,Unknown,Collar shirt,Dyed,Olive,Viscose Blend,Multi embroidery,Not Applied,Not Applied,Not Applied,Not Applied,Not_Applied,Not Applied,Unknown,Regular sleeves,Full Sleeve,Green,24,-
356-04,Anjali,J.Turritopsis,shirt,Embroidery shirts,Unknown,Collar shirt,Dyed,Royal Blue,Viscose Blend,Multi embroidery,Not Applied,Not Applied,Not Applied,Not Applied,Not_Applied,Not Applied,Unknown,Regular sleeves,Full Sleeve, Blue,24,-
357-01,Anjali,J.Turritopsis,shirt,Cording embroidery shirts,Unknown,Collar shirt,Dyed,Ice Blue,Rayon,Cording embroidery,Not Applied,Not Applied,Not Applied,Not Applied,Not_Applied,Not Applied,Unknown,Elbow sleeve,Half Sleeve, Blue,24,-
357-02,Anjali,J.Turritopsis,shirt,Cording embroidery shirts,Unknown,Collar shirt,Dyed,Coffee,Rayon,Cording embroidery,Not Applied,Not Applied,Not Applied,Not Applied,Not_Applied,Not Applied,Unknown,Elbow sleeve,Half Sleeve,Brown,24,-
357-03,Anjali,J.Turritopsis,shirt,Cording embroidery shirts,Unknown,Collar shirt,Dyed,Light Beige,Rayon,Cording embroidery,Not Applied,Not Applied,Not Applied,Not Applied,Not_Applied,Not Applied,Unknown,Elbow sleeve,Half Sleeve,Light Beige,24,-
358-01,Anjali,J.Turritopsis,shirt,Embroidery shirts,Unknown,Collar shirt,Dyed,Royal Blue,Viscose Blend,Multi embroidery,Not Applied,Not Applied,Not Applied,Not Applied,Not_Applied,Not Applied,Unknown,Regular sleeves,3/4 Sleeve, Blue,24,-
358-02,Anjali,J.Turritopsis,shirt,Embroidery shirts,Unknown,Collar shirt,Dyed,Caramel,Viscose Blend,Multi embroidery,Not Applied,Not Applied,Not Applied,Not Applied,Not_Applied,Not Applied,Unknown,Regular sleeves,3/4 Sleeve,Caramel,24,-
358-03,Anjali,J.Turritopsis,shirt,Embroidery shirts,Unknown,Collar shirt,Dyed,Dark Pink,Viscose Blend,Multi embroidery,Not Applied,Not Applied,Not Applied,Not Applied,Not_Applied,Not Applied,Unknown,Regular sleeves,3/4 Sleeve,Pink,24,-
359-01,Anjali,J.Turritopsis,Dress,Denim Maxi Dress,Unknown,Square Neck,Dyed,Charcoal,Denim,Not Applied,Not Applied,Not Applied,Not Applied,Not Applied,Not_Applied,Not Applied,Unknown,Not Applied,Sleeve less,Black,42,-
359-02,Anjali,J.Turritopsis,Dress,Denim Maxi Dress,Unknown,Square Neck,Dyed,Blue,Denim,Not Applied,Not Applied,Not Applied,Not Applied,Not Applied,Not_Applied,Not Applied,Unknown,Not Applied,Sleeve less, Blue,42,-
359-03,Anjali,J.Turritopsis,Dress,Denim Maxi Dress,Unknown,Square Neck,Dyed,Ice Blue,Denim,Not Applied,Not Applied,Not Applied,Not Applied,Not Applied,Not_Applied,Not Applied,Unknown,Not Applied,Sleeve less, Blue,42,-
360-01,Anjali,J.Turritopsis,Dress,Denim Maxi Dress,Unknown,Collar dress,Dyed,Ice Blue,Denim,Not Applied,Not Applied,Not Applied,Not Applied,Not Applied,Not_Applied,Not Applied,Unknown,Not Applied,Sleeve less, Blue,47,-
360-02,Anjali,J.Turritopsis,Dress,Denim Maxi Dress,Unknown,Collar dress,Dyed,Denim Blue,Denim,Not Applied,Not Applied,Not Applied,Not Applied,Not Applied,Not_Applied,Not Applied,Unknown,Not Applied,Sleeve less, Blue,47,-
360-03,Anjali,J.Turritopsis,Dress,Denim Maxi Dress,Unknown,Collar dress,Dyed,Dark Blue,Denim,Not Applied,Not Applied,Not Applied,Not Applied,Not Applied,Not_Applied,Not Applied,Unknown,Not Applied,Sleeve less, Blue,47,-
361-01,Anjali,J.Turritopsis,shirt,Embroidery shirts,Unknown, Collar shirt,Dyed,Orange,Rayon,Multi embroidery,Not Applied,Not Applied,Not Applied,Not Applied,Not_Applied,Not Applied,Unknown,Elbow sleeve,Half Sleeve,Orange,24,-
361-02,Anjali,J.Turritopsis,shirt,Embroidery shirts,Unknown, Collar shirt,Dyed,Coffee,Rayon,Multi embroidery,Not Applied,Not Applied,Not Applied,Not Applied,Not_Applied,Not Applied,Unknown,Elbow sleeve,Half Sleeve,Brown,24,-
361-03,Anjali,J.Turritopsis,shirt,Embroidery shirts,Unknown, Collar shirt,Dyed,Neon,Rayon,Multi embroidery,Not Applied,Not Applied,Not Applied,Not Applied,Not_Applied,Not Applied,Unknown,Elbow sleeve,Half Sleeve,Green,24,-
361-04,Anjali,J.Turritopsis,shirt,Embroidery shirts,Unknown, Collar shirt,Dyed,Ice Blue,Rayon,Multi embroidery,Not Applied,Not Applied,Not Applied,Not Applied,Not_Applied,Not Applied,Unknown,Elbow sleeve,Half Sleeve, Blue,24,-
362-01,Anjali,J.Turritopsis,Dress,Denim Maxi Dress,Unknown,Square Neck,Dyed,Denim Blue,Denim,Not Applied,Not Applied,Not Applied,Not Applied,Not Applied,Not_Applied,Not Applied,Unknown,Not Applied,Sleeve less, Blue,47,-
362-02,Anjali,J.Turritopsis,Dress,Denim Maxi Dress,Unknown,Square Neck,Dyed,Dark Blue,Denim,Not Applied,Not Applied,Not Applied,Not Applied,Not Applied,Not_Applied,Not Applied,Unknown,Not Applied,Sleeve less, Blue,47,-
362-03,Anjali,J.Turritopsis,Dress,Denim Maxi Dress,Unknown,Square Neck,Dyed,Charcoal,Denim,Not Applied,Not Applied,Not Applied,Not Applied,Not Applied,Not_Applied,Not Applied,Unknown,Not Applied,Sleeve less,Black,47,-
363-01,Anjali,J.Turritopsis,shirt,Cording embroidery shirts,Unknown, Collar shirt,Dyed,Ice Blue,Rayon,Cording embroidery,Not Applied,Not Applied,Not Applied,Not Applied,Not_Applied,Not Applied,Unknown,Not Applied,Sleeve less, Blue,21,-
363-02,Anjali,J.Turritopsis,shirt,Cording embroidery shirts,Unknown, Collar shirt,Dyed,Neon,Rayon,Cording embroidery,Not Applied,Not Applied,Not Applied,Not Applied,Not_Applied,Not Applied,Unknown,Not Applied,Sleeve less,Green,21,-
363-03,Anjali,J.Turritopsis,shirt,Cording embroidery shirts,Unknown, Collar shirt,Dyed,Brown,Rayon,Cording embroidery,Not Applied,Not Applied,Not Applied,Not Applied,Not_Applied,Not Applied,Unknown,Not Applied,Sleeve less,Brown,21,-
364-01,Anjali,J.Turritopsis,Dress,Emb. Maxi Dress,Unknown,Square Neck,Dyed,Green,Cotton,Borer embroidery,Not Applied,Not Applied,Not Applied,Not Applied,Not_Applied,Not Applied,Unknown,Not Applied,Sleeve less,Green,48,-
364-02,Anjali,J.Turritopsis,Dress,Emb. Maxi Dress,Unknown,Square Neck,Dyed,Orange,Cotton,Borer embroidery,Not Applied,Not Applied,Not Applied,Not Applied,Not_Applied,Not Applied,Unknown,Not Applied,Sleeve less,Orange,48,-
364-03,Anjali,J.Turritopsis,Dress,Emb. Maxi Dress,Unknown,Square Neck,Dyed,Coffee,Cotton,Borer embroidery,Not Applied,Not Applied,Not Applied,Not Applied,Not_Applied,Not Applied,Unknown,Not Applied,Sleeve less,Brown,48,-
364-04,Anjali,J.Turritopsis,Dress,Emb. Maxi Dress,Unknown,Square Neck,Dyed,Light Purple,Cotton,Borer embroidery,Not Applied,Not Applied,Not Applied,Not Applied,Not_Applied,Not Applied,Unknown,Not Applied,Sleeve less,Purple,48,-
365-01,Anjali,J.Turritopsis,Dress,Solid Maxi Dress,Unknown,Square Neck,Dyed,Butter Yellow,Cotton,Not Applied,Not Applied,Not Applied,Not Applied,Not Applied,Not_Applied,Not Applied,Unknown,Not Applied,Sleeve less,Yellow,43,-
365-02,Anjali,J.Turritopsis,Dress,Solid Maxi Dress,Unknown,Square Neck,Dyed,Dark Orange,Cotton,Not Applied,Not Applied,Not Applied,Not Applied,Not Applied,Not_Applied,Not Applied,Unknown,Not Applied,Sleeve less,Orange,43,-
365-03,Anjali,J.Turritopsis,Dress,Solid Maxi Dress,Unknown,Square Neck,Dyed,Red,Cotton,Not Applied,Not Applied,Not Applied,Not Applied,Not Applied,Not_Applied,Not Applied,Unknown,Not Applied,Sleeve less,Red,43,-
365-04,Anjali,J.Turritopsis,Dress,Solid Maxi Dress,Unknown,Square Neck,Dyed,Royal Blue,Cotton,Not Applied,Not Applied,Not Applied,Not Applied,Not Applied,Not_Applied,Not Applied,Unknown,Not Applied,Sleeve less, Blue,43,-
366-01,Anjali,J.Turritopsis,shirt,Solid shirts,Unknown,Square Neck,Dyed,Butter Yellow,Cotton,Not Applied,Not Applied,Not Applied,Not Applied,Not Applied,Not_Applied,Not Applied,Unknown,Regular sleeves,Full Sleeve,Yellow,15,-
366-02,Anjali,J.Turritopsis,shirt,Solid shirts,Unknown,Square Neck,Dyed,Brown,Cotton,Not Applied,Not Applied,Not Applied,Not Applied,Not Applied,Not_Applied,Not Applied,Unknown,Regular sleeves,Full Sleeve,Brown,15,-
366-03,Anjali,J.Turritopsis,shirt,Solid shirts,Unknown,Square Neck,Dyed,Hot Pink,Cotton,Not Applied,Unknown,Unknown,Unknown,Unknown,Unknown,Not Applied,Unknown,Regular sleeves,Full Sleeve,Pink,15,Unknown
366-04,Anjali,J.Turritopsis,shirt,Solid shirts,Unknown,Square Neck,Dyed,Royal Blue,Cotton,Not Applied,Not Applied,Not Applied,Not Applied,Not Applied,Not_Applied,Not Applied,Unknown,Regular sleeves,Full Sleeve, Blue,15,-
367-01,Anjali,J.Turritopsis,Shirt,Borer shirts,Unknown,Collar shirt,Dyed,Neon,Cotton,Borer embroidery,Not Applied,Not Applied,Not Applied,Not Applied,Not_Applied,Not Applied,Unknown,Regular sleeves,Full Sleeve,Green,24,-
367-02,Anjali,J.Turritopsis,Shirt,Borer shirts,Unknown,Collar shirt,Dyed,Orange,Cotton,Borer embroidery,Not Applied,Not Applied,Not Applied,Not Applied,Not_Applied,Not Applied,Unknown,Regular sleeves,Full Sleeve,Orange,24,-
367-03,Anjali,J.Turritopsis,Shirt,Borer shirts,Unknown,Collar shirt,Dyed,Hot Pink,Cotton,Borer embroidery,Not Applied,Not Applied,Not Applied,Not Applied,Not_Applied,Not Applied,Unknown,Regular sleeves,Full Sleeve,Pink,24,-
367-04,Anjali,J.Turritopsis,Shirt,Borer shirts,Unknown,Collar shirt,Dyed,Royal Blue,Cotton,Borer embroidery,Not Applied,Not Applied,Not Applied,Not Applied,Not_Applied,Not Applied,Unknown,Regular sleeves,Full Sleeve, Blue,24,-
368-01,Anjali,J.Turritopsis,Shirt,Embroidery shirts,Unknown,Collar shirt,Dyed,Butter Yellow,Cotton,Multi embroidery,Not Applied,Not Applied,Not Applied,Not Applied,Not_Applied,Not Applied,Unknown,Regular sleeves,3/4 Sleeve,Yellow,24,-
368-02,Anjali,J.Turritopsis,Shirt,Embroidery shirts,Unknown,Collar shirt,Dyed,Orange,Cotton,Multi embroidery,Not Applied,Not Applied,Not Applied,Not Applied,Not_Applied,Not Applied,Unknown,Regular sleeves,3/4 Sleeve,Orange,24,-
368-03,Anjali,J.Turritopsis,Shirt,Embroidery shirts,Unknown,Collar shirt,Dyed,Coffee,Cotton,Multi embroidery,Not Applied,Not Applied,Not Applied,Not Applied,Not_Applied,Not Applied,Unknown,Regular sleeves,3/4 Sleeve,Brown,24,-
369-01,Anjali,J.Turritopsis,Shirt,Embroidery shirts,Unknown,Collar shirt,Print,Pink,Rayon Line,Multi embroidery,Not Applied,Not Applied,Not Applied,Not Applied,Not_Applied,Stripe,Unknown,Regular sleeves,Full Sleeve,Pink,26,-
369-02,Anjali,J.Turritopsis,Shirt,Embroidery shirts,Unknown,Collar shirt,Print,Blue,Rayon Line,Multi embroidery,Not Applied,Not Applied,Not Applied,Not Applied,Not_Applied,Stripe,Unknown,Regular sleeves,Full Sleeve,Blue,26,-
369-03,Anjali,J.Turritopsis,Shirt,Embroidery shirts,Unknown,Collar shirt,Print,Cream,Rayon Line,Multi embroidery,Not Applied,Not Applied,Not Applied,Not Applied,Not_Applied,Stripe,Unknown,Regular sleeves,Full Sleeve,Cream,26,-
370-01,Anjali,J.Turritopsis,Shirt,Embroidery shirts,Unknown,Collar shirt,Print,Green,Cotton Line,Multi embroidery,Not Applied,Not Applied,Not Applied,Not Applied,Not_Applied,Stripe,Unknown,Regular sleeves,Full Sleeve,Green,30,-
370-02,Anjali,J.Turritopsis,Shirt,Embroidery shirts,Unknown,Collar shirt,Print,Orange,Cotton Line,Multi embroidery,Not Applied,Not Applied,Not Applied,Not Applied,Not_Applied,Stripe,Unknown,Regular sleeves,Full Sleeve,Orange,30,-
370-03,Anjali,J.Turritopsis,Shirt,Embroidery shirts,Unknown,Collar shirt,Print,Peach,Cotton Line,Multi embroidery,Not Applied,Not Applied,Not Applied,Not Applied,Not_Applied,Stripe,Unknown,Regular sleeves,Full Sleeve,Peach,30,-
371-01,Anjali,J.Turritopsis,Shirt,Embroidery shirts,Unknown,Collar shirt,Print,Hot Pink,Cotton,Multi embroidery,Not Applied,Not Applied,Not Applied,Not Applied,Not_Applied,Stripe,Unknown,Regular sleeves,Full Sleeve,Pink,26,-
371-02,Anjali,J.Turritopsis,Shirt,Embroidery shirts,Unknown,Collar shirt,Print,Royal Blue,Cotton,Multi embroidery,Not Applied,Not Applied,Not Applied,Not Applied,Not_Applied,Stripe,Unknown,Regular sleeves,Full Sleeve, Blue,26,-
371-03,Anjali,J.Turritopsis,Shirt,Embroidery shirts,Unknown,Collar shirt,Print,Olive,Cotton,Multi embroidery,Not Applied,Not Applied,Not Applied,Not Applied,Not_Applied,Stripe,Unknown,Regular sleeves,Full Sleeve,Green,26,-
371-04,Anjali,J.Turritopsis,Shirt,Embroidery shirts,Unknown,Collar shirt,Print,Rust,Cotton,Multi embroidery,Not Applied,Not Applied,Not Applied,Not Applied,Not_Applied,Stripe,Unknown,Regular sleeves,Full Sleeve, Blue,26,-
372-01,Anjali,J.Turritopsis,Shirt,Printed shirt,Unknown,Collar shirt,Print,Indigo,Cotton,Not Applied,Not Applied,Not Applied,Not Applied,Not Applied,Not_Applied,Elephant,Unknown,Elbow sleeve,Half Sleeve, Blue,24,-
372-02,Anjali,J.Turritopsis,Shirt,Printed shirt,Unknown,Collar shirt,Print,Indigo,Cotton,Not Applied,Not Applied,Not Applied,Not Applied,Not Applied,Not_Applied,Floral print,Unknown,Elbow sleeve,Half Sleeve, Blue,24,-
372-03,Anjali,J.Turritopsis,Shirt,Printed shirt,Unknown,Collar shirt,Print,Indigo,Cotton,Not Applied,Not Applied,Not Applied,Not Applied,Not Applied,Not_Applied,Chex,Unknown,Elbow sleeve,Half Sleeve, Blue,24,-
373-01,Anjali,J.Turritopsis,Shirt,Printed shirt,Unknown,Collar shirt,Print,Orange,Cotton,Not Applied,Not Applied,Not Applied,Not Applied,Not Applied,Not_Applied,Elephant,Unknown,Gathered sleeve,Full Sleeve,Orange,24,-
373-02,Anjali,J.Turritopsis,Shirt,Printed shirt,Unknown,Collar shirt,Print,Blue,Cotton,Not Applied,Not Applied,Not Applied,Not Applied,Not Applied,Not_Applied,Elephant,Unknown,Gathered sleeve,Full Sleeve,Blue,24,-
373-03,Anjali,J.Turritopsis,Shirt,Printed shirt,Unknown,Collar shirt,Print,Coffee,Cotton,Not Applied,Not Applied,Not Applied,Not Applied,Not Applied,Not_Applied,Elephant,Unknown,Gathered sleeve,Full Sleeve,Brown,24,-
373-04,Anjali,J.Turritopsis,Shirt,Printed shirt,Unknown,Collar shirt,Print,Hot Pink,Cotton,Not Applied,Not Applied,Not Applied,Not Applied,Not Applied,Not_Applied,Elephant,Unknown,Gathered sleeve,Full Sleeve,Pink,24,-
374-01,Anjali,J.Turritopsis,Shirt,Printed shirt,Unknown,Collar shirt,Print,Royal Blue,Cotton,Not Applied,Not Applied,Not Applied,Not Applied,Not Applied,Not_Applied,Animal,Unknown,Regular sleeves,3/4 Sleeve, Blue,27,-
374-02,Anjali,J.Turritopsis,Shirt,Printed shirt,Unknown,Collar shirt,Print,Olive,Cotton,Not Applied,Not Applied,Not Applied,Not Applied,Not Applied,Not_Applied,Animal ,Unknown,Regular sleeves,3/4 Sleeve,Green,27,-
374-03,Anjali,J.Turritopsis,Shirt,Printed shirt,Unknown,Collar shirt,Print,Coffee,Cotton,Not Applied,Not Applied,Not Applied,Not Applied,Not Applied,Not_Applied,Animal,Unknown,Regular sleeves,3/4 Sleeve,Brown,27,-
375-01,Anjali,J.Turritopsis,Shirt,Solid shirts,Unknown,Collar shirt,Dyed,Neon,Cotton,Not Applied,Not Applied,Not Applied,Not Applied,Not Applied,Not_Applied,Not Applied,Unknown,Gathered sleeve,Full Sleeve,Green,24,-
375-02,Anjali,J.Turritopsis,Shirt,Solid shirts,Unknown,Collar shirt,Dyed,Orange,Cotton,Not Applied,Not Applied,Not Applied,Not Applied,Not Applied,Not_Applied,Not Applied,Unknown,Gathered sleeve,Full Sleeve,Orange,24,-
375-03,Anjali,J.Turritopsis,Shirt,Solid shirts,Unknown,Collar shirt,Dyed,Royal Blue,Cotton,Not Applied,Not Applied,Not Applied,Not Applied,Not Applied,Not_Applied,Not Applied,Unknown,Gathered sleeve,Full Sleeve, Blue,24,-
375-04,Anjali,J.Turritopsis,Shirt,Solid shirts,Unknown,Collar shirt,Dyed,Hot Pink,Cotton,Not Applied,Not Applied,Not Applied,Not Applied,Not Applied,Not_Applied,Not Applied,Unknown,Gathered sleeve,Full Sleeve,Pink,24,-
376-01,Anjali,J.Turritopsis,Shirt,Embroidery shirts,Unknown,Collar shirt,Dyed,Cream,Cotton,Multi embroidery,Not Applied,Not Applied,Not Applied,Not Applied,Not_Applied,Not Applied,Unknown,Elbow sleeve,Half Sleeve,Cream,24,-
376-02,Anjali,J.Turritopsis,Shirt,Embroidery shirts,Unknown,Collar shirt,Dyed,Orange,Cotton,Multi embroidery,Not Applied,Not Applied,Not Applied,Not Applied,Not_Applied,Not Applied,Unknown,Elbow sleeve,Half Sleeve,Orange,24,-
376-03,Anjali,J.Turritopsis,Shirt,Embroidery shirts,Unknown,Collar shirt,Dyed,Coffee,Cotton,Multi embroidery,Not Applied,Not Applied,Not Applied,Not Applied,Not_Applied,Not Applied,Unknown,Elbow sleeve,Half Sleeve,Brown,24,-
377-01,Anjali,J.Turritopsis,Shirt,Solid shirts,Unknown,Collar shirt,Dyed,Bright Yellow,Cotton,Not Applied,Not Applied,Not Applied,Not Applied,Not Applied,Not_Applied,Not Applied,Unknown,Regular sleeves,Full Sleeve,Yellow,28,-
377-02,Anjali,J.Turritopsis,Shirt,Solid shirts,Unknown,Collar shirt,Dyed,Royal Blue,Cotton,Not Applied,Not Applied,Not Applied,Not Applied,Not Applied,Not_Applied,Not Applied,Unknown,Regular sleeves,Full Sleeve, Blue,28,-
377-03,Anjali,J.Turritopsis,Shirt,Solid shirts,Unknown,Collar shirt,Dyed,Orange,Cotton,Not Applied,Not Applied,Not Applied,Not Applied,Not Applied,Not_Applied,Not Applied,Unknown,Regular sleeves,Full Sleeve,Orange,28,-
377-04,Anjali,J.Turritopsis,Shirt,Solid shirts,Unknown,Collar shirt,Dyed,Bright Red,Cotton,Not Applied,Not Applied,Not Applied,Not Applied,Not Applied,Not_Applied,Not Applied,Unknown,Regular sleeves,Full Sleeve,Red,28,-
378-01,Anjali,J.Turritopsis,Shirt,Printed shirt,Unknown,Collar shirt,Print,Denim Blue,Rayon,Not Applied,Not Applied,Not Applied,Not Applied,Not Applied,Not_Applied,Not Applied,Unknown,Elbow sleeve,Half Sleeve, Blue,24,-
378-02,Anjali,J.Turritopsis,Shirt,Printed shirt,Unknown,Collar shirt,Print,Pink,Rayon,Not Applied,Not Applied,Not Applied,Not Applied,Not Applied,Not_Applied,Not Applied,Unknown,Elbow sleeve,Half Sleeve,Pink,24,-
379-01,Anjali,J.Turritopsis,Shirt,Borer shirts,Unknown,Mandarin collar,Dyed,Hot Pink,Cotton,Borer embroidery,Not Applied,Not Applied,Not Applied,Not Applied,Not_Applied,Not Applied,Unknown,Regular sleeves,Full Sleeve,Pink,24,-
379-02,Anjali,J.Turritopsis,Shirt,Borer shirts,Unknown,Mandarin collar,Dyed,Mehendi Green,Cotton,Borer embroidery,Not Applied,Not Applied,Not Applied,Not Applied,Not_Applied,Not Applied,Unknown,Regular sleeves,Full Sleeve,Green,24,-
379-03,Anjali,J.Turritopsis,Shirt,Borer shirts,Unknown,Mandarin collar,Dyed,Rust Orange,Cotton,Borer embroidery,Not Applied,Not Applied,Not Applied,Not Applied,Not_Applied,Not Applied,Unknown,Regular sleeves,Full Sleeve,Orange,24,-
380-01,Anjali,J.Turritopsis,Shirt,Printed shirt,Unknown,Collar shirt,Print,Blue,Cotton,Not Applied,Not Applied,Not Applied,Not Applied,Not Applied,Not_Applied,Geometric Print,Unknown,Regular sleeves,Full Sleeve,Blue,28,-
380-02,Anjali,J.Turritopsis,Shirt,Printed shirt,Unknown,Collar shirt,Print,Black,Cotton,Not Applied,Not Applied,Not Applied,Not Applied,Not Applied,Not_Applied,Geometric Print,Unknown,Regular sleeves,Full Sleeve,Black,28,-
381-01,Anjali,J.Turritopsis,Shirt,Embroidery shirts,Unknown,Waistcoat,Dyed,Cream,Cotton,Multi embroidery,Not Applied,Not Applied,Not Applied,Not Applied,Not_Applied,Not Applied,Unknown, Balloon sleeves,Full Sleeve,Cream,24,-
381-02,Anjali,J.Turritopsis,Shirt,Embroidery shirts,Unknown,Waistcoat,Dyed,Parrot Green,Cotton,Multi embroidery,Not Applied,Not Applied,Not Applied,Not Applied,Not_Applied,Not Applied,Unknown, Balloon sleeves,Full Sleeve,Green,24,-
381-03,Anjali,J.Turritopsis,Shirt,Embroidery shirts,Unknown,Waistcoat,Dyed,Royal Blue,Cotton,Multi embroidery,Not Applied,Not Applied,Not Applied,Not Applied,Not_Applied,Not Applied,Unknown, Balloon sleeves,Full Sleeve,Blue,24,-
381-04,Anjali,J.Turritopsis,Shirt,Embroidery shirts,Unknown,Waistcoat,Dyed,Orange,Cotton,Multi embroidery,Not Applied,Not Applied,Not Applied,Not Applied,Not_Applied,Not Applied,Unknown, Balloon sleeves,Full Sleeve,Orange,24,-
382-01,Anjali,J.Turritopsis,Shirt,Borer shirts,Unknown,Mandarin collar,Dyed,Rust,Rayon,Borer embroidery,Not Applied,Not Applied,Not Applied,Not Applied,Not_Applied,Not Applied,Unknown, Balloon sleeves,Full Sleeve,Orange,24,-
382-02,Anjali,J.Turritopsis,Shirt,Borer shirts,Unknown,Mandarin collar,Dyed,Coffee,Rayon,Borer embroidery,Not Applied,Not Applied,Not Applied,Not Applied,Not_Applied,Not Applied,Unknown, Balloon sleeves,Full Sleeve,Brown,24,-
382-03,Anjali,J.Turritopsis,Shirt,Borer shirts,Unknown,Mandarin collar,Dyed,Bright Neon,Rayon,Borer embroidery,Not Applied,Not Applied,Not Applied,Not Applied,Not_Applied,Not Applied,Unknown, Balloon sleeves,Full Sleeve,Green,24,-
382-04,Anjali,J.Turritopsis,Shirt,Borer shirts,Unknown,Mandarin collar,Dyed,Red,Rayon,Borer embroidery,Not Applied,Not Applied,Not Applied,Not Applied,Not_Applied,Not Applied,Unknown, Balloon sleeves,Full Sleeve,Red,24,-
383-01,Anjali,J.Turritopsis,Shirt,Cording embroidery shirts,Unknown,Mandarin collar,Dyed,Royal Blue,Cotton,Cording embroidery,Not Applied,Not Applied,Not Applied,Not Applied,Not_Applied,Not Applied,Unknown, Balloon sleeves,Full Sleeve,Blue,24,-
383-02,Anjali,J.Turritopsis,Shirt,Cording embroidery shirts,Unknown,Mandarin collar,Dyed,Orange,Cotton,Cording embroidery,Unknown,Unknown,Unknown,Unknown,Unknown,Not Applied,Unknown, Balloon sleeves,Full Sleeve,Orange,24,Unknown
383-03,Anjali,J.Turritopsis,Shirt,Cording embroidery shirts,Unknown,Mandarin collar,Dyed,Rani,Cotton,Cording embroidery,Unknown,Unknown,Unknown,Unknown,Unknown,Not Applied,Unknown, Balloon sleeves,Full Sleeve,Pink,24,Unknown
383-04,Anjali,J.Turritopsis,Shirt,Cording embroidery shirts,Unknown,Mandarin collar,Dyed,Coffee,Cotton,Cording embroidery,Not Applied,Not Applied,Not Applied,Not Applied,Not_Applied,Not Applied,Unknown, Balloon sleeves,Full Sleeve,Brown,24,-
384-01,Anjali,J.Turritopsis,Shirt,Printed shirt,Unknown,Tie Neck,Print,Green,Satin,Not Applied,Not Applied,Not Applied,Not Applied,Not Applied,Not_Applied,Tiger Print,Unknown, Balloon sleeves,Full Sleeve,Green,24,-
384-02,Anjali,J.Turritopsis,Shirt,Printed shirt,Unknown,Tie Neck,Print,Coffee,Satin,Not Applied,Not Applied,Not Applied,Not Applied,Not Applied,Not_Applied,Tiger Print,Unknown, Balloon sleeves,Full Sleeve,Brown,24,-
384-03,Anjali,J.Turritopsis,Shirt,Printed shirt,Unknown,Tie Neck,Print,Brown,Satin,Not Applied,Not Applied,Not Applied,Not Applied,Not Applied,Not_Applied,Tiger Print,Unknown, Balloon sleeves,Full Sleeve,Brown,24,-
385-01,Anjali,J.Turritopsis,Shirt,Embroidery shirts,Unknown,Mandarin collar,Dyed,Off White,Cotton,Multi embroidery,Not Applied,Not Applied,Not Applied,Not Applied,Not_Applied,Not Applied,Unknown, Balloon sleeves,3/4 Sleeve, White,24,-
385-02,Anjali,J.Turritopsis,Shirt,Embroidery shirts,Unknown,Mandarin collar,Dyed,Off White,Cotton,Multi embroidery,Not Applied,Not Applied,Not Applied,Not Applied,Not_Applied,Not Applied,Unknown, Balloon sleeves,3/4 Sleeve, White,24,-
385-03,Anjali,J.Turritopsis,Shirt,Embroidery shirts,Unknown,Mandarin collar,Dyed,Off White,Cotton,Multi embroidery,Not Applied,Not Applied,Not Applied,Not Applied,Not_Applied,Not Applied,Unknown, Balloon sleeves,3/4 Sleeve, White,24,-
386-01,Anjali,J.Turritopsis,Shirt,Cording embroidery shirts,Unknown,Mandarin collar,Dyed,Orange,Rayon,Cording embroidery,Not Applied,Not Applied,Not Applied,Not Applied,Not_Applied,Not Applied,Unknown,Regular sleeves,3/4 Sleeve,Orange,24,-
386-02,Anjali,J.Turritopsis,Shirt,Cording embroidery shirts,Unknown,Mandarin collar,Dyed,Coffee,Rayon,Cording embroidery,Not Applied,Not Applied,Not Applied,Not Applied,Not_Applied,Not Applied,Unknown,Regular sleeves,3/4 Sleeve,Brown,24,-
386-03,Anjali,J.Turritopsis,Shirt,Cording embroidery shirts,Unknown,Mandarin collar,Dyed,Neon,Rayon,Cording embroidery,Unknown,Unknown,Unknown,Unknown,Unknown,Not Applied,Unknown,Regular sleeves,3/4 Sleeve,Green,24,Unknown
386-04,Anjali,J.Turritopsis,Shirt,Cording embroidery shirts,Unknown,Mandarin collar,Dyed,Ocean Blue,Rayon,Cording embroidery,Unknown,Unknown,Unknown,Unknown,Unknown,Not Applied,Unknown,Regular sleeves,3/4 Sleeve,Blue,24,Unknown
387-01,Anjali,J.Turritopsis,Shirt,Embroidery shirts,Unknown,Waistcoat,Dyed,Coffee,Cotton,Multi embroidery,Not Applied,Not Applied,Not Applied,Not Applied,Not_Applied,Not Applied,Unknown, Balloon sleeves,3/4 Sleeve,Brown,24,-
387-02,Anjali,J.Turritopsis,Shirt,Embroidery shirts,Unknown,Waistcoat,Dyed,Rust Orange,Cotton,Multi embroidery,Not Applied,Not Applied,Not Applied,Not Applied,Not_Applied,Not Applied,Unknown, Balloon sleeves,3/4 Sleeve,Orange,24,-
387-03,Anjali,J.Turritopsis,Shirt,Embroidery shirts,Unknown,Waistcoat,Dyed,Royal Blue,Cotton,Multi embroidery,Not Applied,Not Applied,Not Applied,Not Applied,Not_Applied,Not Applied,Unknown, Balloon sleeves,3/4 Sleeve,Blue,24,-
387-04,Anjali,J.Turritopsis,Shirt,Embroidery shirts,Unknown,Waistcoat,Dyed,Mustard Yellow,Cotton,Multi embroidery,Not Applied,Not Applied,Not Applied,Not Applied,Not_Applied,Not Applied,Unknown, Balloon sleeves,3/4 Sleeve,Yellow,24,-
388-01,Anjali,J.Turritopsis,Dress,Print maxi dress,Unknown,Square Neck,Print,Neon,Cotton,Not Applied,Not Applied,Not Applied,Not Applied,Not Applied,Not_Applied,Stripe,Unknown,Not Applied,Sleeve less,Green,41,Unknown
388-02,Anjali,J.Turritopsis,Dress,Print maxi dress,Unknown,Square Neck,Print,Royal Blue,Cotton,Not Applied,Not Applied,Not Applied,Not Applied,Not Applied,Not_Applied,Stripe,Unknown,Not Applied,Sleeve less,Blue,41,Unknown
388-03,Anjali,J.Turritopsis,Dress,Print maxi dress,Unknown,Square Neck,Print,Pink,Cotton,Not Applied,Not Applied,Not Applied,Not Applied,Not Applied,Not_Applied,Stripe,Unknown,Not Applied,Sleeve less,Pink,41,Unknown
388-04,Anjali,J.Turritopsis,Dress,Print maxi dress,Unknown,Square Neck,Print,Peach,Cotton,Not Applied,Not Applied,Not Applied,Not Applied,Not Applied,Not_Applied,Stripe,Unknown,Not Applied,Sleeve less,Peach,41,Unknown
389-01,Anjali,J.Turritopsis,Shirt,Printed shirt,Unknown,Collar shirt,Print,Orange,Cotton,Not Applied,Not Applied,Not Applied,Not Applied,Not Applied,Not_Applied,Stripe+Watermelon,Unknown,Not Applied,Sleeve less,Orange,26,Unknown
389-02,Anjali,J.Turritopsis,Shirt,Printed shirt,Unknown,Collar shirt,Print,Yellow,Cotton,Not Applied,Not Applied,Not Applied,Not Applied,Not Applied,Not_Applied,Stripe+Watermelon,Unknown,Not Applied,Sleeve less,Yellow,26,Unknown
389-03,Anjali,J.Turritopsis,Shirt,Printed shirt,Unknown,Collar shirt,Print,Hot Pink,Cotton,Not Applied,Not Applied,Not Applied,Not Applied,Not Applied,Not_Applied,Stripe+Watermelon,Unknown,Not Applied,Sleeve less, Pink,26,Unknown
390-01,Anjali,J.Turritopsis,Shirt,Printed shirt,Unknown,Collar shirt,Print,Orange,Cotton,Not Applied,Not Applied,Not Applied,Not Applied,Not Applied,Not_Applied,Strip with heart,Unknown,Down shoulder sleeve,3/4 Sleeve,Orange,24,-
390-02,Anjali,J.Turritopsis,Shirt,Printed shirt,Unknown,Collar shirt,Print,Neon,Cotton,Not Applied,Not Applied,Not Applied,Not Applied,Not Applied,Not_Applied,Strip with heart,Unknown,Down shoulder sleeve,3/4 Sleeve,Green,24,-
390-03,Anjali,J.Turritopsis,Shirt,Printed shirt,Unknown,Collar shirt,Print,Pink,Cotton,Not Applied,Not Applied,Not Applied,Not Applied,Not Applied,Not_Applied,Strip with heart,Unknown,Down shoulder sleeve,3/4 Sleeve,Pink,24,-
391-01,Vaishnavi,J.Turritopsis,Dress,Emb. Midi Dress,Unknown,Round neck,Dyed,Black,Denim,Hand Work,Not Applied,Not Applied,Not Applied,Not Applied,Not_Applied,Not Applied,Round neck,Not Applied,Sleeve less,Black,34,-
391-02,Vaishnavi,J.Turritopsis,Dress,Emb. Midi Dress,Unknown,Round neck,Dyed,Ice Blue,Denim,Hand Work,Not Applied,Not Applied,Not Applied,Not Applied,Not_Applied,Not Applied,Round neck,Not Applied,Sleeve less,Blue,34,-
391-03,Vaishnavi,J.Turritopsis,Dress,Emb. Midi Dress,Unknown,Round neck,Dyed,Denim Blue,Denim,Hand Work,Not Applied,Not Applied,Not Applied,Not Applied,Not_Applied,Not Applied,Round neck,Not Applied,Sleeve less,Blue,34,-
392-01,Vaishnavi,J.Turritopsis,Dress,Denim Midi Dress,Unknown,Round neck,Dyed,Denim Blue,Denim,Not Applied,Not Applied,Not Applied,Not Applied,Not Applied,Not_Applied,Not Applied,Round neck,Not Applied,Sleeve less,Blue,34,-
392-02,Vaishnavi,J.Turritopsis,Dress,Denim Midi Dress,Unknown,Round neck,Dyed,Black,Denim,Not Applied,Not Applied,Not Applied,Not Applied,Not Applied,Not_Applied,Not Applied,Round neck,Not Applied,Sleeve less,Blue,34,-
393-01,Vaishnavi,J.Turritopsis,Dress,Emb. Maxi Dress,Unknown,Square Neck,Dyed,Black,Lachka ,Hand Work,Not Applied,Not Applied,Not Applied,Not Applied,Not_Applied,Not Applied,Halterb neck,Not Applied,Sleeve less,Black,50,-
393-02,Vaishnavi,J.Turritopsis,Dress,Emb. Maxi Dress,Unknown,Square Neck,Dyed,Maroon,Lachka ,Hand Work,Not Applied,Not Applied,Not Applied,Not Applied,Not_Applied,Not Applied,Halterb neck,Not Applied,Sleeve less,Maroon,50,-
393-03,Vaishnavi,J.Turritopsis,Dress,Emb. Maxi Dress,Unknown,Square Neck,Dyed,Olive Mustard,Lachka ,Hand Work,Not Applied,Not Applied,Not Applied,Not Applied,Not_Applied,Not Applied,Halterb neck,Not Applied,Sleeve less,Mustard,50,-
394-01,Vaishnavi,J.Turritopsis,Shirt,Printed shirt,Unknown,Square Neck,Print,Olive, cotton,Not Applied,Not Applied,Not Applied,Not Applied,Not Applied,Not_Applied,Stripe,Square neck,Not Applied,Sleeve less,Green,18,-
394-02,Vaishnavi,J.Turritopsis,Shirt,Printed shirt,Unknown,Square Neck,Print,Hot Pink,cotton,Not Applied,Not Applied,Not Applied,Not Applied,Not Applied,Not_Applied,Stripe,Square neck,Not Applied,Sleeve less,Pink,18,-
394-03,Vaishnavi,J.Turritopsis,Shirt,Printed shirt,Unknown,Square Neck,Print,Royal Blue, cotton,Not Applied,Not Applied,Not Applied,Not Applied,Not Applied,Not_Applied,Stripe,Square neck,Not Applied,Sleeve less,Blue,18,-
395-01,Vaishnavi,J.Turritopsis,Dress,Emb. Midi Dress,Unknown,Square Neck,Dyed,Coffee,Dhabu cotton,Cording embroidery,Not Applied,Not Applied,Not Applied,Not Applied,Not_Applied,Not Applied,V Neck,Not Applied,Sleeve less,Brown,38,-
395-02,Vaishnavi,J.Turritopsis,Dress,Emb. Midi Dress,Unknown,Square Neck,Dyed,Royal Blue,Dhabu cotton,Cording embroidery,Not Applied,Not Applied,Not Applied,Not Applied,Not_Applied,Not Applied,V Neck,Not Applied,Sleeve less,Blue,38,-
395-03,Vaishnavi,J.Turritopsis,Dress,Emb. Midi Dress,Unknown,Square Neck,Dyed,Orange,Dhabu cotton,Cording embroidery,Not Applied,Not Applied,Not Applied,Not Applied,Not_Applied,Not Applied,V Neck,Not Applied,Sleeve less,Orange,38,-
396-01,Vaishnavi,J.Turritopsis,Dress,Emb. Maxi Dress,Unknown,Round neck,Dyed,White,cotton,Multi work,Not Applied,Not Applied,Not Applied,Not Applied,Not_Applied,Not Applied,Square round neck,Puff Sleeve,Half Sleeve,White,46,-
396-02,Vaishnavi,J.Turritopsis,Dress,Emb. Maxi Dress,Unknown,Round neck,Dyed,Pink,cotton,Multi work,Not Applied,Not Applied,Not Applied,Not Applied,Not_Applied,Not Applied,Square round neck,Puff Sleeve,Half Sleeve,Pink,46,-
396-03,Vaishnavi,J.Turritopsis,Dress,Emb. Maxi Dress,Unknown,Round neck,Dyed,Off White,cotton,Multi work,Not Applied,Not Applied,Not Applied,Not Applied,Not_Applied,Not Applied,Square round neck,Puff Sleeve,Half Sleeve,White,46,-
396-04,Vaishnavi,J.Turritopsis,Dress,Emb. Maxi Dress,Unknown,Round neck,Dyed,Pista,cotton,Multi work,Not Applied,Not Applied,Not Applied,Not Applied,Not_Applied,Not Applied,Square round neck,Puff Sleeve,Half Sleeve,Green,46,-
397,Vaishnavi,J.Turritopsis,Dress,Printed Knee Length Dress,Unknown,Collar dress,Dyed,Blue Red (Jockey Checks),Cotton Checks,Not Applied,Not Applied,Not Applied,Not Applied,Not Applied,Not_Applied,Not Applied,Blazer collar,Not Applied,Sleeve less,Grey,40,-
398,Vaishnavi,J.Turritopsis,Dress,Printed Midi Dress,Unknown,Square Neck,Dyed,Blue Red (Jockey Checks),Cotton Checks,Not Applied,Not Applied,Not Applied,Not Applied,Not Applied,Not_Applied,Not Applied,Square neck,Puff Sleeve,Half Sleeve,Grey,36,-
399-01,Vaishnavi,J.Turritopsis,Dress,Print maxi dress,Unknown,Square Neck,Print,Orange,Dhabu Cotton Print,Not Applied,Not Applied,Not Applied,Not Applied,Not Applied,Not_Applied,Strip with heart,Spaghetti neck,Not Applied,Sleeve less,Orange,42,-
399-02,Vaishnavi,J.Turritopsis,Dress,Print maxi dress,Unknown,Square Neck,Print,Neon,Dhabu Cotton Print,Not Applied,Not Applied,Not Applied,Not Applied,Not Applied,Not_Applied,Strip with heart,Spaghetti neck,Not Applied,Sleeve less,Green ,42,-
399-03,Vaishnavi,J.Turritopsis,Dress,Print maxi dress,Unknown,Square Neck,Print,Pink,Dhabu Cotton Print,Not Applied,Not Applied,Not Applied,-,Unknown,Unknown,Strip with heart,Spaghetti neck,Not Applied,Sleeve less,Pink,42,38
416-001,Anjali,Mokosh,Ethnic,Straight KPD Set,Unknown,Kurti,Dyed,Yellow,SILK,Coding + Sequence,Pant,Dyed,Yellow,SILK,EMB,Not Applied,V Neck,Regular sleeves,3/4 SLEEVE,Yellow,46,38
416-002,Anjali,Mokosh,Ethnic,Straight KPD Set,Unknown,Kurti,Dyed,Teal Blue,SILK,Coding + Sequence,Pant,Dyed,Teal Blue,SILK,EMB,Not Applied,V Neck,Regular sleeves,3/4 SLEEVE,Teal Blue,46,38
416-003,Anjali,Mokosh,Ethnic,Straight KPD Set,Unknown,Kurti,Dyed,Neon,SILK,Coding + Sequence,Pant,Dyed,Neon,SILK,EMB,Not Applied,V Neck,Regular sleeves,3/4 SLEEVE,Neon,46,38
416-004,Anjali,Mokosh,Ethnic,Straight KPD Set,Unknown,Kurti,Dyed,Pink,SILK,Coding + Sequence,Pant,Dyed,Pink,SILK,EMB,Not Applied,V Neck,Regular sleeves,3/4 SLEEVE,Pink,46,38
416-005,Anjali,Mokosh,Ethnic,Straight KPD Set,Unknown,Kurti,Dyed,Rani,SILK,Coding + Sequence,Pant,Dyed,Rani,SILK,EMB,Not Applied,V Neck,Regular sleeves,3/4 SLEEVE,Rani,46,38
416-01,Anjali,Mokosh,Ethnic,Anarkali KPD Set,Unknown,Anarkali,Dyed,Unknown,SILK,Coding + Sequence,Pant,Dyed,Unknown,SILK,Unknown,Not Applied,Unknown,Unknown,Unknown,Unknown,Unknown,38
416-02,Anjali,Mokosh,Ethnic,Anarkali KPD Set,Unknown,Anarkali,Dyed,Unknown,SILK,Coding + Sequence,Pant,Dyed,Unknown,SILK,Unknown,Not Applied,Unknown,Unknown,Unknown,Unknown,Unknown,38
416-03,Anjali,Mokosh,Ethnic,Anarkali KPD Set,Unknown,Anarkali,Dyed,Unknown,SILK,Coding + Sequence,Pant,Dyed,Unknown,SILK,Unknown,Not Applied,Unknown,Unknown,Unknown,Unknown,Unknown,38
416-04,Anjali,Mokosh,Ethnic,Anarkali KPD Set,Unknown,Anarkali,Dyed,Unknown,SILK,Coding + Sequence,Pant,Dyed,Unknown,SILK,Unknown,Not Applied,Unknown,Unknown,Unknown,Unknown,Unknown,38
416-05,Anjali,Mokosh,Ethnic,Anarkali KPD Set,Unknown,Anarkali,Dyed,Unknown,SILK,Coding + Sequence,Pant,Dyed,Unknown,SILK,Unknown,Not Applied,Unknown,Unknown,Unknown,Unknown,Unknown,38
417-01,Anjali,Mokosh,Ethnic,Anarkali KPD Set,Unknown,Anarkali,Dyed,Cream,SILK,Coding + Sequence,Pant,Dyed,Cream,SILK,Not_Applied,Not Applied,ROUND NECK,Not Applied,Full Sleeve,Cream,48,38
417-02,Anjali,Mokosh,Ethnic,Anarkali KPD Set,Unknown,Anarkali,Dyed,Wine,SILK,Coding + Sequence,Pant,Dyed,Wine,SILK,Not_Applied,Not Applied,ROUND NECK,Not Applied,Full Sleeve,Wine,48,38
417-03,Anjali,Mokosh,Ethnic,Anarkali KPD Set,Unknown,Anarkali,Dyed,Rose Pink,SILK,Coding + Sequence,Pant,Dyed,Rose Pink,SILK,Not_Applied,Not Applied,ROUND NECK,Not Applied,Full Sleeve,Rose Pink,48,38
417-04,Anjali,Mokosh,Ethnic,Anarkali KPD Set,Unknown,Anarkali,Dyed,Coffee,SILK,Coding + Sequence,Pant,Dyed,Coffee,SILK,Not_Applied,Not Applied,ROUND NECK,Not Applied,Full Sleeve,Coffee,48,38
417-05,Anjali,Mokosh,Ethnic,Anarkali KPD Set,Unknown,Anarkali,Dyed,Grey,SILK,Coding + Sequence,Pant,Dyed,Grey,SILK,Not_Applied,Not Applied,ROUND NECK,Not Applied,Full Sleeve,Grey,48,38
417-06,Anjali,Mokosh,Ethnic,Anarkali KPD Set,Unknown,Anarkali,Dyed,Orange,SILK,Coding + Sequence,Pant,Dyed,Orange,SILK,Not_Applied,Not Applied,ROUND NECK,Not Applied,Full Sleeve,Orange,48,38
417-07,Anjali,Mokosh,Ethnic,Anarkali KPD Set,Unknown,Anarkali,Dyed,Rama,SILK,Coding + Sequence,Pant,Dyed,Rama,SILK,Not_Applied,Not Applied,ROUND NECK,Not Applied,Full Sleeve,Rama,48,38
418-01,Anjali,Mokosh,Ethnic,Straight KPD Set,Unknown,Kurti,Print,Navy Blue,SILK,Coding + Sequence,Pant,Dyed,Navy Blue,SILK,Not_Applied,Not Applied,V Neck,Regular sleeves,3/4 SLEEVE,Navy Blue,46,38
418-02,Anjali,Mokosh,Ethnic,Straight KPD Set,Unknown,Kurti,Print,Yellow,SILK,Coding + Sequence,Pant,Dyed,Yellow,SILK,Not_Applied,Not Applied,V Neck,Regular sleeves,3/4 SLEEVE,Yellow,46,38
418-03,Anjali,Mokosh,Ethnic,Straight KPD Set,Unknown,Kurti,Print,Pink,SILK,Coding + Sequence,Pant,Dyed,Pink,SILK,Not_Applied,Not Applied,V Neck,Regular sleeves,3/4 SLEEVE,Pink,46,38
418-04,Anjali,Mokosh,Ethnic,Straight KPD Set,Unknown,Kurti,Print,Lavender,SILK,Coding + Sequence,Pant,Dyed,Lavender,SILK,Not_Applied,Not Applied,V Neck,Regular sleeves,3/4 SLEEVE,Lavender,46,38
419-001,Anjali,Mokosh,Ethnic,Straight KPD Set,Unknown,Kurti,Dyed,Maroon,SILK,Coding + Sequence,Pant,Dyed,Maroon,SILK,Not_Applied,Not Applied,ROUND NECK,Regular sleeves,3/4 SLEEVE,-,46,38
419-002,Anjali,Mokosh,Ethnic,Straight KPD Set,Unknown,Kurti,Dyed,Yellow,SILK,Coding + Sequence,Pant,Dyed,Yellow,SILK,Not_Applied,Not Applied,ROUND NECK,Regular sleeves,3/4 SLEEVE,-,46,38
419-003,Anjali,Mokosh,Ethnic,Straight KPD Set,Unknown,Kurti,Dyed,Red,SILK,Coding + Sequence,Pant,Dyed,Red,SILK,Not_Applied,Not Applied,ROUND NECK,Regular sleeves,3/4 SLEEVE,-,46,38
419-004,Anjali,Mokosh,Ethnic,Straight KPD Set,Unknown,Kurti,Dyed,Pink,SILK,Coding + Sequence,Pant,Dyed,Pink,SILK,Not_Applied,Not Applied,ROUND NECK,Regular sleeves,3/4 SLEEVE,-,46,38
419-01,Anjali,Mokosh,Ethnic,Straight KPD Set,Unknown,Kurti,Dyed,Unknown,SILK,Coding + Sequence,Pant,Dyed,Unknown,SILK,Not_Applied,Not Applied,ROUND NECK,Regular sleeves,3/4 SLEEVE,Unknown,46,38
419-02,Anjali,Mokosh,Ethnic,Straight KPD Set,Unknown,Kurti,Dyed,Unknown,SILK,Coding + Sequence,Pant,Dyed,Unknown,SILK,Not_Applied,Not Applied,ROUND NECK,Regular sleeves,3/4 SLEEVE,Unknown,46,38
419-03,Anjali,Mokosh,Ethnic,Straight KPD Set,Unknown,Kurti,Dyed,Unknown,SILK,Coding + Sequence,Pant,Dyed,Unknown,SILK,Not_Applied,Not Applied,ROUND NECK,Regular sleeves,3/4 SLEEVE,Unknown,46,38
419-04,Anjali,Mokosh,Ethnic,Straight KPD Set,Unknown,Kurti,Dyed,Unknown,SILK,Coding + Sequence,Pant,Dyed,Unknown,SILK,Not_Applied,Not Applied,ROUND NECK,Regular sleeves,3/4 SLEEVE,Unknown,46,38
420-001,Anjali,Mokosh,Ethnic,Straight KPD Set,Unknown,Kurti,Dyed,Unknown,SILK,Coding + Sequence,Pant,Dyed,Unknown,SILK,Not_Applied,Not Applied,ROUND NECK,Regular sleeves,3/4 SLEEVE,Unknown,46,38
420-003,Anjali,Mokosh,Ethnic,Straight KPD Set,Unknown,Kurti,Dyed,Unknown,SILK,Coding + Sequence,Pant,Dyed,Unknown,SILK,Not_Applied,Not Applied,ROUND NECK,Regular sleeves,3/4 SLEEVE,Unknown,46,38
420-004,Anjali,Mokosh,Ethnic,Straight KPD Set,Unknown,Kurti,Dyed,Unknown,SILK,Coding + Sequence,Pant,Dyed,Unknown,SILK,Not_Applied,Not Applied,ROUND NECK,Regular sleeves,3/4 SLEEVE,Unknown,46,38
420-01,Anjali,Mokosh,Ethnic,Straight KPD Set,Unknown,Kurti,Dyed,Red,SILK,Coding + Sequence,Pant,Dyed,Red,SILK,Not_Applied,Not Applied,ROUND NECK,Regular sleeves,3/4 SLEEVE,Red,46,38
420-02,Anjali,Mokosh,Ethnic,Straight KPD Set,Unknown,Kurti,Dyed,Wine,SILK,Coding + Sequence,Pant,Dyed,Wine,SILK,Not_Applied,Not Applied,ROUND NECK,Regular sleeves,3/4 SLEEVE,Wine,46,38
420-03,Anjali,Mokosh,Ethnic,Straight KPD Set,Unknown,Kurti,Dyed,Neon,SILK,Coding + Sequence,Pant,Dyed,Neon,SILK,Not_Applied,Not Applied,ROUND NECK,Regular sleeves,3/4 SLEEVE,Neon,46,38
420-04,Anjali,Mokosh,Ethnic,Straight KPD Set,Unknown,Kurti,Dyed,Teal Blue,SILK,Coding + Sequence,Pant,Dyed,Teal Blue,SILK,Not_Applied,Not Applied,ROUND NECK,Regular sleeves,3/4 SLEEVE,Teal Blue,46,38
421-002,Anjali,Mokosh,Ethnic,Straight KPD Set,Unknown,Kurti,Dyed,Unknown,SILK,Coding + Sequence,Pant,Dyed,Unknown,SILK,Not_Applied,Not Applied,ROUND NECK,Regular sleeves,3/4 SLEEVE,Unknown,46,38
421-003,Anjali,Mokosh,Ethnic,Straight KPD Set,Unknown,Kurti,Dyed,Unknown,SILK,Coding + Sequence,Pant,Dyed,Unknown,SILK,Not_Applied,Not Applied,ROUND NECK,Regular sleeves,3/4 SLEEVE,Unknown,46,38
421-004,Anjali,Mokosh,Ethnic,Straight KPD Set,Unknown,Kurti,Dyed,Unknown,SILK,Coding + Sequence,Pant,Dyed,Unknown,SILK,Not_Applied,Not Applied,ROUND NECK,Regular sleeves,3/4 SLEEVE,Unknown,46,38
421-01,Anjali,Mokosh,Ethnic,Straight KPD Set,Unknown,Kurti,Dyed,Teal Blue,SILK,Coding + Sequence,Pant,Dyed,Teal Blue,SILK,Not_Applied,Not Applied,ROUND NECK,Regular sleeves,3/4 SLEEVE,Teal Blue,46,38
421-02,Anjali,Mokosh,Ethnic,Straight KPD Set,Unknown,Kurti,Dyed,Purple,SILK,Coding + Sequence,Pant,Dyed,Purple,SILK,Not_Applied,Not Applied,ROUND NECK,Regular sleeves,3/4 SLEEVE,Purple,46,38
421-03,Anjali,Mokosh,Ethnic,Straight KPD Set,Unknown,Kurti,Dyed,Wine,SILK,Coding + Sequence,Pant,Dyed,Wine,SILK,Not_Applied,Not Applied,ROUND NECK,Regular sleeves,3/4 SLEEVE,Wine,46,38
421-04,Anjali,Mokosh,Ethnic,Straight KPD Set,Unknown,Kurti,Dyed,Pink,SILK,Coding + Sequence,Pant,Dyed,Pink,SILK,Not_Applied,Not Applied,ROUND NECK,Regular sleeves,3/4 SLEEVE,Pink,46,38
422-01,Anjali,Mokosh,Ethnic,Anarkali KPD Set,Unknown,Anarkali,Dyed,Maroon,SILK,Coding + Sequence,Pant,Dyed,Maroon,SILK,Not_Applied,Not Applied,V Neck,Not Applied,Full Sleeve,Maroon,49,38
422-02,Anjali,Mokosh,Ethnic,Anarkali KPD Set,Unknown,Anarkali,Dyed,Cream,SILK,Coding + Sequence,Pant,Dyed,Cream,SILK,Not_Applied,Not Applied,V Neck,Not Applied,Full Sleeve,Cream,49,38
422-03,Anjali,Mokosh,Ethnic,Anarkali KPD Set,Unknown,Anarkali,Dyed,Rani,SILK,Coding + Sequence,Pant,Dyed,Rani,SILK,Not_Applied,Not Applied,V Neck,Not Applied,Full Sleeve,Rani,49,38
422-04,Anjali,Mokosh,Ethnic,Anarkali KPD Set,Unknown,Anarkali,Dyed,Violet,SILK,Coding + Sequence,Pant,Dyed,Violet,SILK,Not_Applied,Not Applied,V Neck,Not Applied,Full Sleeve,Violet,49,38
423-001,Anjali,Mokosh,Ethnic,Anarkali KPD Set,Unknown,Unknown,Dyed,Unknown,SILK,Coding + Sequence,Pant,Dyed,Unknown,SILK,Not_Applied,Not Applied,Unknown,Unknown,Unknown,Unknown,Unknown,38
423-002,Anjali,Mokosh,Ethnic,Anarkali KPD Set,Unknown,Unknown,Dyed,Unknown,SILK,Coding + Sequence,Pant,Dyed,Unknown,SILK,Not_Applied,Not Applied,Unknown,Unknown,Unknown,Unknown,Unknown,38
423-003,Anjali,Mokosh,Ethnic,Anarkali KPD Set,Unknown,Unknown,Dyed,Unknown,SILK,Coding + Sequence,Pant,Dyed,Unknown,SILK,Not_Applied,Not Applied,Unknown,Unknown,Unknown,Unknown,Unknown,38
423-004,Anjali,Mokosh,Ethnic,Anarkali KPD Set,Unknown,Unknown,Dyed,Unknown,SILK,Coding + Sequence,Pant,Dyed,Unknown,SILK,Not_Applied,Not Applied,Unknown,Unknown,Unknown,Unknown,Unknown,38
423-01,Anjali,Mokosh,Ethnic,Straight KPD Set,Unknown,Kurti,Dyed,Mustard,SILK,Coding + Sequence,Pant,Dyed,Mustard,SILK,Not_Applied,Not Applied,ROUND NECK,Regular sleeves,3/4 SLEEVE,-,46,38
423-02,Anjali,Mokosh,Ethnic,Straight KPD Set,Unknown,Kurti,Dyed,Purple,SILK,Coding + Sequence,Pant,Dyed,Purple,SILK,Not_Applied,Not Applied,ROUND NECK,Regular sleeves,3/4 SLEEVE,-,46,38
423-03,Anjali,Mokosh,Ethnic,Straight KPD Set,Unknown,Kurti,Dyed,Wine,SILK,Coding + Sequence,Pant,Dyed,Wine,SILK,Not_Applied,Not Applied,ROUND NECK,Regular sleeves,3/4 SLEEVE,-,46,38
423-04,Anjali,Mokosh,Ethnic,Straight KPD Set,Unknown,Kurti,Dyed,Rust,SILK,Coding + Sequence,Pant,Dyed,Rust,SILK,Not_Applied,Not Applied,ROUND NECK,Regular sleeves,3/4 SLEEVE,-,46,38
424-01,Anjali,Mokosh,Ethnic,Straight KPD Set,Unknown,Kurti,Dyed,Rama,SILK,Coding + Sequence,Pant,Dyed,Rama,SILK,Not_Applied,Not Applied,V Neck,Not Applied,Sleeve less,Rust,46,38
424-02,Anjali,Mokosh,Ethnic,Straight KPD Set,Unknown,Kurti,Dyed,Maroon,SILK,Coding + Sequence,Pant,Dyed,Maroon,SILK,Not_Applied,Not Applied,V Neck,Not Applied,Sleeve less,Rama,46,38
424-03,Anjali,Mokosh,Ethnic,Straight KPD Set,Unknown,Kurti,Dyed,Neon,SILK,Coding + Sequence,Pant,Dyed,Neon,SILK,Not_Applied,Not Applied,V Neck,Not Applied,Sleeve less,Maroon,46,38
424-04,Anjali,Mokosh,Ethnic,Straight KPD Set,Unknown,Kurti,Dyed,Light Purple,SILK,Coding + Sequence,Pant,Dyed,Light Purple,SILK,Not_Applied,Not Applied,V Neck,Not Applied,Sleeve less,Neon,46,38
425-001,Anjali,Mokosh,Ethnic,Straight KPD Set,Unknown,Kurti,Dyed,Unknown,SILK,Coding + Sequence,Pant,Dyed,Unknown,SILK,Not_Applied,Not Applied,Unknown,Unknown,Unknown,Light Purple,46,38
425-002,Anjali,Mokosh,Ethnic,Straight KPD Set,Unknown,Kurti,Dyed,Unknown,SILK,Coding + Sequence,Pant,Dyed,Unknown,SILK,Not_Applied,Not Applied,Unknown,Unknown,Unknown,Unknown,46,38
425-003,Anjali,Mokosh,Ethnic,Straight KPD Set,Unknown,Kurti,Dyed,Unknown,SILK,Coding + Sequence,Pant,Dyed,Unknown,SILK,Not_Applied,Not Applied,Unknown,Unknown,Unknown,Unknown,46,38
425-004,Anjali,Mokosh,Ethnic,Straight KPD Set,Unknown,Kurti,Dyed,Unknown,SILK,Coding + Sequence,Pant,Dyed,Unknown,SILK,Not_Applied,Not Applied,Unknown,Unknown,Unknown,Unknown,46,38
425-01,Anjali,Mokosh,Ethnic,Straight KPD Set,Unknown,Kurti,Dyed,Maroon,SILK,Coding + Sequence,Pant,Dyed,Maroon,SILK,Not_Applied,Not Applied,ROUND NECK,Regular sleeves,3/4 SLEEVE,-,46,38
425-02,Anjali,Mokosh,Ethnic,Straight KPD Set,Unknown,Kurti,Dyed,Royal Blue,SILK,Coding + Sequence,Pant,Dyed,Royal Blue,SILK,Not_Applied,Not Applied,ROUND NECK,Regular sleeves,3/4 SLEEVE,-,46,38
425-03,Anjali,Mokosh,Ethnic,Straight KPD Set,Unknown,Kurti,Dyed,Mustard,SILK,Coding + Sequence,Pant,Dyed,Mustard,SILK,Not_Applied,Not Applied,ROUND NECK,Regular sleeves,3/4 SLEEVE,-,46,38
425-04,Anjali,Mokosh,Ethnic,Straight KPD Set,Unknown,Kurti,Dyed,Red,SILK,Coding + Sequence,Pant,Dyed,Red,SILK,Not_Applied,Not Applied,ROUND NECK,Regular sleeves,3/4 SLEEVE,-,46,38
426-01,Anjali,Mokosh,Ethnic,Straight KPD Set,Unknown,Kurti,Dyed,Teal Blue,SILK,Coding + Sequence,Pant,Dyed,Teal Blue,SILK,Not_Applied,Not Applied,ROUND NECK,Regular sleeves,3/4 SLEEVE,Teal Blue,46,38
426-02,Anjali,Mokosh,Ethnic,Straight KPD Set,Unknown,Kurti,Dyed,Grey,SILK,Coding + Sequence,Pant,Dyed,Grey,SILK,Not_Applied,Not Applied,ROUND NECK,Regular sleeves,3/4 SLEEVE,Grey,46,38
426-03,Anjali,Mokosh,Ethnic,Straight KPD Set,Unknown,Kurti,Dyed,Violet,SILK,Coding + Sequence,Pant,Dyed,Violet,SILK,Not_Applied,Not Applied,ROUND NECK,Regular sleeves,3/4 SLEEVE,Violet,46,38
426-04,Anjali,Mokosh,Ethnic,Straight KPD Set,Unknown,Kurti,Dyed,Maroon,SILK,Coding + Sequence,Pant,Dyed,Maroon,SILK,Not_Applied,Not Applied,ROUND NECK,Regular sleeves,3/4 SLEEVE,Maroon,46,38
427-01,Anjali,Mokosh,Ethnic,Straight KPD Set,Unknown,Kurti,Dyed,Violet,SILK,Coding + Sequence,Pant,Dyed,Violet,SILK,Not_Applied,Not Applied,V Neck,Regular sleeves,3/4 SLEEVE,Violet,46,38
427-02,Anjali,Mokosh,Ethnic,Straight KPD Set,Unknown,Kurti,Dyed,Royal Blue,SILK,Coding + Sequence,Pant,Dyed,Royal Blue,SILK,Not_Applied,Not Applied,V Neck,Regular sleeves,3/4 SLEEVE,Royal Blue,46,38
427-03,Anjali,Mokosh,Ethnic,Straight KPD Set,Unknown,Kurti,Dyed,Rama,SILK,Coding + Sequence,Pant,Dyed,Rama,SILK,Not_Applied,Not Applied,V Neck,Regular sleeves,3/4 SLEEVE,Rama,46,38
427-04,Anjali,Mokosh,Ethnic,Straight KPD Set,Unknown,Kurti,Dyed,Yellow,SILK,Coding + Sequence,Pant,Dyed,Yellow,SILK,Not_Applied,Not Applied,V Neck,Regular sleeves,3/4 SLEEVE,Yellow,46,38
428-01,Anjali,Mokosh,Ethnic,Straight KPD Set,Unknown,Kurti,Dyed,Royal Blue,SILK,Coding + Sequence,Pant,Dyed,Royal Blue,SILK,Not_Applied,Not Applied,ROUND NECK,Regular sleeves,3/4 SLEEVE,Royal Blue,46,38
428-02,Anjali,Mokosh,Ethnic,Straight KPD Set,Unknown,Kurti,Dyed,Red,SILK,Coding + Sequence,Pant,Dyed,Red,SILK,Not_Applied,Not Applied,ROUND NECK,Regular sleeves,3/4 SLEEVE,Red,46,38
428-03,Anjali,Mokosh,Ethnic,Straight KPD Set,Unknown,Kurti,Dyed,Mustard,SILK,Coding + Sequence,Pant,Dyed,Mustard,SILK,Not_Applied,Not Applied,ROUND NECK,Regular sleeves,3/4 SLEEVE,Mustard,46,38
428-04,Anjali,Mokosh,Ethnic,Straight KPD Set,Unknown,Kurti,Dyed,Rust,SILK,Coding + Sequence,Pant,Dyed,Rust,SILK,Not_Applied,Not Applied,ROUND NECK,Regular sleeves,3/4 SLEEVE,Rust,46,38
429-01,Anjali,Mokosh,Ethnic,Straight KPD Set,Unknown,Kurti,Dyed,Green,SILK,Coding + Sequence,Pant,Dyed,Green,SILK,Not_Applied,Not Applied,ROUND NECK,Regular sleeves,3/4 SLEEVE,Green,46,38
429-02,Anjali,Mokosh,Ethnic,Straight KPD Set,Unknown,Kurti,Dyed,Violet,SILK,Coding + Sequence,Pant,Dyed,Violet,SILK,Not_Applied,Not Applied,ROUND NECK,Regular sleeves,3/4 SLEEVE,Violet,46,38
429-03,Anjali,Mokosh,Ethnic,Straight KPD Set,Unknown,Kurti,Dyed,Red,SILK,Coding + Sequence,Pant,Dyed,Red,SILK,Not_Applied,Not Applied,ROUND NECK,Regular sleeves,3/4 SLEEVE,Red,46,38
429-04,Anjali,Mokosh,Ethnic,Straight KPD Set,Unknown,Kurti,Dyed,Yellow,SILK,Coding + Sequence,Pant,Dyed,Yellow,SILK,Not_Applied,Not Applied,ROUND NECK,Regular sleeves,3/4 SLEEVE,Yellow,46,38
430-01,Anjali,Mokosh,Ethnic,Straight KPD Set,Unknown,Kurti,Dyed,Gajari,SILK,Coding + Sequence,Pant,Dyed,Gajari,SILK,EMB,Not Applied,ROUND NECK,Regular sleeves,3/4 SLEEVE,Gajari,46,38
430-02,Anjali,Mokosh,Ethnic,Straight KPD Set,Unknown,Kurti,Dyed,Teal Blue,SILK,Coding + Sequence,Pant,Dyed,Teal Blue,SILK,EMB,Not Applied,ROUND NECK,Regular sleeves,3/4 SLEEVE,Teal Blue,46,38
430-03,Anjali,Mokosh,Ethnic,Straight KPD Set,Unknown,Kurti,Dyed,Wine,SILK,Coding + Sequence,Pant,Dyed,Wine,SILK,EMB,Not Applied,ROUND NECK,Regular sleeves,3/4 SLEEVE,Wine,46,38
430-04,Anjali,Mokosh,Ethnic,Straight KPD Set,Unknown,Kurti,Dyed,Maroon,SILK,Coding + Sequence,Pant,Dyed,Maroon,SILK,EMB,Not Applied,ROUND NECK,Regular sleeves,3/4 SLEEVE,Maroon,46,38
431-01,Anjali,Mokosh,Ethnic,Straight KPD Set,Unknown,Kurti,Dyed,Teal Blue,SILK,Coding + Sequence,Pant,Dyed,Teal Blue,SILK,Not_Applied,Not Applied,ROUND NECK,Regular sleeves,3/4 SLEEVE,Teal Blue,46,38
431-02,Anjali,Mokosh,Ethnic,Straight KPD Set,Unknown,Kurti,Dyed,Brown,SILK,Coding + Sequence,Pant,Dyed,Brown,SILK,Not_Applied,Not Applied,ROUND NECK,Regular sleeves,3/4 SLEEVE,Brown,46,38
431-03,Anjali,Mokosh,Ethnic,Straight KPD Set,Unknown,Kurti,Dyed,Pista,SILK,Coding + Sequence,Pant,Dyed,Pista,SILK,Not_Applied,Not Applied,ROUND NECK,Regular sleeves,3/4 SLEEVE,Pista,46,38
431-04,Anjali,Mokosh,Ethnic,Straight KPD Set,Unknown,Kurti,Dyed,Pink,SILK,Coding + Sequence,Pant,Dyed,Pink,SILK,Not_Applied,Not Applied,ROUND NECK,Regular sleeves,3/4 SLEEVE,Pink,46,38
432-01,Anjali,Mokosh,Ethnic,Straight KPD Set,Unknown,Kurti,Dyed,Teal Blue,SILK,Coding + Sequence,Pant,Dyed,Teal Blue,SILK,Not_Applied,Not Applied,V Neck,Regular sleeves,3/4 SLEEVE,Teal Blue,46,38
432-02,Anjali,Mokosh,Ethnic,Straight KPD Set,Unknown,Kurti,Dyed,Wine,SILK,Coding + Sequence,Pant,Dyed,Wine,SILK,Not_Applied,Not Applied,V Neck,Regular sleeves,3/4 SLEEVE,Wine,46,38
432-03,Anjali,Mokosh,Ethnic,Straight KPD Set,Unknown,Kurti,Dyed,Mustard,SILK,Coding + Sequence,Pant,Dyed,Mustard,SILK,Not_Applied,Not Applied,V Neck,Regular sleeves,3/4 SLEEVE,Mustard,46,38
432-04,Anjali,Mokosh,Ethnic,Straight KPD Set,Unknown,Kurti,Dyed,Gajari,SILK,Coding + Sequence,Pant,Dyed,Gajari,SILK,Not_Applied,Not Applied,V Neck,Regular sleeves,3/4 SLEEVE,Gajari,46,38
433-01,Anjali,Mokosh,Ethnic,Straight KPD Set,Unknown,Kurti,Dyed,Mustard,SILK,Print+Handwork,Pant,Dyed,Mustard,SILK,Not_Applied,DIGITAL PRINT,ROUND NECK,Regular sleeves,3/4 SLEEVE,Mustard,46,38
433-02,Anjali,Mokosh,Ethnic,Straight KPD Set,Unknown,Kurti,Dyed,Kerosin,SILK,Print+Handwork,Pant,Dyed,Kerosin,SILK,Not_Applied,DIGITAL PRINT,ROUND NECK,Regular sleeves,3/4 SLEEVE,Kerosin,46,38
433-03,Anjali,Mokosh,Ethnic,Straight KPD Set,Unknown,Kurti,Dyed,Neon,SILK,Print+Handwork,Pant,Dyed,Neon,SILK,Not_Applied,DIGITAL PRINT,ROUND NECK,Regular sleeves,3/4 SLEEVE,Neon,46,38
433-04,Anjali,Mokosh,Ethnic,Straight KPD Set,Unknown,Kurti,Dyed,Wine,SILK,Print+Handwork,Pant,Dyed,Wine,SILK,Not_Applied,DIGITAL PRINT,ROUND NECK,Regular sleeves,3/4 SLEEVE,Wine,46,38
434-01,Anjali,Mokosh,Ethnic,Straight KPD Set,Unknown,Kurti,Dyed,Maroon,Poly Cotton,Print+Handwork,Pant,Dyed,Maroon,POLY COTTON,Not_Applied,DIGITAL PRINT,ROUND NECK,Regular sleeves,3/4 SLEEVE,Maroon,46,38
434-02,Anjali,Mokosh,Ethnic,Straight KPD Set,Unknown,Kurti,Dyed,Yellow,Poly Cotton,Print+Handwork,Pant,Dyed,Yellow,POLY COTTON,Not_Applied,DIGITAL PRINT,ROUND NECK,Regular sleeves,3/4 SLEEVE,Yellow,46,38
434-03,Anjali,Mokosh,Ethnic,Straight KPD Set,Unknown,Kurti,Dyed,Mint,Poly Cotton,Print+Handwork,Pant,Dyed,Mint,POLY COTTON,Not_Applied,DIGITAL PRINT,ROUND NECK,Regular sleeves,3/4 SLEEVE,Mint,46,38
434-04,Anjali,Mokosh,Ethnic,Straight KPD Set,Unknown,Kurti,Dyed,Kerosin,Poly Cotton,Print+Handwork,Pant,Dyed,Kerosin,POLY COTTON,Not_Applied,DIGITAL PRINT,ROUND NECK,Regular sleeves,3/4 SLEEVE,Kerosin,46,38
435-01,Anjali,Mokosh,Ethnic,Straight KPD Set,Unknown,Kurti,Print,Yellow ,Poly Cotton,Hand Work,Pant,Dyed,Yellow ,POLY COTTON,Not_Applied,DIGITAL PRINT,ROUND NECK,Regular sleeves,3/4 SLEEVE,Yellow ,46,38
435-02,Anjali,Mokosh,Ethnic,Straight KPD Set,Unknown,Kurti,Print,Wine,Poly Cotton,Hand Work,Pant,Dyed,Wine,POLY COTTON,Not_Applied,DIGITAL PRINT,ROUND NECK,Regular sleeves,3/4 SLEEVE,Wine,46,38
435-03,Anjali,Mokosh,Ethnic,Straight KPD Set,Unknown,Kurti,Print,Blue,Poly Cotton,Hand Work,Pant,Dyed,Blue,POLY COTTON,Not_Applied,DIGITAL PRINT,ROUND NECK,Regular sleeves,3/4 SLEEVE,Blue,46,38
435-04,Anjali,Mokosh,Ethnic,Straight KPD Set,Unknown,Kurti,Print,Off White ,Poly Cotton,Hand Work,Pant,Dyed,Off White ,POLY COTTON,Not_Applied,DIGITAL PRINT,ROUND NECK,Regular sleeves,3/4 SLEEVE,Off White ,46,38
436-01,Anjali,Mokosh,Ethnic,Straight KPD Set,Unknown,Kurti,Print,Wine,SILK,Coding + Sequence,Pant,Dyed,Wine,SILK,Not_Applied,DIGITAL PRINT,V Neck,Regular sleeves,3/4 SLEEVE,Wine,46,38
436-02,Anjali,Mokosh,Ethnic,Straight KPD Set,Unknown,Kurti,Print,White,SILK,Coding + Sequence,Pant,Dyed,White,SILK,Not_Applied,DIGITAL PRINT,V Neck,Regular sleeves,3/4 SLEEVE,White,46,38
436-03,Anjali,Mokosh,Ethnic,Straight KPD Set,Unknown,Kurti,Print,Yellow,SILK,Coding + Sequence,Pant,Dyed,Yellow,SILK,Not_Applied,DIGITAL PRINT,V Neck,Regular sleeves,3/4 SLEEVE,Yellow,46,38
436-04,Anjali,Mokosh,Ethnic,Straight KPD Set,Unknown,Kurti,Print,Pink,SILK,Coding + Sequence,Pant,Dyed,Pink,SILK,Not_Applied,DIGITAL PRINT,V Neck,Regular sleeves,3/4 SLEEVE,Pink,46,38
437-01,Anjali,Mokosh,Ethnic,Straight KPD Set,Unknown,Kurti,Print,White,Poly Cotton,Hand Work,Pant,Print,White,POLY COTTON,Not_Applied,DIGITAL PRINT,ROUND NECK,Regular sleeves,3/4 SLEEVE,White,46,38
437-02,Anjali,Mokosh,Ethnic,Straight KPD Set,Unknown,Kurti,Print,Yellow,Poly Cotton,Hand Work,Pant,Print,Yellow,POLY COTTON,Not_Applied,DIGITAL PRINT,ROUND NECK,Regular sleeves,3/4 SLEEVE,Yellow,46,38
437-03,Anjali,Mokosh,Ethnic,Straight KPD Set,Unknown,Kurti,Print,Navy Blue,Poly Cotton,Hand Work,Pant,Print,Navy Blue,POLY COTTON,Not_Applied,DIGITAL PRINT,ROUND NECK,Regular sleeves,3/4 SLEEVE,Navy Blue,46,38
437-04,Anjali,Mokosh,Ethnic,Straight KPD Set,Unknown,Kurti,Print,Wine,Poly Cotton,Hand Work,Pant,Print,Wine,POLY COTTON,Not_Applied,DIGITAL PRINT,ROUND NECK,Regular sleeves,3/4 SLEEVE,Wine,46,38
438-01,Anjali,Mokosh,Ethnic,Straight KPD Set,Unknown,Kurti,Dyed,Blue,SILK,Thread Work,Pant,Dyed,Blue,SILK,EMB,Not Applied,ROUND NECK,Regular sleeves,3/4 SLEEVE,Blue,46,38
438-02,Anjali,Mokosh,Ethnic,Straight KPD Set,Unknown,Kurti,Dyed,Peach,SILK,Thread Work,Pant,Dyed,Peach,SILK,EMB,Not Applied,ROUND NECK,Regular sleeves,3/4 SLEEVE,Peach,46,38
438-03,Anjali,Mokosh,Ethnic,Straight KPD Set,Unknown,Kurti,Dyed,Mustard,SILK,Thread Work,Pant,Dyed,Mustard,SILK,EMB,Not Applied,ROUND NECK,Regular sleeves,3/4 SLEEVE,Mustard,46,38
438-04,Anjali,Mokosh,Ethnic,Straight KPD Set,Unknown,Kurti,Dyed,Lavender,SILK,Thread Work,Pant,Dyed,Lavender,SILK,EMB,Not Applied,ROUND NECK,Regular sleeves,3/4 SLEEVE,Lavender,46,38
439-01,Anjali,Mokosh,Ethnic,Straight KPD Set,Unknown,Kurti,Dyed,Peach,VISCOSE,Thread Work,Pant,Dyed,Peach,VISCOSE,EMB,Not Applied,ROUND NECK,Regular sleeves,3/4 SLEEVE,Peach,46,38
439-02,Anjali,Mokosh,Ethnic,Straight KPD Set,Unknown,Kurti,Dyed,Teal Blue,VISCOSE,Thread Work,Pant,Dyed,Teal Blue,VISCOSE,EMB,Not Applied,ROUND NECK,Regular sleeves,3/4 SLEEVE,Teal Blue,46,38
439-03,Anjali,Mokosh,Ethnic,Straight KPD Set,Unknown,Kurti,Dyed,Green,VISCOSE,Thread Work,Pant,Dyed,Green,VISCOSE,EMB,Not Applied,ROUND NECK,Regular sleeves,3/4 SLEEVE,Green,46,38
439-04,Anjali,Mokosh,Ethnic,Straight KPD Set,Unknown,Kurti,Dyed,Lavender,VISCOSE,Thread Work,Pant,Dyed,Lavender,VISCOSE,EMB,Not Applied,ROUND NECK,Regular sleeves,3/4 SLEEVE,Lavender,46,38
440-01,Anjali,Mokosh,Ethnic,Straight KPD Set,Unknown,Kurti,Dyed,Teal Blue,SILK,Coding + Sequence,Pant,Dyed,Teal Blue,SILK,Not_Applied,DIGITAL PRINT,ROUND NECK,Regular sleeves,3/4 SLEEVE,Teal Blue,46,38
440-02,Anjali,Mokosh,Ethnic,Straight KPD Set,Unknown,Kurti,Dyed,Black,SILK,Coding + Sequence,Pant,Dyed,Black,SILK,Not_Applied,DIGITAL PRINT,ROUND NECK,Regular sleeves,3/4 SLEEVE,Black,46,38
440-03,Anjali,Mokosh,Ethnic,Straight KPD Set,Unknown,Kurti,Dyed,Wine,SILK,Coding + Sequence,Pant,Dyed,Wine,SILK,Not_Applied,DIGITAL PRINT,ROUND NECK,Regular sleeves,3/4 SLEEVE,Wine,46,38
440-04,Anjali,Mokosh,Ethnic,Straight KPD Set,Unknown,Kurti,Dyed,Mustard,SILK,Coding + Sequence,Pant,Dyed,Mustard,SILK,Not_Applied,DIGITAL PRINT,ROUND NECK,Regular sleeves,3/4 SLEEVE,Mustard,46,38
441-01,Anjali,Mokosh,Ethnic,Straight KPD Set,Unknown,Kurti,Dyed,Violet,SILK,Coding + Sequence,Pant,Dyed,Violet,SILK,Not_Applied,Not Applied,ROUND NECK,Regular sleeves,3/4 SLEEVE,Violet,46,38
441-02,Anjali,Mokosh,Ethnic,Straight KPD Set,Unknown,Kurti,Dyed,D. Mustard,SILK,Coding + Sequence,Pant,Dyed,D. Mustard,SILK,Not_Applied,Not Applied,ROUND NECK,Regular sleeves,3/4 SLEEVE,D. Mustard,46,38
441-03,Anjali,Mokosh,Ethnic,Straight KPD Set,Unknown,Kurti,Dyed,Maroon,SILK,Coding + Sequence,Pant,Dyed,Maroon,SILK,Not_Applied,Not Applied,ROUND NECK,Regular sleeves,3/4 SLEEVE,Maroon,46,38
441-04,Anjali,Mokosh,Ethnic,Straight KPD Set,Unknown,Kurti,Dyed,Pista,SILK,Coding + Sequence,Pant,Dyed,Pista,SILK,Not_Applied,DIGITAL PRINT,ROUND NECK,Regular sleeves,3/4 SLEEVE,Pista,46,38
442-01,Anjali,Mokosh,Ethnic,Straight KPD Set,Unknown,Kurti,Dyed,Teal Blue,SILK,Coding + Multi,Pant,Dyed,Teal Blue,SILK,Not_Applied,DIGITAL PRINT,ROUND NECK,Regular sleeves,3/4 SLEEVE,Teal Blue,46,38
442-02,Anjali,Mokosh,Ethnic,Straight KPD Set,Unknown,Kurti,Dyed,Violet,SILK,Coding + Multi,Pant,Dyed,Violet,SILK,Not_Applied,DIGITAL PRINT,ROUND NECK,Regular sleeves,3/4 SLEEVE,Violet,46,38
442-03,Anjali,Mokosh,Ethnic,Straight KPD Set,Unknown,Kurti,Dyed,D. Purple,SILK,Coding + Multi,Pant,Dyed,D. Purple,SILK,Not_Applied,DIGITAL PRINT,ROUND NECK,Regular sleeves,3/4 SLEEVE,D. Purple,46,38
442-04,Anjali,Mokosh,Ethnic,Straight KPD Set,Unknown,Kurti,Dyed,Mustard,SILK,Coding + Multi,Pant,Dyed,Mustard,SILK,Not_Applied,DIGITAL PRINT,ROUND NECK,Regular sleeves,3/4 SLEEVE,Mustard,46,38
443-01,Anjali,Mokosh,Ethnic,Anarkali KPD Set,Unknown,Anarkali,Dyed,Green,SILK,Coding + Sequence,Pant,Dyed,Green,SILK,Not_Applied,Not Applied,ROUND NECK,Regular sleeves,Full Sleeve,Green,50,38
443-02,Anjali,Mokosh,Ethnic,Anarkali KPD Set,Unknown,Anarkali,Dyed,Mustard,SILK,Coding + Sequence,Pant,Dyed,Mustard,SILK,Not_Applied,Not Applied,ROUND NECK,Regular sleeves,Full Sleeve,Mustard,50,38
443-03,Anjali,Mokosh,Ethnic,Anarkali KPD Set,Unknown,Anarkali,Dyed,Cream,SILK,Coding + Sequence,Pant,Dyed,Cream,SILK,Not_Applied,Not Applied,ROUND NECK,Regular sleeves,Full Sleeve,Cream,50,38
443-04,Anjali,Mokosh,Ethnic,Anarkali KPD Set,Unknown,Anarkali,Dyed,Wine,SILK,Coding + Sequence,Pant,Dyed,Wine,SILK,Not_Applied,Not Applied,ROUND NECK,Regular sleeves,Full Sleeve,Wine,50,38
444-01,Anjali,Mokosh,Ethnic,Anarkali KPD Set,Unknown,Anarkali,Dyed,Aqua Blue,SILK,Coding + Sequence,Pant,Dyed,Aqua Blue,SILK,Not_Applied,Not Applied,ROUND NECK,Regular sleeves,Full Sleeve,Aqua Blue,50,38
444-02,Anjali,Mokosh,Ethnic,Anarkali KPD Set,Unknown,Anarkali,Dyed,Pink,SILK,Coding + Sequence,Pant,Dyed,Pink,SILK,Not_Applied,Not Applied,ROUND NECK,Regular sleeves,Full Sleeve,Pink,50,38
444-03,Anjali,Mokosh,Ethnic,Anarkali KPD Set,Unknown,Anarkali,Dyed,Violet,SILK,Coding + Sequence,Pant,Dyed,Violet,SILK,Not_Applied,Not Applied,ROUND NECK,Regular sleeves,Full Sleeve,Violet,50,38
444-04,Anjali,Mokosh,Ethnic,Anarkali KPD Set,Unknown,Anarkali,Dyed,Grey,SILK,Coding + Sequence,Pant,Dyed,Grey,SILK,Not_Applied,Not Applied,ROUND NECK,Regular sleeves,Full Sleeve,Grey,50,38
444-05,Anjali,Mokosh,Ethnic,Anarkali KPD Set,Unknown,Anarkali,Dyed,Coffee,SILK,Coding + Sequence,Pant,Dyed,Coffee,SILK,Not_Applied,Not Applied,ROUND NECK,Regular sleeves,Full Sleeve,Coffee,50,38
444-06,Anjali,Mokosh,Ethnic,Anarkali KPD Set,Unknown,Anarkali,Dyed,Golden,SILK,Coding + Sequence,Pant,Dyed,Golden,SILK,Not_Applied,Not Applied,ROUND NECK,Regular sleeves,Full Sleeve,Golden,50,38
444-07,Anjali,Mokosh,Ethnic,Anarkali KPD Set,Unknown,Anarkali,Dyed,Rust,SILK,Coding + Sequence,Pant,Dyed,Rust,SILK,Not_Applied,Not Applied,ROUND NECK,Regular sleeves,Full Sleeve,Rust,50,38
444-08,Anjali,Mokosh,Ethnic,Anarkali KPD Set,Unknown,Anarkali,Dyed,Berry,SILK,Coding + Sequence,Pant,Dyed,Berry,SILK,Not_Applied,Not Applied,ROUND NECK,Regular sleeves,Full Sleeve,Berry,50,38
445-01,Anjali,Mokosh,Ethnic,Straight KPD Set,Unknown,Kurti,Dyed,Wine,SILK,Coding + Multi,Pant,Dyed,Wine,SILK,Not_Applied,DIGITAL PRINT,ROUND NECK,Regular sleeves,Full Sleeve,Wine,46,38
445-02,Anjali,Mokosh,Ethnic,Straight KPD Set,Unknown,Kurti,Dyed,Golden,SILK,Coding + Multi,Pant,Dyed,Golden,SILK,Not_Applied,DIGITAL PRINT,ROUND NECK,Regular sleeves,Full Sleeve,Golden,46,38
445-03,Anjali,Mokosh,Ethnic,Straight KPD Set,Unknown,Kurti,Dyed,Green,SILK,Coding + Multi,Pant,Dyed,Green,SILK,Not_Applied,DIGITAL PRINT,ROUND NECK,Regular sleeves,Full Sleeve,Green,46,38
445-04,Anjali,Mokosh,Ethnic,Straight KPD Set,Unknown,Kurti,Dyed,Orange,SILK,Coding + Multi,Pant,Dyed,Orange,SILK,Not_Applied,DIGITAL PRINT,ROUND NECK,Regular sleeves,Full Sleeve,Orange,46,38
446-01,Anjali,Mokosh,Ethnic,Straight KPD Set,Unknown,Kurti,Dyed,Neon,SILK,Thread Work,Pant,Dyed,Neon,SILK,Not_Applied,Not Applied,ROUND NECK,Regular sleeves,Full Sleeve,Neon,46,38
446-02,Anjali,Mokosh,Ethnic,Straight KPD Set,Unknown,Kurti,Dyed,Teal Blue,SILK,Thread Work,Pant,Dyed,Teal Blue,SILK,Not_Applied,Not Applied,ROUND NECK,Regular sleeves,Full Sleeve,Teal Blue,46,38
446-03,Anjali,Mokosh,Ethnic,Straight KPD Set,Unknown,Kurti,Dyed,Onion,SILK,Thread Work,Pant,Dyed,Onion,SILK,Not_Applied,Not Applied,ROUND NECK,Regular sleeves,Full Sleeve,Onion,46,38
446-04,Anjali,Mokosh,Ethnic,Straight KPD Set,Unknown,Kurti,Dyed,Mint,SILK,Thread Work,Pant,Dyed,Mint,SILK,Not_Applied,Not Applied,ROUND NECK,Regular sleeves,Full Sleeve,Mint,46,38
447-01,Anjali,Mokosh,Ethnic,Straight KPD Set,Unknown,Kurti,Dyed,BLACK,SILK,Thread Work,Pant,Dyed,BLACK,SILK,EMB,Not Applied,V Neck,Regular sleeves,3/4 SLEEVE,BLACK,46,38
447-02,Anjali,Mokosh,Ethnic,Straight KPD Set,Unknown,Kurti,Dyed,PINK,SILK,Thread Work,Pant,Dyed,PINK,SILK,EMB,Not Applied,V Neck,Regular sleeves,3/4 SLEEVE,PINK,46,38
447-03,Anjali,Mokosh,Ethnic,Straight KPD Set,Unknown,Kurti,Dyed,MUSTARD,SILK,Thread Work,Pant,Dyed,MUSTARD,SILK,EMB,Not Applied,V Neck,Regular sleeves,3/4 SLEEVE,MUSTARD,46,38
447-04,Anjali,Mokosh,Ethnic,Straight KPD Set,Unknown,Kurti,Dyed,PURPLE,SILK,Thread Work,Pant,Dyed,PURPLE,SILK,EMB,Not Applied,V Neck,Regular sleeves,3/4 SLEEVE,PURPLE,46,38
448-01,Anjali,Mokosh,Ethnic,Straight KPD Set,Unknown,Kurti,Print,Orange,SILK,Coding + Sequence,Pant,Dyed,Orange,SILK,Not_Applied,Unknown,V Neck,Regular sleeves,3/4 SLEEVE,Orange,46,38
448-02,Anjali,Mokosh,Ethnic,Straight KPD Set,Unknown,Kurti,Print,Dark Lavender,SILK,Coding + Sequence,Pant,Dyed,Dark Lavender,SILK,Not_Applied,Unknown,V Neck,Regular sleeves,3/4 SLEEVE,Dark Lavender,46,38
448-03,Anjali,Mokosh,Ethnic,Straight KPD Set,Unknown,Kurti,Print,Rama,SILK,Coding + Sequence,Pant,Dyed,Rama,SILK,Not_Applied,Unknown,V Neck,Regular sleeves,3/4 SLEEVE,Rama,46,38
448-04,Anjali,Mokosh,Ethnic,Straight KPD Set,Unknown,Kurti,Print,Pink,SILK,Coding + Sequence,Pant,Dyed,Pink,SILK,Not_Applied,Unknown,V Neck,Regular sleeves,3/4 SLEEVE,Pink,46,38
449-01,Anjali,Mokosh,Ethnic,Straight KPD Set,Unknown,Kurti,Dyed,Musterd,Rayon,Thread Work,Pant,Dyed,White,PC Cotton,Schiffli,Not Applied,V Neck,Regular sleeves,3/4 SLEEVE,Unknown,46,38
449-02,Anjali,Mokosh,Ethnic,Straight KPD Set,Unknown,Kurti,Dyed,Dark purple,Rayon,Thread Work,Pant,Dyed,White,PC Cotton,Schiffli,Not Applied,V Neck,Regular sleeves,3/4 SLEEVE,Unknown,46,38
449-03,Anjali,Mokosh,Ethnic,Straight KPD Set,Unknown,Kurti,Dyed,Wine,Rayon,Thread Work,Pant,Dyed,White,PC Cotton,Schiffli,Not Applied,V Neck,Regular sleeves,3/4 SLEEVE,Unknown,46,38
450-01,Anjali,Mokosh,Ethnic,Straight KPD Set,Unknown,Kurti,Dyed,Mustard,SILK,Thread Work,Pant,Dyed,Mustard,SILK,EMB,Not Applied,ROUND NECK,Regular sleeves,3/4 SLEEVE,Mustard,46,38
450-02,Anjali,Mokosh,Ethnic,Straight KPD Set,Unknown,Kurti,Dyed,T.BLUE,SILK,Thread Work,Pant,Dyed,Teal Blue,SILK,EMB,Not Applied,ROUND NECK,Regular sleeves,3/4 SLEEVE,Teal Blue,46,38
450-03,Anjali,Mokosh,Ethnic,Straight KPD Set,Unknown,Kurti,Dyed,Mint,SILK,Thread Work,Pant,Dyed,Mint,SILK,EMB,Not Applied,ROUND NECK,Regular sleeves,3/4 SLEEVE,Mint,46,38
450-04,Anjali,Mokosh,Ethnic,Straight KPD Set,Unknown,Kurti,Dyed,Dark Purple,SILK,Thread Work,Pant,Dyed,Dark Purple,SILK,EMB,Not Applied,ROUND NECK,Regular sleeves,3/4 SLEEVE,Dark Purple,46,38
451-01,Anjali,Mokosh,Ethnic,Straight KPD Set,Unknown,Kurti,Dyed,Maroon,SILK,Multi,Pant,Dyed,Maroon,SILK,Not_Applied,Not Applied,ROUND NECK,Regular sleeves,3/4 SLEEVE,Maroon,46,38
451-02,Anjali,Mokosh,Ethnic,Straight KPD Set,Unknown,Kurti,Dyed,Mustard,SILK,Multi,Pant,Dyed,Mustard,SILK,Not_Applied,Not Applied,ROUND NECK,Regular sleeves,3/4 SLEEVE,Mustard,46,38
451-03,Anjali,Mokosh,Ethnic,Straight KPD Set,Unknown,Kurti,Dyed,Bottle Green,SILK,Multi,Pant,Dyed,Bottle Green,SILK,Not_Applied,Not Applied,ROUND NECK,Regular sleeves,3/4 SLEEVE,Bottle Green,46,38
451-04,Anjali,Mokosh,Ethnic,Straight KPD Set,Unknown,Kurti,Dyed,Dark Purple,SILK,Multi,Pant,Dyed,Dark Purple,SILK,Not_Applied,Not Applied,ROUND NECK,Regular sleeves,3/4 SLEEVE,Dark Purple,46,38
452-01,Anjali,Mokosh,Ethnic,Straight KPD Set,Unknown,Kurti,Dyed,Black,Organza,Thread Work,Pant,Dyed,Black,Muslin,Not_Applied,Not Applied,V Neck,Regular sleeves,3/4 SLEEVE,Black,46,38
452-02,Anjali,Mokosh,Ethnic,Straight KPD Set,Unknown,Kurti,Dyed,Peach,Organza,Thread Work,Pant,Dyed,Peach,Muslin,Not_Applied,Not Applied,V Neck,Regular sleeves,3/4 SLEEVE,Peach,46,38
452-03,Anjali,Mokosh,Ethnic,Straight KPD Set,Unknown,Kurti,Dyed,Teal Blue,Organza,Thread Work,Pant,Dyed,Teal Blue,Muslin,Not_Applied,Not Applied,V Neck,Regular sleeves,3/4 SLEEVE,Teal Blue,46,38
453-01,Anjali,Mokosh,Ethnic,Straight KPD Set,Unknown,Kurti,Dyed,Mustard,SILK,Thread Work,Pant,Dyed,Mustard,SILK,Not_Applied,Not Applied,ROUND NECK,Regular sleeves,3/4 SLEEVE,Mustard,46,38
453-02,Anjali,Mokosh,Ethnic,Straight KPD Set,Unknown,Kurti,Dyed,Teal Blue,SILK,Thread Work,Pant,Dyed,Teal Blue,SILK,Not_Applied,Not Applied,ROUND NECK,Regular sleeves,3/4 SLEEVE,Teal Blue,46,38
453-03,Anjali,Mokosh,Ethnic,Straight KPD Set,Unknown,Kurti,Dyed,Wine,SILK,Thread Work,Pant,Dyed,Wine,SILK,Not_Applied,Not Applied,ROUND NECK,Regular sleeves,3/4 SLEEVE,Wine,46,38
454-01,Anjali,Mokosh,Ethnic,Straight KPD Set,Unknown,Kurti,Dyed,Lavender,SILK,Thread Work,Pant,Dyed,White,Poly Rayon,Not_Applied,Not Applied,ROUND NECK,Regular sleeves,3/4 SLEEVE,Unknown,46,38
454-02,Anjali,Mokosh,Ethnic,Straight KPD Set,Unknown,Kurti,Dyed,Dark Mustard,SILK,Thread Work,Pant,Dyed,White,Poly Rayon,Not_Applied,Not Applied,ROUND NECK,Regular sleeves,3/4 SLEEVE,Unknown,46,38
454-03,Anjali,Mokosh,Ethnic,Straight KPD Set,Unknown,Kurti,Dyed,Peach,SILK,Thread Work,Pant,Dyed,White,Poly Rayon,Not_Applied,Not Applied,ROUND NECK,Regular sleeves,3/4 SLEEVE,Unknown,46,38
454-04,Anjali,Mokosh,Ethnic,Straight KPD Set,Unknown,Kurti,Dyed,Olive,SILK,Thread Work,Pant,Dyed,White,Poly Rayon,Not_Applied,Not Applied,ROUND NECK,Regular sleeves,3/4 SLEEVE,Unknown,46,38
455-01,Anjali,Mokosh,Ethnic,Anarkali KPD Set,Unknown,Anarkali,Print,Mustard,SILK,Hand Work,Pant,Dyed,White,PC Cotton,Not_Applied,Not Applied,V Neck,Regular sleeves,3/4 SLEEVE,Unknown,46,38
455-02,Anjali,Mokosh,Ethnic,Anarkali KPD Set,Unknown,Anarkali,Print,Black ,SILK,Hand Work,Pant,Dyed,White,PC Cotton,Not_Applied,Not Applied,V Neck,Regular sleeves,3/4 SLEEVE,Unknown,46,38
455-03,Anjali,Mokosh,Ethnic,Anarkali KPD Set,Unknown,Anarkali,Print,Green,SILK,Hand Work,Pant,Dyed,White,PC Cotton,Not_Applied,Not Applied,V Neck,Regular sleeves,3/4 SLEEVE,Unknown,46,38
456-01,Anjali,Mokosh,Ethnic,Anarkali KPD Set,Unknown,Anarkali,Print,Black,Cotton,Hand Work,Pant,Print,Black,Cotton,Not_Applied,Not Applied,ROUND NECK,Regular sleeves,3/4 SLEEVE,Unknown,50,38
456-02,Anjali,Mokosh,Ethnic,Anarkali KPD Set,Unknown,Anarkali,Print,Hot Pink,Cotton,Hand Work,Pant,Print,Hot Pink,Cotton,Not_Applied,Not Applied,ROUND NECK,Regular sleeves,3/4 SLEEVE,Unknown,50,38
457-01,Anjali,Mokosh,Ethnic,Anarkali KPD Set,Unknown,Anarkali,Dyed + Print,Wine,Cotton,Multi Thread Work,Pant,Dyed,Wine,Chinon,Not_Applied,Not Applied,ROUND NECK,Regular sleeves,3/4 SLEEVE,Unknown,47,38
457-02,Anjali,Mokosh,Ethnic,Anarkali KPD Set,Unknown,Anarkali,Dyed + Print,Mustard,Cotton,Multi Thread Work,Pant,Dyed,Mustard,Chinon,Not_Applied,Not Applied,ROUND NECK,Regular sleeves,3/4 SLEEVE,Unknown,47,38
457-03,Anjali,Mokosh,Ethnic,Anarkali KPD Set,Unknown,Anarkali,Dyed + Print,Teal Blue,Cotton,Multi Thread Work,Pant,Dyed,Teal Blue,Chinon,Not_Applied,Not Applied,ROUND NECK,Regular sleeves,3/4 SLEEVE,Unknown,47,38
457-04,Anjali,Mokosh,Ethnic,Anarkali KPD Set,Unknown,Anarkali,Dyed + Print,White,Cotton,Multi Thread Work,Pant,Dyed,White,Chinon,Not_Applied,Not Applied,ROUND NECK,Regular sleeves,3/4 SLEEVE,Unknown,47,38
458-01,Anjali,Mokosh,Ethnic,Straight KPD Set,Unknown,Kurti,Dyed,Neon,SILK,Multi Thread Work,Pant,Dyed,Neon,SILK,Not_Applied,Not Applied,ROUND NECK,Regular sleeves,3/4 SLEEVE,Unknown,46,38
458-02,Anjali,Mokosh,Ethnic,Straight KPD Set,Unknown,Kurti,Dyed,White,SILK,Multi Thread Work,Pant,Dyed,White,SILK,Not_Applied,Not Applied,ROUND NECK,Regular sleeves,3/4 SLEEVE,Unknown,46,38
458-03,Anjali,Mokosh,Ethnic,Straight KPD Set,Unknown,Kurti,Dyed,Teal Blue,SILK,Multi Thread Work,Pant,Dyed,Teal Blue,SILK,Not_Applied,Not Applied,ROUND NECK,Regular sleeves,3/4 SLEEVE,Unknown,46,38
458-04,Anjali,Mokosh,Ethnic,Straight KPD Set,Unknown,Kurti,Dyed,Mustard,SILK,Multi Thread Work,Pant,Dyed,Mustard,SILK,Not_Applied,Not Applied,ROUND NECK,Regular sleeves,3/4 SLEEVE,Unknown,46,38
459-01,Anjali,Mokosh,Ethnic,Straight KPD Set,Unknown,Kurti,Dyed,Neon,Georgette,Thread Work,Pant,Dyed,White,Poly Rayon,Not_Applied,Not Applied,ROUND NECK,Regular sleeves,3/4 SLEEVE,Unknown,46,38
459-02,Anjali,Mokosh,Ethnic,Straight KPD Set,Unknown,Kurti,Dyed,Sky blue ,Georgette,Thread Work,Pant,Dyed,White,Poly Rayon,Not_Applied,Not Applied,ROUND NECK,Regular sleeves,3/4 SLEEVE,Unknown,46,38
459-03,Anjali,Mokosh,Ethnic,Straight KPD Set,Unknown,Kurti,Dyed,Lavender,Georgette,Thread Work,Pant,Dyed,White,Poly Rayon,Not_Applied,Not Applied,ROUND NECK,Regular sleeves,3/4 SLEEVE,Unknown,46,38
459-04,Anjali,Mokosh,Ethnic,Straight KPD Set,Unknown,Kurti,Dyed,Light blue,Georgette,Thread Work,Pant,Dyed,White,Poly Rayon,Not_Applied,Not Applied,ROUND NECK,Regular sleeves,3/4 SLEEVE,Unknown,46,38
460-01,Anjali,Mokosh,Ethnic,Straight KPD Set,Unknown,Kurti,Dyed,Maroon,Silk,Thread Work,Pant,Dyed,Maroon,Silk,Not_Applied,Not Applied,ROUND NECK,Regular sleeves,3/4 SLEEVE,Unknown,46,38
460-02,Anjali,Mokosh,Ethnic,Straight KPD Set,Unknown,Kurti,Dyed,Pink,Silk,Thread Work,Pant,Dyed,Pink,Silk,Not_Applied,Not Applied,ROUND NECK,Regular sleeves,3/4 SLEEVE,Unknown,46,38
460-03,Anjali,Mokosh,Ethnic,Straight KPD Set,Unknown,Kurti,Dyed,Black,Silk,Thread Work,Pant,Dyed,Black,Silk,Not_Applied,Not Applied,ROUND NECK,Regular sleeves,3/4 SLEEVE,Unknown,46,38
460-04,Anjali,Mokosh,Ethnic,Straight KPD Set,Unknown,Kurti,Dyed,Mustard,Silk,Thread Work,Pant,Dyed,Mustard,Silk,Not_Applied,Not Applied,ROUND NECK,Regular sleeves,3/4 SLEEVE,Unknown,46,38
461-01,Anjali,Mokosh,Ethnic,Straight KPD Set,Unknown,Kurti,Dyed,Lavender,Silk,Thread Work,Pant,Dyed,Lavender,Silk,Not_Applied,Not Applied,V Neck,Regular sleeves,3/4 SLEEVE,Unknown,46,38
461-02,Anjali,Mokosh,Ethnic,Straight KPD Set,Unknown,Kurti,Dyed,Maroon,Silk,Thread Work,Pant,Dyed,Maroon,Silk,Not_Applied,Not Applied,V Neck,Regular sleeves,3/4 SLEEVE,Unknown,46,38
461-03,Anjali,Mokosh,Ethnic,Straight KPD Set,Unknown,Kurti,Dyed,Mint,Silk,Thread Work,Pant,Dyed,Mint,Silk,Not_Applied,Not Applied,V Neck,Regular sleeves,3/4 SLEEVE,Unknown,46,38
461-04,Anjali,Mokosh,Ethnic,Straight KPD Set,Unknown,Kurti,Dyed,Peach,Silk,Thread Work,Pant,Dyed,Peach,Silk,Not_Applied,Not Applied,V Neck,Regular sleeves,3/4 SLEEVE,Unknown,46,38
462-01,Anjali,Mokosh,Ethnic,Straight KPD Set,Unknown,Kurti,Print,Purple,Cotton,Not Applied,Pant,Print,Purple,Cotton,Not_Applied,Not Applied,ROUND NECK,Regular sleeves,3/4 SLEEVE,Unknown,46,38
462-02,Anjali,Mokosh,Ethnic,Straight KPD Set,Unknown,Kurti,Print,Yellow,Cotton,Not Applied,Pant,Print,Yellow,Cotton,Not_Applied,Not Applied,ROUND NECK,Regular sleeves,3/4 SLEEVE,Unknown,46,38
463-01,Anjali,Mokosh,Ethnic,Straight KPD Set,Unknown,Kurti,Print,Lavender,Cotton,Hand Work,Pant,Print,Lavender,Cotton,Not_Applied,Not Applied,V Neck,Regular sleeves,3/4 SLEEVE,Unknown,46,38
463-02,Anjali,Mokosh,Ethnic,Straight KPD Set,Unknown,Kurti,Print,Aqua Blue,Cotton,Hand Work,Pant,Print,Aqua Blue,Cotton,Not_Applied,Not Applied,V Neck,Regular sleeves,3/4 SLEEVE,Unknown,46,38
463-03,Anjali,Mokosh,Ethnic,Anarkali KPD Set,Unknown,KURTI,Print,Pink,Cotton,Hand Work,Pant,Print,Pink,Cotton,Not_Applied,Not Applied,V Neck,Regular sleeves,3/4 SLEEVE,Unknown,46,38
464-01,Anjali,Mokosh,Ethnic,Anarkali KPD Set,Unknown,KURTI,Print,Mustard,Cotton,Hand Work,Pant,Print,Mustard,Cotton,Not_Applied,Not Applied,V Neck,Regular sleeves,3/4 SLEEVE,Unknown,46,38
464-02,Anjali,Mokosh,Ethnic,Anarkali KPD Set,Unknown,KURTI,Print,Dark Purple,Cotton,Hand Work,Pant,Print,Dark Purple,Cotton,Not_Applied,Not Applied,V Neck,Regular sleeves,3/4 SLEEVE,Unknown,46,38
465-01,Anjali,Mokosh,Ethnic,Anarkali KPD Set,Unknown,Anarkali,Print,Purple,Cotton,Hand Work,Pant,Print,Purple,Cotton,Not_Applied,Not Applied,V Neck,Regular sleeves,3/4 SLEEVE,Unknown,50,38
465-02,Anjali,Mokosh,Ethnic,Anarkali KPD Set,Unknown,Anarkali,Print,Pink,Cotton,Hand Work,Pant,Print,Pink,Cotton,Not_Applied,Not Applied,V Neck,Regular sleeves,3/4 SLEEVE,Unknown,50,38
466-01,Anjali,Mokosh,Ethnic,Anarkali KPD Set,Unknown,Anarkali,Print,Black,Cotton,Hand Work,Pant,Print,Black,Cotton,Not_Applied,Not Applied,V Neck,Regular sleeves,3/4 SLEEVE,Unknown,50,38
466-02,Anjali,Mokosh,Ethnic,Anarkali KPD Set,Unknown,Anarkali,Print,Rani,Cotton,Hand Work,Pant,Print,Rani,Cotton,Not_Applied,Not Applied,V Neck,Regular sleeves,3/4 SLEEVE,Unknown,50,38
467-01,Anjali,Mokosh,Ethnic,Anarkali KPD Set,Unknown,A-LINE KURTI,Dyed,Black,Silk,Thread Work,Pant,Dyed,Black,Silk,Not_Applied,Not Applied,Round/Key Hole,Regular sleeves,3/4 SLEEVE,Unknown,46,38
467-02,Anjali,Mokosh,Ethnic,Anarkali KPD Set,Unknown,A-LINE KURTI,Dyed,Pink,Silk,Thread Work,Pant,Dyed,Pink,Silk,Not_Applied,Not Applied,Round/Key Hole,Regular sleeves,3/4 SLEEVE,Unknown,46,38
467-03,Anjali,Mokosh,Ethnic,Anarkali KPD Set,Unknown,A-LINE KURTI,Dyed,Purple,Silk,Thread Work,Pant,Dyed,Purple,Silk,Not_Applied,Not Applied,Round/Key Hole,Regular sleeves,3/4 SLEEVE,Unknown,46,38
467-04,Anjali,Mokosh,Ethnic,Anarkali KPD Set,Unknown,A-LINE KURTI,Dyed,Mustard,Silk,Thread Work,Pant,Dyed,Mustard,Silk,Not_Applied,Not Applied,Round/Key Hole,Regular sleeves,3/4 SLEEVE,Unknown,46,38
468-01,Anjali,Mokosh,Ethnic,Anarkali KPD Set,Unknown,Anarkali,Dyed,Teal Blue,Silk,Thread Work,Pant,Dyed,Teal Blue,Silk,THREAD WORK,Not Applied,V Neck,Regular sleeves,Full Sleeve,Unknown,48,38
468-02,Anjali,Mokosh,Ethnic,Anarkali KPD Set,Unknown,Anarkali,Dyed,Neon,Silk,Thread Work,Pant,Dyed,Neon,Silk,THREAD WORK,Not Applied,V Neck,Regular sleeves,Full Sleeve,Unknown,48,38
468-03,Anjali,Mokosh,Ethnic,Anarkali KPD Set,Unknown,Anarkali,Dyed,Purple,Silk,Thread Work,Pant,Dyed,Purple,Silk,THREAD WORK,Not Applied,V Neck,Regular sleeves,Full Sleeve,Unknown,48,38
468-04,Anjali,Mokosh,Ethnic,Anarkali KPD Set,Unknown,Anarkali,Dyed,Mustard,Silk,Thread Work,Pant,Dyed,Mustard,Silk,THREAD WORK,Not Applied,V Neck,Regular sleeves,Full Sleeve,Unknown,48,38
469-01,Anjali,Mokosh,Ethnic,Anarkali KPD Set,Unknown,Anarkali,Dyed,Rani,Silk,Coding + Sequence,Pant,Dyed,Rani,Silk,Coding + Sequence,Not Applied,Scoop Neck,Regular sleeves,Full Sleeve,Unknown,50,38
469-02,Anjali,Mokosh,Ethnic,Anarkali KPD Set,Unknown,Anarkali,Dyed,Teal Blue,Silk,Coding + Sequence,Pant,Dyed,Teal Blue,Silk,Coding + Sequence,Not Applied,Scoop Neck,Regular sleeves,Full Sleeve,Unknown,50,38
469-03,Anjali,Mokosh,Ethnic,Anarkali KPD Set,Unknown,Anarkali,Dyed,Mustard,Silk,Coding + Sequence,Pant,Dyed,Mustard,Silk,Coding + Sequence,Not Applied,Scoop Neck,Regular sleeves,Full Sleeve,Unknown,50,38
469-04,Anjali,Mokosh,Ethnic,Anarkali KPD Set,Unknown,Anarkali,Dyed,Coffee,Silk,Coding + Sequence,Pant,Dyed,Coffee,Silk,Coding + Sequence,Not Applied,Scoop Neck,Regular sleeves,Full Sleeve,Unknown,50,38
470-01,Anjali,Mokosh,Ethnic,Anarkali KPD Set,Unknown,Anarkali,Print,Mustard,Cotton,Hand Work,Pant,Print,Mustard,Cotton,Not_Applied,Not Applied,ROUND NECK,Regular sleeves,3/4 SLEEVE,Unknown,50,38
470-02,Anjali,Mokosh,Ethnic,Anarkali KPD Set,Unknown,Anarkali,Print,Pink,Cotton,Hand Work,Pant,Print,Pink,Cotton,Not_Applied,Not Applied,ROUND NECK,Regular sleeves,3/4 SLEEVE,Unknown,50,38
471-01,Anjali,Mokosh,Ethnic,Anarkali KPD Set,Unknown,Anarkali,Dyed,Teal Blue,Silk,Coding + Sequence,Pant,Dyed,Teal Blue,Silk,Not_Applied,Not Applied,ROUND NECK,Regular sleeves,Full Sleeve,Unknown,50,38
471-02,Anjali,Mokosh,Ethnic,Anarkali KPD Set,Unknown,Anarkali,Dyed,Mustard,Silk,Coding + Sequence,Pant,Dyed,Mustard,Silk,Not_Applied,Not Applied,ROUND NECK,Regular sleeves,Full Sleeve,Unknown,50,38
471-03,Anjali,Mokosh,Ethnic,Anarkali KPD Set,Unknown,Anarkali,Dyed,Rama,Silk,Coding + Sequence,Pant,Dyed,Rama,Silk,Not_Applied,Not Applied,ROUND NECK,Regular sleeves,Full Sleeve,Unknown,50,38
471-04,Anjali,Mokosh,Ethnic,Anarkali KPD Set,Unknown,Anarkali,Dyed,Purple,Silk,Coding + Sequence,Pant,Dyed,Purple,Silk,Not_Applied,Not Applied,ROUND NECK,Regular sleeves,Full Sleeve,Unknown,50,38
472-01,Anjali,Mokosh,Indowestern,Top Bottom Shrug,Unknown,Blouse,Print,Neon,Georgette,Hand Work,Palazzo,Dyed,Neon,Georgette,Not_Applied,Not Applied,Sweetheart Neck,Regular sleeves,3/4 SLEEVE,Unknown,49,41
472-02,Anjali,Mokosh,Indowestern,Top Bottom Shrug,Unknown,Blouse,Print,Mint,Georgette,Hand Work,Palazzo,Dyed,Mint,Georgette,Not_Applied,Not Applied,Sweetheart Neck,Regular sleeves,3/4 SLEEVE,Unknown,49,41
473-01,Anjali,Mokosh,Ethnic,Anarkali KPD Set,Unknown,Anarkali,Dyed,Red,Chinon,Coding + Multi,Pant,Dyed,Red,Chinon,Not_Applied,Not Applied,ROUND NECK,Regular sleeves,Full Sleeve,Unknown,50,38
473-02,Anjali,Mokosh,Ethnic,Anarkali KPD Set,Unknown,Anarkali,Dyed,Violet,Chinon,Coding + Multi,Pant,Dyed,Violet,Chinon,Not_Applied,Not Applied,ROUND NECK,Regular sleeves,Full Sleeve,Unknown,50,38
473-03,Anjali,Mokosh,Ethnic,Anarkali KPD Set,Unknown,Anarkali,Dyed,Mustard,Chinon,Coding + Multi,Pant,Dyed,Mustard,Chinon,Not_Applied,Not Applied,ROUND NECK,Regular sleeves,Full Sleeve,Unknown,50,38
474-01,Anjali,Mokosh,Ethnic,Anarkali KPD Set,Unknown,Anarkali,Dyed, Grey,Silk,Coding + Multi,Pant,Dyed, Grey,Silk,Not_Applied,Not Applied,V Neck,Regular sleeves,3/4 SLEEVE,Unknown,50,38
474-02,Anjali,Mokosh,Ethnic,Anarkali KPD Set,Unknown,Anarkali,Dyed,Pink,Silk,Coding + Multi,Pant,Dyed,Pink,Silk,Not_Applied,Not Applied,V Neck,Regular sleeves,3/4 SLEEVE,Unknown,50,38
474-03,Anjali,Mokosh,Ethnic,Anarkali KPD Set,Unknown,Anarkali,Dyed,Violet,Silk,Coding + Multi,Pant,Dyed,Violet,Silk,Not_Applied,Not Applied,V Neck,Regular sleeves,3/4 SLEEVE,Unknown,50,38
474-04,Anjali,Mokosh,Ethnic,Anarkali KPD Set,Unknown,Anarkali,Dyed,Teal Blue,Silk,Coding + Multi,Pant,Dyed,Teal Blue,Silk,Not_Applied,Not Applied,V Neck,Regular sleeves,3/4 SLEEVE,Unknown,50,38
474-05,Anjali,Mokosh,Ethnic,Anarkali KPD Set,Unknown,Anarkali,Dyed,Teal Blue,Silk,Coding + Multi,Pant,Dyed,Teal Blue,Silk,Not_Applied,Not Applied,V Neck,Regular sleeves,3/4 SLEEVE,Unknown,50,38
474-06,Anjali,Mokosh,Ethnic,Anarkali KPD Set,Unknown,Anarkali,Dyed,Firozi,Silk,Coding + Multi,Pant,Dyed,Firozi,Silk,Not_Applied,Not Applied,V Neck,Regular sleeves,3/4 SLEEVE,Unknown,50,38
474-07,Anjali,Mokosh,Ethnic,Anarkali KPD Set,Unknown,Anarkali,Dyed,Lemon Yellow,Silk,Coding + Multi,Pant,Dyed,Lemon Yellow,Silk,Not_Applied,Not Applied,V Neck,Regular sleeves,3/4 SLEEVE,Unknown,50,38
474-08,Anjali,Mokosh,Ethnic,Anarkali KPD Set,Unknown,Anarkali,Dyed,Red,Silk,Coding + Multi,Pant,Dyed,Red,Silk,Not_Applied,Not Applied,V Neck,Regular sleeves,3/4 SLEEVE,Unknown,50,38
474-09,Anjali,Mokosh,Ethnic,Anarkali KPD Set,Unknown,Anarkali,Dyed,Golden,Silk,Coding + Multi,Pant,Dyed,Golden,Silk,Not_Applied,Not Applied,V Neck,Regular sleeves,3/4 SLEEVE,Unknown,50,38
475-01,Anjali,Mokosh,Ethnic,Anarkali KPD Set,Unknown,Anarkali,Dyed,Mustard,Silk,Coding + Multi,Pant,Dyed,Mustard,Silk,Not_Applied,Not Applied,V Neck,Regular sleeves,3/4 SLEEVE,Unknown,50,38
475-02,Anjali,Mokosh,Ethnic,Anarkali KPD Set,Unknown,Anarkali,Dyed,Maroon,Silk,Coding + Multi,Pant,Dyed,Maroon,Silk,Not_Applied,Not Applied,V Neck,Regular sleeves,3/4 SLEEVE,Unknown,50,38
475-03,Anjali,Mokosh,Ethnic,Anarkali KPD Set,Unknown,Anarkali,Dyed,Bottle Green,Silk,Coding + Multi,Pant,Dyed,Bottle Green,Silk,Not_Applied,Not Applied,V Neck,Regular sleeves,3/4 SLEEVE,Unknown,50,38
476-01,Anjali,Mokosh,Ethnic,Anarkali KPD Set,Unknown,Anarkali,Dyed,Mustard,Chinon,Multi Thread Work,Pant,Dyed,Mustard,Chinon,Not_Applied,Not Applied,V Neck,Regular sleeves,3/4 SLEEVE,Unknown,48,38
476-02,Anjali,Mokosh,Ethnic,Anarkali KPD Set,Unknown,Anarkali,Dyed,Purple,Chinon,Multi Thread Work,Pant,Dyed,Purple,Chinon,Not_Applied,Not Applied,V Neck,Regular sleeves,3/4 SLEEVE,Unknown,48,38
476-03,Anjali,Mokosh,Ethnic,Anarkali KPD Set,Unknown,Anarkali,Dyed,Maroon,Chinon,Multi Thread Work,Pant,Dyed,Maroon,Chinon,Not_Applied,Not Applied,V Neck,Regular sleeves,3/4 SLEEVE,Unknown,48,38
477-01,Anjali,Mokosh,Ethnic,Anarkali KPD Set,Unknown,A-LINE KURTI,Dyed,Mustard,Silk,Multi Thread Work,Pant,Dyed,Mustard,Silk,Not_Applied,Not Applied,V Neck,Regular sleeves,3/4 SLEEVE,Unknown,48,38
477-02,Anjali,Mokosh,Ethnic,Anarkali KPD Set,Unknown,A-LINE KURTI,Dyed,Teal Blue,Silk,Multi Thread Work,Pant,Dyed,Teal Blue,Silk,Not_Applied,Not Applied,V Neck,Regular sleeves,3/4 SLEEVE,Unknown,48,38
477-03,Anjali,Mokosh,Ethnic,Anarkali KPD Set,Unknown,A-LINE KURTI,Dyed,Purple,Silk,Multi Thread Work,Pant,Dyed,Purple,Silk,Not_Applied,Not Applied,V Neck,Regular sleeves,3/4 SLEEVE,Unknown,48,38
477-04,Anjali,Mokosh,Ethnic,Anarkali KPD Set,Unknown,A-LINE KURTI,Dyed,Pink,Silk,Multi Thread Work,Pant,Dyed,Pink,Silk,Not_Applied,Not Applied,V Neck,Regular sleeves,3/4 SLEEVE,Unknown,48,38
478-01,Anjali,Mokosh,Indowestern,Top Bottom Shrug,Unknown,Blouse,Dyed,Wine,Georgette,Multi Thread Work,Palazzo,Dyed,Wine,Georgette,MULTI THREAD WORK,Not Applied,Square Neck,Regular sleeves,3/4 SLEEVE,Unknown,50,41
478-02,Anjali,Mokosh,Indowestern,Top Bottom Shrug,Unknown,Blouse,Dyed,Neon,Georgette,Multi Thread Work,Palazzo,Dyed,Neon,Georgette,MULTI THREAD WORK,Not Applied,Square Neck,Regular sleeves,3/4 SLEEVE,Unknown,50,41
479-01,Anjali,Mokosh,Ethnic,Straight KPD Set,Unknown,Kurti,Dyed,Orange ,Chinon,Coding + Sequence,Pant,Dyed,Orange ,Chinon,Not_Applied,Not Applied,ROUND NECK,Regular sleeves,Full Sleeve,Unknown,46,38
479-02,Anjali,Mokosh,Ethnic,Straight KPD Set,Unknown,Kurti,Dyed,Bottle Green,Chinon,Coding + Sequence,Pant,Dyed,Bottle Green,Chinon,Not_Applied,Not Applied,ROUND NECK,Regular sleeves,Full Sleeve,Unknown,46,38
479-03,Anjali,Mokosh,Ethnic,Straight KPD Set,Unknown,Kurti,Dyed,Dark Mustard,Chinon,Coding + Sequence,Pant,Dyed,Dark Mustard,Chinon,Not_Applied,Not Applied,ROUND NECK,Regular sleeves,Full Sleeve,Unknown,46,38
479-04,Anjali,Mokosh,Ethnic,Straight KPD Set,Unknown,Kurti,Dyed,Onion ,Chinon,Coding + Sequence,Pant,Dyed,Onion ,Chinon,Not_Applied,Not Applied,ROUND NECK,Regular sleeves,Full Sleeve,Unknown,46,38
480-01,Anjali,Mokosh,Ethnic,Straight KPD Set,Unknown,Kurti,Dyed,Cream,Chinon,Coding + Multi,Pant,Dyed,Cream,Chinon,Not_Applied,Not Applied,ROUND NECK,Regular sleeves,Full Sleeve,Unknown,46,38
480-02,Anjali,Mokosh,Ethnic,Straight KPD Set,Unknown,Kurti,Dyed,Orange,Chinon,Coding + Multi,Pant,Dyed,Orange,Chinon,Not_Applied,Not Applied,ROUND NECK,Regular sleeves,Full Sleeve,Unknown,46,38
480-03,Anjali,Mokosh,Ethnic,Straight KPD Set,Unknown,Kurti,Dyed,Sky Blue,Chinon,Coding + Multi,Pant,Dyed,Sky Blue,Chinon,Not_Applied,Not Applied,ROUND NECK,Regular sleeves,Full Sleeve,Unknown,46,38
480-04,Anjali,Mokosh,Ethnic,Straight KPD Set,Unknown,Kurti,Dyed,Mustard,Chinon,Coding + Multi,Pant,Dyed,Mustard,Chinon,Not_Applied,Not Applied,ROUND NECK,Regular sleeves,Full Sleeve,Unknown,46,38
481-01,Anjali,Mokosh,Ethnic,Anarkali KPD Set,Unknown,A-LINE KURTI,Dyed,Orange,Georgette,Coding + Sequence,Not Applied,Not Applied,Not Applied,Not Applied,Not_Applied,Not Applied,ROUND NECK,Not Applied,Sleeve less,Unknown,54,-
481-02,Anjali,Mokosh,Ethnic,Anarkali KPD Set,Unknown,A-LINE KURTI,Dyed,Perrot Green,Georgette,Coding + Sequence,Not Applied,Not Applied,Not Applied,Not Applied,Not_Applied,Not Applied,ROUND NECK,Not Applied,Sleeve less,Unknown,54,-
481-03,Anjali,Mokosh,Ethnic,Anarkali KPD Set,Unknown,A-LINE KURTI,Dyed,Maroon,Georgette,Coding + Sequence,Not Applied,Not Applied,Not Applied,Not Applied,Not_Applied,Not Applied,ROUND NECK,Not Applied,Sleeve less,Unknown,54,-
481-04,Anjali,Mokosh,Ethnic,Anarkali KPD Set,Unknown,A-LINE KURTI,Dyed,Violet,Georgette,Coding + Sequence,Not Applied,Not Applied,Not Applied,Not Applied,Not_Applied,Not Applied,ROUND NECK,Not Applied,Sleeve less,Unknown,54,-
482-01,Anjali,Mokosh,Ethnic,Straight KPD Set,Unknown,Kurti,Dyed,Red,Chinon,Coding + Sequence,Pant,Dyed,Red,Chinon,Not_Applied,Not Applied,ROUND NECK,Regular sleeves,3/4 SLEEVE,Unknown,46,38
482-02,Anjali,Mokosh,Ethnic,Straight KPD Set,Unknown,Kurti,Dyed,Pink,Chinon,Coding + Sequence,Pant,Dyed,Pink,Chinon,Not_Applied,Not Applied,ROUND NECK,Regular sleeves,3/4 SLEEVE,Unknown,46,38
482-03,Anjali,Mokosh,Ethnic,Straight KPD Set,Unknown,Kurti,Dyed,Maroon,Chinon,Coding + Sequence,Pant,Dyed,Maroon,Chinon,Not_Applied,Not Applied,ROUND NECK,Regular sleeves,3/4 SLEEVE,Unknown,46,38
482-04,Anjali,Mokosh,Ethnic,Straight KPD Set,Unknown,Kurti,Dyed,Neon,Chinon,Coding + Sequence,Pant,Dyed,Neon,Chinon,Not_Applied,Not Applied,ROUND NECK,Regular sleeves,3/4 SLEEVE,Unknown,46,38
483-01,Anjali,Mokosh,Ethnic,Anarkali KPD Set,Unknown,Anarkali,Dyed,Grey,Silk,Coding + Sequence,Pant,Dyed,Grey,Silk,Not_Applied,Not Applied,ROUND NECK,Regular sleeves,3/4 SLEEVE,Unknown,50,38
483-02,Anjali,Mokosh,Ethnic,Anarkali KPD Set,Unknown,Anarkali,Dyed,Parrot Green,Silk,Coding + Sequence,Pant,Dyed,Parrot Green,Silk,Not_Applied,Not Applied,ROUND NECK,Regular sleeves,3/4 SLEEVE,Unknown,50,38
483-03,Anjali,Mokosh,Ethnic,Anarkali KPD Set,Unknown,Anarkali,Dyed,Rama ,Silk,Coding + Sequence,Pant,Dyed,Rama ,Silk,Not_Applied,Not Applied,ROUND NECK,Regular sleeves,3/4 SLEEVE,Unknown,50,38
483-04,Anjali,Mokosh,Ethnic,Anarkali KPD Set,Unknown,Anarkali,Dyed,Orange,Silk,Coding + Sequence,Pant,Dyed,Orange,Silk,Not_Applied,Not Applied,ROUND NECK,Regular sleeves,3/4 SLEEVE,Unknown,50,38
484-01,Anjali,Mokosh,Ethnic,Anarkali KPD Set,Unknown,Anarkali,Dyed,Coffee,Silk,Coding + Sequence,Pant,Dyed,Coffee,Silk,Not_Applied,Not Applied,Notch,Regular sleeves,Full Sleeve,Unknown,50,38
484-02,Anjali,Mokosh,Ethnic,Anarkali KPD Set,Unknown,Anarkali,Dyed,Teal Blue,Silk,Coding + Sequence,Pant,Dyed,Teal Blue,Silk,Not_Applied,Not Applied,Notch,Regular sleeves,Full Sleeve,Unknown,50,38
484-03,Anjali,Mokosh,Ethnic,Anarkali KPD Set,Unknown,Anarkali,Dyed,Pista Green,Silk,Coding + Sequence,Pant,Dyed,Pista Green,Silk,Not_Applied,Not Applied,Notch,Regular sleeves,Full Sleeve,Unknown,50,38
484-04,Anjali,Mokosh,Ethnic,Anarkali KPD Set,Unknown,Anarkali,Dyed,Berry Red,Silk,Coding + Sequence,Pant,Dyed,Berry Red,Silk,Not_Applied,Not Applied,Notch,Regular sleeves,Full Sleeve,Unknown,50,38
485-01,Anjali,Mokosh,Ethnic,Straight KPD Set,Unknown,Kurti,Dyed,Orange,Chinon,Coding + Sequence,Pant,Dyed,Orange,Chinon,Not_Applied,Not Applied,ROUND NECK,Regular sleeves,3/4 SLEEVE,Unknown,46,38
485-02,Anjali,Mokosh,Ethnic,Straight KPD Set,Unknown,Kurti,Dyed,Teal Blue,Chinon,Coding + Sequence,Pant,Dyed,Teal Blue,Chinon,Not_Applied,Not Applied,ROUND NECK,Regular sleeves,3/4 SLEEVE,Unknown,46,38
485-03,Anjali,Mokosh,Ethnic,Straight KPD Set,Unknown,Kurti,Dyed,Grey,Chinon,Coding + Sequence,Pant,Dyed,Grey,Chinon,Not_Applied,Not Applied,ROUND NECK,Regular sleeves,3/4 SLEEVE,Unknown,46,38
485-04,Anjali,Mokosh,Ethnic,Straight KPD Set,Unknown,Kurti,Dyed,Rani,Chinon,Coding + Sequence,Pant,Dyed,Rani,Chinon,Not_Applied,Not Applied,ROUND NECK,Regular sleeves,3/4 SLEEVE,Unknown,46,38
486-01,Anjali,Mokosh,Ethnic,Straight KPD Set,Unknown,Kurti,Dyed,Firozi,Chinon,Unknown,Pant,Dyed,Firozi,Chinon,Not_Applied,Not Applied,ROUND NECK,Regular sleeves,3/4 SLEEVE,Unknown,46,38
486-02,Anjali,Mokosh,Ethnic,Straight KPD Set,Unknown,Kurti,Dyed,Dark Peach,Chinon,Unknown,Pant,Dyed,Dark Peach,Chinon,Not_Applied,Not Applied,ROUND NECK,Regular sleeves,3/4 SLEEVE,Unknown,46,38
486-03,Anjali,Mokosh,Ethnic,Straight KPD Set,Unknown,Kurti,Dyed,Maroon,Chinon,Unknown,Pant,Dyed,Maroon,Chinon,Not_Applied,Not Applied,ROUND NECK,Regular sleeves,3/4 SLEEVE,Unknown,46,38
486-04,Anjali,Mokosh,Ethnic,Straight KPD Set,Unknown,Kurti,Dyed,Beige,Chinon,Unknown,Pant,Dyed,Beige,Chinon,Not_Applied,Not Applied,ROUND NECK,Regular sleeves,3/4 SLEEVE,Unknown,46,38
487-01,Anjali,Mokosh,Ethnic,Straight KPD Set,Unknown,Kurti,Dyed,Cream,Silk,Multi Thread Work,Pant,Dyed,Cream,Silk,Not_Applied,Not Applied,Sweetheart Neck,Regular sleeves,3/4 SLEEVE,Unknown,46,38
487-02,Anjali,Mokosh,Ethnic,Straight KPD Set,Unknown,Kurti,Dyed,C-Green,Silk,Multi Thread Work,Pant,Dyed,C-Green,Silk,Not_Applied,Not Applied,Sweetheart Neck,Regular sleeves,3/4 SLEEVE,Unknown,46,38
487-03,Anjali,Mokosh,Ethnic,Straight KPD Set,Unknown,Kurti,Dyed,Coffee,Silk,Multi Thread Work,Pant,Dyed,Coffee,Silk,Not_Applied,Not Applied,Sweetheart Neck,Regular sleeves,3/4 SLEEVE,Unknown,46,38
487-04,Anjali,Mokosh,Ethnic,Straight KPD Set,Unknown,Kurti,Dyed,Rose Pink,Silk,Multi Thread Work,Pant,Dyed,Rose Pink,Silk,Not_Applied,Not Applied,Sweetheart Neck,Regular sleeves,3/4 SLEEVE,Unknown,46,38
488-01,Anjali,Mokosh,Ethnic,Straight KPD Set,Unknown,Kurti,Dyed,Rose Pink,Silk,Multi Thread Work,Pant,Dyed,Rose Pink,Silk,Not_Applied,Not Applied,ROUND NECK,Regular sleeves,3/4 SLEEVE,Unknown,30',38
488-02,Anjali,Mokosh,Ethnic,Straight KPD Set,Unknown,Kurti,Dyed,Brown,Silk,Multi Thread Work,Pant,Dyed,Brown,Silk,Not_Applied,Not Applied,ROUND NECK,Regular sleeves,3/4 SLEEVE,Unknown,30',38
488-03,Anjali,Mokosh,Ethnic,Straight KPD Set,Unknown,Kurti,Dyed,Sea Green,Silk,Multi Thread Work,Pant,Dyed,Sea Green,Silk,Not_Applied,Not Applied,ROUND NECK,Regular sleeves,3/4 SLEEVE,Unknown,30',38
488-04,Anjali,Mokosh,Ethnic,Straight KPD Set,Unknown,Kurti,Dyed,Lemon Yellow,Silk,Multi Thread Work,Pant,Dyed,Lemon Yellow,Silk,Not_Applied,Not Applied,ROUND NECK,Regular sleeves,3/4 SLEEVE,Unknown,30',38
489-01,Anjali,Mokosh,Ethnic,Straight KPD Set,Unknown,Kurti,Dyed,Candy Pink,Silk,Multi Thread Work,Pant,Dyed,Candy Pink,Silk,Not_Applied,Not Applied,V Neck,Regular sleeves,3/4 SLEEVE,Unknown,46,38
489-02,Anjali,Mokosh,Ethnic,Straight KPD Set,Unknown,Kurti,Dyed,Light Mustard,Silk,Multi Thread Work,Pant,Dyed,Light Mustard,Silk,Not_Applied,Not Applied,V Neck,Regular sleeves,3/4 SLEEVE,Unknown,46,38
489-03,Anjali,Mokosh,Ethnic,Straight KPD Set,Unknown,Kurti,Dyed,Teal Blue,Silk,Multi Thread Work,Pant,Dyed,Teal Blue,Silk,Not_Applied,Not Applied,V Neck,Regular sleeves,3/4 SLEEVE,Unknown,46,38
489-04,Anjali,Mokosh,Ethnic,Straight KPD Set,Unknown,Kurti,Dyed,Elaichi,Silk,Multi Thread Work,Pant,Dyed,Elaichi,Silk,Not_Applied,Not Applied,V Neck,Regular sleeves,3/4 SLEEVE,Unknown,46,38
490-01,Anjali,Mokosh,Ethnic,Peplum KSD Set,Unknown,Peplum Kurti,Dyed,Neon,Silk,Multi,Sharara,Dyed,Neon,Silk,Not_Applied,Not Applied,Sweetheart Neck,Regular sleeves,Full Sleeve,Unknown,28,40
490-02,Anjali,Mokosh,Ethnic,Peplum KSD Set,Unknown,Peplum Kurti,Dyed,Lavender,Silk,Multi,Sharara,Dyed,Lavender,Silk,Not_Applied,Not Applied,Sweetheart Neck,Regular sleeves,Full Sleeve,Unknown,28,40
490-03,Anjali,Mokosh,Ethnic,Peplum KSD Set,Unknown,Peplum Kurti,Dyed,Coffee,Silk,Multi,Sharara,Dyed,Coffee,Silk,Not_Applied,Not Applied,Sweetheart Neck,Regular sleeves,Full Sleeve,Unknown,28,40
490-04,Anjali,Mokosh,Ethnic,Peplum KSD Set,Unknown,Peplum Kurti,Dyed,Off White,Silk,Multi,Sharara,Dyed,Off White,Silk,Not_Applied,Not Applied,Sweetheart Neck,Regular sleeves,Full Sleeve,Unknown,28,40
490-05,Anjali,Mokosh,Ethnic,Peplum KSD Set,Unknown,Peplum Kurti,Dyed,Berry,Silk,Multi,Sharara,Dyed,Berry,Silk,Not_Applied,Not Applied,Sweetheart Neck,Regular sleeves,Full Sleeve,Unknown,28,40
490-06,Anjali,Mokosh,Ethnic,Peplum KSD Set,Unknown,Peplum Kurti,Dyed,Mustard,Silk,Multi,Sharara,Dyed,Mustard,Silk,Not_Applied,Not Applied,Sweetheart Neck,Regular sleeves,Full Sleeve,Unknown,28,40
491-01,Anjali,Mokosh,Ethnic,Peplum KSD Set,Unknown,Kurta,Dyed,Light Mustard,Silk,Coding + Sequence,Sharara,Dyed,Light Mustard,Silk,Not_Applied,Not Applied,V Neck,Regular sleeves,Full Sleeve,Unknown,30,40
491-02,Anjali,Mokosh,Ethnic,Short Kurta Palazzo KPD Set,Unknown,Kurta,Dyed,Violet,Silk,Coding + Sequence,Sharara,Dyed,Violet,Silk,Not_Applied,Not Applied,V Neck,Regular sleeves,Full Sleeve,Unknown,30,40
491-03,Anjali,Mokosh,Ethnic,Short Kurta Palazzo KPD Set,Unknown,Kurta,Dyed,Orange,Silk,Coding + Sequence,Palazzo,Dyed,Orange,Silk,Not_Applied,Not Applied,V Neck,Regular sleeves,Full Sleeve,Unknown,30,40
491-04,Anjali,Mokosh,Ethnic,Short Kurta Palazzo KPD Set,Unknown,Kurta,Dyed,C-Green,Silk,Coding + Sequence,Palazzo,Dyed,C-Green,Silk,Not_Applied,Not Applied,V Neck,Regular sleeves,Full Sleeve,Unknown,30,40
492-01,Anjali,Mokosh,Ethnic,Straight KPD Set,Unknown,Kurti,Dyed,Baby Pink,Silk,Coding + Sequence,Pant,Dyed,Baby Pink,Silk,Not_Applied,Not Applied,Sweetheart Neck,Regular sleeves,3/4 Sleeve,Unknown,46,38
492-02,Anjali,Mokosh,Ethnic,Straight KPD Set,Unknown,Kurti,Dyed,Coffee,Silk,Coding + Sequence,Pant,Dyed,Coffee,Silk,Not_Applied,Not Applied,Sweetheart Neck,Regular sleeves,3/4 Sleeve,Unknown,46,38
492-03,Anjali,Mokosh,Ethnic,Straight KPD Set,Unknown,Kurti,Dyed,Orange,Silk,Coding + Sequence,Pant,Dyed,Orange,Silk,Not_Applied,Not Applied,Sweetheart Neck,Regular sleeves,3/4 Sleeve,Unknown,46,38
492-04,Anjali,Mokosh,Ethnic,Straight KPD Set,Unknown,Kurti,Dyed,Rama,Silk,Coding + Sequence,Pant,Dyed,Rama,Silk,Not_Applied,Not Applied,Sweetheart Neck,Regular sleeves,3/4 Sleeve,Unknown,46,38
492-05,Anjali,Mokosh,Ethnic,Straight KPD Set,Unknown,Kurti,Dyed,Light Mustard,Silk,Coding + Sequence,Pant,Dyed,Light Mustard,Silk,Not_Applied,Not Applied,Sweetheart Neck,Regular sleeves,3/4 Sleeve,Unknown,46,38
493-01,Anjali,Mokosh,Ethnic,Straight KPD Set,Unknown,Kurti,Dyed,Lavender,Silk,Aplic Work,Pant,Dyed,Lavender,Silk,Not_Applied,Not Applied,ROUND NECK,Regular sleeves,3/4 SLEEVE,Unknown,46,38
493-02,Anjali,Mokosh,Ethnic,Straight KPD Set,Unknown,Kurti,Dyed,Cream,Silk,Aplic Work,Pant,Dyed,Cream,Silk,Not_Applied,Not Applied,ROUND NECK,Regular sleeves,3/4 SLEEVE,Unknown,46,38
493-03,Anjali,Mokosh,Ethnic,Straight KPD Set,Unknown,Kurti,Dyed,Peach,Silk,Aplic Work,Pant,Dyed,Peach,Silk,Not_Applied,Not Applied,ROUND NECK,Regular sleeves,3/4 SLEEVE,Unknown,46,38
494-01,Anjali,Mokosh,Ethnic,Anarkali KPD Set,Unknown,Anarkali,Dyed,Rani,Chiffon,Coding + Sequence,Pant,Dyed,Rani,Santoon,Not_Applied,Not Applied,ROUND NECK,Regular sleeves,3/4 SLEEVE,Unknown,48,38
494-02,Anjali,Mokosh,Ethnic,Anarkali KPD Set,Unknown,Anarkali,Dyed,Lavender,Chiffon,Coding + Sequence,Pant,Dyed,Lavender,Santoon,Not_Applied,Not Applied,ROUND NECK,Regular sleeves,3/4 SLEEVE,Unknown,48,38
494-03,Anjali,Mokosh,Ethnic,Anarkali KPD Set,Unknown,Anarkali,Dyed,Coffee,Chiffon,Coding + Sequence,Pant,Dyed,Coffee,Santoon,Not_Applied,Not Applied,ROUND NECK,Regular sleeves,3/4 SLEEVE,Unknown,48,38
494-04,Anjali,Mokosh,Ethnic,Anarkali KPD Set,Unknown,Anarkali,Dyed,Peach,Chiffon,Coding + Sequence,Pant,Dyed,Peach,Santoon,Not_Applied,Not Applied,ROUND NECK,Regular sleeves,3/4 SLEEVE,Unknown,48,38
495-01,Anjali,Mokosh,Ethnic,Straight KPD Set,Unknown,Kurti,Dyed,Coffee,Chinon,Coding + Sequence,Pant,Dyed,Coffee,Chinon,Not_Applied,Not Applied,ROUND NECK,Regular sleeves,3/4 SLEEVE,Unknown,46,38
495-02,Anjali,Mokosh,Ethnic,Straight KPD Set,Unknown,Kurti,Dyed,Pink,Chinon,Coding + Sequence,Pant,Dyed,Pink,Chinon,Not_Applied,Not Applied,ROUND NECK,Regular sleeves,3/4 SLEEVE,Unknown,46,38
495-03,Anjali,Mokosh,Ethnic,Straight KPD Set,Unknown,Kurti,Dyed,Dark Mustard,Chinon,Coding + Sequence,Pant,Dyed,Dark Mustard,Chinon,Not_Applied,Not Applied,ROUND NECK,Regular sleeves,3/4 SLEEVE,Unknown,46,38
495-04,Anjali,Mokosh,Ethnic,Straight KPD Set,Unknown,Kurti,Dyed,Lavender,Chinon,Coding + Sequence,Pant,Dyed,Lavender,Chinon,Not_Applied,Not Applied,ROUND NECK,Regular sleeves,3/4 SLEEVE,Unknown,46,38
496-01,Anjali,Mokosh,Ethnic,Short Kurta Palazzo KPD Set,Unknown,KURTI,Dyed,Neon,Silk,Coding + Sequence,Sharara,Dyed,Neon,Silk,Not_Applied,Not Applied,Sweetheart Neck,Not Applied,Sleeve less,Unknown,30,40
496-02,Anjali,Mokosh,Ethnic,Short Kurta Palazzo KPD Set,Unknown,KURTI,Dyed,Lavender,Silk,Thread Work,Sharara,Dyed,Lavender,Silk,Not_Applied,Not Applied,Sweetheart Neck,Not Applied,Sleeve less,Unknown,30,40
496-03,Anjali,Mokosh,Ethnic,Short Kurta Palazzo KPD Set,Unknown,KURTI,Dyed,Coffee,Silk,Thread Work,Sharara,Dyed,Coffee,Silk,Not_Applied,Not Applied,Sweetheart Neck,Not Applied,Sleeve less,Unknown,30,40
496-04,Anjali,Mokosh,Ethnic,Short Kurta Palazzo KPD Set,Unknown,KURTI,Dyed,Beige,Silk,Thread Work,Sharara,Dyed,Beige,Silk,Not_Applied,Not Applied,Sweetheart Neck,Not Applied,Sleeve less,Unknown,30,40
497-01,Anjali,Mokosh,Ethnic,Straight KPD Set,Unknown,Kurti,Dyed,Sea Green,Silk,Coding + Sequence,Sharara,Dyed,Sea Green,Silk,Not_Applied,Not Applied,V Neck,Regular sleeves,3/4 Sleeve,Unknown,30,40
497-02,Anjali,Mokosh,Ethnic,Straight KPD Set,Unknown,Kurti,Dyed,Berry,Silk,Coding + Sequence,Sharara,Dyed,Berry,Silk,Not_Applied,Not Applied,V Neck,Regular sleeves,3/4 Sleeve,Unknown,30,40
497-03,Anjali,Mokosh,Ethnic,Straight KPD Set,Unknown,Kurti,Dyed,Lemon Yellow,Silk,Coding + Sequence,Sharara,Dyed,Lemon Yellow,Silk,Not_Applied,Not Applied,V Neck,Regular sleeves,3/4 Sleeve,Unknown,30,40
497-04,Anjali,Mokosh,Ethnic,Straight KPD Set,Unknown,Kurti,Dyed,Orange,Silk,Coding + Sequence,Sharara,Dyed,Orange,Silk,Not_Applied,Not Applied,V Neck,Regular sleeves,3/4 Sleeve,Unknown,30,40
498-01,Anjali,Mokosh,Ethnic,Anarkali KPD Set,Unknown,Anarkali,Dyed,Berry,Silk,Coding + Sequence,Pant,Dyed,Berry,Silk,Not_Applied,Not Applied,V Neck,Regular sleeves,Full Sleeve,Unknown,50,38
498-02,Anjali,Mokosh,Ethnic,Anarkali KPD Set,Unknown,Anarkali,Dyed,Golden,Silk,Coding + Sequence,Pant,Dyed,Golden,Silk,Not_Applied,Not Applied,V Neck,Regular sleeves,Full Sleeve,Unknown,50,38
498-03,Anjali,Mokosh,Ethnic,Anarkali KPD Set,Unknown,Anarkali,Dyed,Beige ,Silk,Coding + Sequence,Pant,Dyed,Beige ,Silk,Not_Applied,Not Applied,V Neck,Regular sleeves,Full Sleeve,Unknown,50,38
498-04,Anjali,Mokosh,Ethnic,Anarkali KPD Set,Unknown,Anarkali,Dyed,Rust,Silk,Coding + Sequence,Pant,Dyed,Rust,Silk,Not_Applied,Not Applied,V Neck,Regular sleeves,Full Sleeve,Unknown,50,38
498-05,Anjali,Mokosh,Ethnic,Anarkali KPD Set,Unknown,Anarkali,Dyed,Red,Silk,Coding + Sequence,Pant,Dyed,Red,Silk,Not_Applied,Not Applied,V Neck,Regular sleeves,Full Sleeve,Unknown,50,38
498-06,Anjali,Mokosh,Ethnic,Anarkali KPD Set,Unknown,Anarkali,Dyed,Rose Pink,Silk,Coding + Sequence,Pant,Dyed,Rose Pink,Silk,Not_Applied,Not Applied,V Neck,Regular sleeves,Full Sleeve,Unknown,50,38
498-07,Anjali,Mokosh,Ethnic,Anarkali KPD Set,Unknown,Anarkali,Dyed,Dark Lavender,Silk,Coding + Sequence,Pant,Dyed,Dark Lavender,Silk,Not_Applied,Not Applied,V Neck,Regular sleeves,Full Sleeve,Unknown,50,38
499-01,Anjali,Mokosh,Ethnic,Straight KPD Set,Unknown,Kurti,Dyed,Butter Yellow,Chinon,Multi Thread Work,Pant,Dyed,Butter Yellow,Chinon,Not_Applied,Not Applied,Sweetheart Neck,Regular sleeves,Full Sleeve,Unknown,46,38
499-02,Anjali,Mokosh,Ethnic,Straight KPD Set,Unknown,Kurti,Dyed,Pink,Chinon,Multi Thread Work,Pant,Dyed,Pink,Chinon,Not_Applied,Not Applied,Sweetheart Neck,Regular sleeves,Full Sleeve,Unknown,46,38
499-03,Anjali,Mokosh,Ethnic,Straight KPD Set,Unknown,Kurti,Dyed,Dark Coffee,Chinon,Multi Thread Work,Pant,Dyed,Dark Coffee,Chinon,Not_Applied,Not Applied,Sweetheart Neck,Regular sleeves,Full Sleeve,Unknown,46,38
506-01,Anjali,Mokosh,Casual,  Co-Ord Set,Unknown,KURTA,Print,Pink,POLY RAYON,Hand Work,Pant,Print,Pink,POLY RAYON,Not_Applied,Not Applied,Collar neck,Regular sleeves,3/4 SLEEVE,PINK,39,38
506-02,Anjali,Mokosh,Casual,  Co-Ord Set,Unknown,KURTA,Print,Green,POLY RAYON,Hand Work,Pant,Print,Green,POLY RAYON,Not_Applied,Not Applied,Collar neck,Regular sleeves,3/4 SLEEVE,GREEN,39,38
507-01,Anjali,Mokosh,Casual,  Co-Ord Set,Unknown,KURTA,Print,Orange,PC COTTON ,Not Applied,Pant,Print,Orange,PC COTTON ,Not_Applied,Not Applied,Collar neck,Regular sleeves,3/4 SLEEVE,Orange,39,38
507-02,Anjali,Mokosh,Casual,  Co-Ord Set,Unknown,KURTA,Print,Pink,PC COTTON ,Not Applied,Pant,Print,Pink,PC COTTON ,Not_Applied,Not Applied,Collar neck,Regular sleeves,3/4 SLEEVE,PINK,39,38
507-03,Anjali,Mokosh,Casual,  Co-Ord Set,Unknown,KURTA,Print,Pista,PC COTTON ,Not Applied,Pant,Print,Pista,PC COTTON ,Not_Applied,Not Applied,Collar neck,Regular sleeves,3/4 SLEEVE,PISTA,39,38
507-04,Anjali,Mokosh,Casual,  Co-Ord Set,Unknown,KURTA,Print,Rama,PC COTTON ,Not Applied,Pant,Print,Rama,PC COTTON ,Not_Applied,Not Applied,Collar neck,Regular sleeves,3/4 SLEEVE,RAMA,39,38
508-01,Anjali,Mokosh,Casual,  Co-Ord Set,Unknown,KURTA,Print,Maroon,MUSLIN,Not Applied,Pant,Print,Maroon,MUSLIN,Not_Applied,DIGITAL PRINT,Collar neck,Regular sleeves,3/4 SLEEVE,MAROON,39,38
508-02,Anjali,Mokosh,Casual,  Co-Ord Set,Unknown,KURTA,Print,Violet,MUSLIN,Hand Work,Pant,Print,Violet,MUSLIN,Not_Applied,DIGITAL PRINT,Collar neck,Regular sleeves,3/4 SLEEVE,VIOLET ,39,38
508-03,Anjali,Mokosh,Casual,  Co-Ord Set,Unknown,KURTA,Print,Pink,MUSLIN,Hand Work,Pant,Print,Pink,MUSLIN,Not_Applied,DIGITAL PRINT,Collar neck,Regular sleeves,3/4 SLEEVE,PINK,39,38
508-04,Anjali,Mokosh,Casual,  Co-Ord Set,Unknown,KURTA,Print,Blue,MUSLIN,Hand Work,Pant,Print,Blue,MUSLIN,Not_Applied,DIGITAL PRINT,Collar neck,Regular sleeves,3/4 SLEEVE,BLUE ,39,38
509-01,Anjali,Mokosh,Casual,  Co-Ord Set,Unknown,KURTA,Print,Pink,MUSLIN,Hand Work,Pant,Print,Pink,MUSLIN,Not_Applied,DIGITAL PRINT,Collar neck,Regular sleeves,3/4 SLEEVE,PINK,32,38
509-02,Anjali,Mokosh,Casual,  Co-Ord Set,Unknown,KURTA,Print,Violet,MUSLIN,Hand Work,Pant,Print,Violet,MUSLIN,Not_Applied,DIGITAL PRINT,Collar neck,Regular sleeves,3/4 SLEEVE,VIOLET ,32,38
509-03,Anjali,Mokosh,Casual,  Co-Ord Set,Unknown,KURTA,Print,Orange,MUSLIN,Hand Work,Pant,Print,Orange,MUSLIN,Not_Applied,DIGITAL PRINT,Collar neck,Regular sleeves,3/4 SLEEVE,Orange,32,38
509-04,Anjali,Mokosh,Casual,  Co-Ord Set,Unknown,KURTA,Print,Rama,MUSLIN,Hand Work,Pant,Print,Rama,MUSLIN,Not_Applied,DIGITAL PRINT,Collar neck,Regular sleeves,3/4 SLEEVE,RAMA,32,38
510-01,Anjali,Mokosh,Casual,  Co-Ord Set,Unknown,KURTA,Print,Black , COTTON,Not Applied,Pant,Print,Black , COTTON,Not_Applied,CHEX,Collar neck, Balloon sleeves,Not Applied,BLACK,39,38
510-02,Anjali,Mokosh,Casual,  Co-Ord Set,Unknown,KURTA,Print,White , COTTON,Not Applied,Pant,Print,White , COTTON,Not_Applied,CHEX,Collar neck, Balloon sleeves,Not Applied,WHITE,39,38
510-03,Anjali,Mokosh,Casual,  Co-Ord Set,Unknown,KURTA,DYED,Pink, COTTON,Not Applied,Pant,Print,Pink, COTTON,Not_Applied,DYED,Collar neck, Balloon sleeves,Not Applied,PINK,39,38
510-04,Anjali,Mokosh,Casual,  Co-Ord Set,Unknown,KURTA,DYED,Blue , COTTON,Not Applied,Pant,DYED,Blue , COTTON,Not_Applied,DYED,Collar neck, Balloon sleeves,Not Applied,BLUE ,39,38
510-05,Anjali,Mokosh,Casual,  Co-Ord Set,Unknown,KURTA,Print,Black , COTTON,Not Applied,Pant,DYED,Black , COTTON,Not_Applied,CHEX,Collar neck, Balloon sleeves,Not Applied,BLACK,39,38
511-01,Anjali,Mokosh,Casual,  Co-Ord Set,Unknown,KURTA,DYED,Black, COTTON,Not Applied,Pant,Print,Black, COTTON,Not_Applied,Stripe,Collar neck, Balloon sleeves,Not Applied,BLACK,39,38
511-02,Anjali,Mokosh,Casual,  Co-Ord Set,Unknown,KURTA,DYED,Pink, COTTON,Not Applied,Pant,DYED,Pink, COTTON,Not_Applied,Stripe,Collar neck, Balloon sleeves,Not Applied,PINK,39,38
511-03,Anjali,Mokosh,Casual,  Co-Ord Set,Unknown,KURTA,DYED,Green, COTTON,Not Applied,Pant,DYED,Green, COTTON,Not_Applied,Stripe,Collar neck, Balloon sleeves,Not Applied,GREEN,39,38
511-04,Anjali,Mokosh,Casual,  Co-Ord Set,Unknown,KURTA,DYED,Blue, COTTON,Not Applied,Pant,DYED,Blue, COTTON,Not_Applied,Stripe,Collar neck, Balloon sleeves,Not Applied,BLUE ,39,38
512-01,Anjali,Mokosh,Casual,  Co-Ord Set,Unknown,KURTA,Print,Neon,POLY BLEND,Hand Work,Pant,DYED,Neon,POLY BLEND,Not_Applied,DIGITAL PRINT,Collar neck,Regular sleeves,3/4 SLEEVE,NEON,39,38
512-02,Anjali,Mokosh,Casual,  Co-Ord Set,Unknown,KURTA,Print,Rama,POLY BLEND,Hand Work,Pant,Print,Rama,POLY BLEND,Not_Applied,DIGITAL PRINT,Collar neck,Regular sleeves,3/4 SLEEVE,RAMA,39,38
512-03,Anjali,Mokosh,Casual,  Co-Ord Set,Unknown,KURTA,Print,Yellow,POLY BLEND,Hand Work,Pant,Print,Yellow,POLY BLEND,Not_Applied,DIGITAL PRINT,Collar neck,Regular sleeves,3/4 SLEEVE,YELLOW,39,38
512-04,Anjali,Mokosh,Casual,  Co-Ord Set,Unknown,KURTA,Print,Pink,POLY BLEND,Hand Work,Pant,Print,Pink,POLY BLEND,Not_Applied,DIGITAL PRINT,Collar neck,Regular sleeves,3/4 SLEEVE,PINK,39,38
513-01,Anjali,Mokosh,Casual,  Co-Ord Set,Unknown,KURTA,Print,C-Green,POLY BLEND,Hand Work,Pant,Print,C-Green,POLY BLEND,Not_Applied,DIGITAL PRINT,Collar neck,Regular sleeves,3/4 SLEEVE,C-GREEN,39,38
513-02,Anjali,Mokosh,Casual,  Co-Ord Set,Unknown,KURTA,Print,Blue,POLY BLEND,Hand Work,Pant,Print,Blue,POLY BLEND,Not_Applied,DIGITAL PRINT,Collar neck,Regular sleeves,3/4 SLEEVE,BLUE ,39,38
513-03,Anjali,Mokosh,Casual,  Co-Ord Set,Unknown,KURTA,Print,Pink,POLY BLEND,Hand Work,Pant,Print,Pink,POLY BLEND,Not_Applied,DIGITAL PRINT,Collar neck,Regular sleeves,3/4 SLEEVE,PINK,39,38
513-04,Anjali,Mokosh,Casual,  Co-Ord Set,Unknown,KURTA,Print,Beige,POLY BLEND,Hand Work,Pant,Print,Beige,POLY BLEND,Not_Applied,DIGITAL PRINT,Collar neck,Regular sleeves,3/4 SLEEVE,BEIGE,39,38
514-01,Anjali,Mokosh,Casual,  Co-Ord Set,Unknown,KURTA,Print,Rama,POLY BLEND,Not Applied,Pant,Print,Rama,POLY BLEND,Not_Applied,DIGITAL PRINT,V Neck,Regular sleeves,3/4 SLEEVE,RAMA,29,37
514-02,Anjali,Mokosh,Casual,  Co-Ord Set,Unknown,KURTA,Print,Yellow,POLY BLEND,Not Applied,Pant,Print,Yellow,POLY BLEND,Not_Applied,DIGITAL PRINT,V Neck,Regular sleeves,3/4 SLEEVE,YELLOW,29,37
514-03,Anjali,Mokosh,Casual,  Co-Ord Set,Unknown,KURTA,Print,Blue,POLY BLEND,Not Applied,Pant,Print,Blue,POLY BLEND,Not_Applied,DIGITAL PRINT,V Neck,Regular sleeves,3/4 SLEEVE,BLUE ,29,37
514-04,Anjali,Mokosh,Casual,  Co-Ord Set,Unknown,KURTA,Print,Neon,POLY BLEND,Not Applied,Pant,Print,Neon,POLY BLEND,Not_Applied,DIGITAL PRINT,V Neck,Regular sleeves,3/4 SLEEVE,NEON,29,37
515-01,Anjali,Mokosh,Casual,  Co-Ord Set,Unknown,KURTA,Print,Blue,POLY BLEND,Not Applied,Pant,Print,Blue,POLY BLEND,Not_Applied,DIGITAL PRINT,V Neck,Regular sleeves,3/4 SLEEVE,BLUE ,29,37
515-02,Anjali,Mokosh,Casual,  Co-Ord Set,Unknown,KURTA,Print,Olive Green,POLY BLEND,Not Applied,Pant,Print,Olive Green,POLY BLEND,Not_Applied,DIGITAL PRINT,V Neck,Regular sleeves,3/4 SLEEVE,OLIVE GREEN,29,37
515-03,Anjali,Mokosh,Casual,  Co-Ord Set,Unknown,KURTA,Print,Rama,POLY BLEND,Not Applied,Pant,Print,Rama,POLY BLEND,Not_Applied,DIGITAL PRINT,V Neck,Regular sleeves,3/4 SLEEVE,RAMA,29,37
515-04,Anjali,Mokosh,Casual,  Co-Ord Set,Unknown,KURTA,Print,Rust ,POLY BLEND,Not Applied,Pant,Print,Rust ,POLY BLEND,Not_Applied,DIGITAL PRINT,V Neck,Regular sleeves,3/4 SLEEVE,RUST,29,37
516-01,Anjali,Mokosh,WESTERN,  Co-Ord Set,Unknown,JACKET,Print,Sky Blue,POLY COTTON,Not Applied,Pant,Print,Sky Blue,POLY COTTON,Not_Applied,DIGITAL PRINT,LAPEL COLLAR,Not Applied,Full Sleeve,Sky Blue,28,40
516-02,Anjali,Mokosh,WESTERN,  Co-Ord Set,Unknown,JACKET,Print,Neon,POLY COTTON,Not Applied,Pant,Print,Neon,POLY COTTON,Not_Applied,DIGITAL PRINT,LAPEL COLLAR,Not Applied,Full Sleeve,NEON,28,40
516-03,Anjali,Mokosh,WESTERN,  Co-Ord Set,Unknown,JACKET,Print,Navy Blue,POLY COTTON,Not Applied,Pant,Print,Navy Blue,POLY COTTON,Not_Applied,DIGITAL PRINT,LAPEL COLLAR,Not Applied,Full Sleeve,NAVY BLUE,28,40
516-04,Anjali,Mokosh,WESTERN,  Co-Ord Set,Unknown,JACKET,Print,Pink,POLY COTTON,Not Applied,Pant,Print,Pink,POLY COTTON,Not_Applied,DIGITAL PRINT,LAPEL COLLAR,Not Applied,Full Sleeve,PINK,28,40
517-01,Anjali,Mokosh,Casual,  Co-Ord Set,Unknown,KURTA,Print,C- Green,POLY COTTON,Not Applied,Pant,Print,C-Green,POLY COTTON,Not_Applied,DIGITAL PRINT,V Neck,Not Applied,Sleeve less,C-GREEN,40,38
517-02,Anjali,Mokosh,Casual,  Co-Ord Set,Unknown,KURTA,Print,Rust,POLY COTTON,Not Applied,Pant,Print,Rust,POLY COTTON,Not_Applied,DIGITAL PRINT,V Neck,Not Applied,Sleeve less,RUST,40,38
517-03,Anjali,Mokosh,Casual,  Co-Ord Set,Unknown,KURTA,Print,Pink,POLY COTTON,Not Applied,Pant,Print,Pink,POLY COTTON,Not_Applied,DIGITAL PRINT,V Neck,Not Applied,Sleeve less,PINK,40,38
517-04,Anjali,Mokosh,Casual,  Co-Ord Set,Unknown,KURTA,Print,Yellow,POLY COTTON,Not Applied,Pant,Print,Yellow,POLY COTTON,Not_Applied,DIGITAL PRINT,V Neck,Not Applied,Sleeve less,YELLOW,40,38
518-01,Anjali,Mokosh,Casual,  Co-Ord Set,Unknown,KURTA,Print,Pink,POLY COTTON,Not Applied,Pant,Print,Pink,POLY COTTON,Not_Applied,DIGITAL PRINT,V Neck,Not Applied,Sleeve less,PINK,40,38
518-02,Anjali,Mokosh,Casual,  Co-Ord Set,Unknown,KURTA,Print,Blue,POLY COTTON,Not Applied,Pant,Print,Blue,POLY COTTON,Not_Applied,DIGITAL PRINT,V Neck,Not Applied,Sleeve less,BLUE ,40,38
518-03,Anjali,Mokosh,Casual,  Co-Ord Set,Unknown,KURTA,Print,White,POLY COTTON,Not Applied,Pant,Print,White,POLY COTTON,Not_Applied,DIGITAL PRINT,V Neck,Not Applied,Sleeve less,WHITE,40,38
518-04,Anjali,Mokosh,Casual,  Co-Ord Set,Unknown,KURTA,Print,Mustard,POLY COTTON,Not Applied,Pant,Print,Mustard,POLY COTTON,Not_Applied,DIGITAL PRINT,V Neck,Not Applied,Sleeve less,MUSTARD,40,38
519-01,Anjali,Mokosh,Casual,  Co-Ord Set,Unknown,KURTA,DYED,Yellow,POLY COTTON,Not Applied,Pant,Print,Yellow,POLY COTTON,Not_Applied,Not Applied,V Neck,Regular sleeves,3/4 SLEEVE,YELLOW,36,38
519-02,Anjali,Mokosh,Casual,  Co-Ord Set,Unknown,KURTA,DYED,Lavender,POLY COTTON,Not Applied,Pant,DYED,Lavender,POLY COTTON,Not_Applied,Not Applied,V Neck,Regular sleeves,3/4 SLEEVE,LAVENDER,36,38
519-03,Anjali,Mokosh,Casual,  Co-Ord Set,Unknown,KURTA,DYED,Rama,POLY COTTON,Not Applied,Pant,DYED,Rama,POLY COTTON,Not_Applied,Not Applied,V Neck,Regular sleeves,3/4 SLEEVE,RAMA,36,38
519-04,Anjali,Mokosh,Casual,  Co-Ord Set,Unknown,KURTA,DYED,Teal Blue,POLY COTTON,Not Applied,Pant,DYED,Teal Blue,POLY COTTON,Not_Applied,Not Applied,V Neck,Regular sleeves,3/4 SLEEVE,Teal Blue,36,38
520-01,Anjali,Mokosh,Casual,  Co-Ord Set,Unknown,SHIRT,DYED,Purple,COTTON,Not Applied,Pant,DYED,Purple,COTTON,Not_Applied,Not Applied,LAPEL COLLAR,Regular sleeves,SHORT SLEEVE,PURPLE,19,40
520-02,Anjali,Mokosh,Casual,  Co-Ord Set,Unknown,SHIRT,DYED,Navy Blue,COTTON,Not Applied,Pant,DYED,Navy Blue,COTTON,Not_Applied,Not Applied,LAPEL COLLAR,Regular sleeves,SHORT SLEEVE,NAVY BLUE,19,40
520-03,Anjali,Mokosh,Casual,  Co-Ord Set,Unknown,SHIRT,DYED,Grey,COTTON,Not Applied,Pant,DYED,Grey,COTTON,Not_Applied,Not Applied,LAPEL COLLAR,Regular sleeves,SHORT SLEEVE,GREY,19,40
520-04,Anjali,Mokosh,Casual,  Co-Ord Set,Unknown,SHIRT,DYED,Olive Green,COTTON,Not Applied,Pant,DYED,Olive Green,COTTON,Not_Applied,Not Applied,LAPEL COLLAR,Regular sleeves,SHORT SLEEVE,OLIVE GREEN,19,40
521-01,Anjali,Mokosh,Casual,  Co-Ord Set,Unknown,KURTA,Print,Rani,POLY COTTON,Not Applied,Dhoti,DYED,Rani,POLY COTTON,Not_Applied,DIGITAL PRINT,V Neck,Regular sleeves,3/4 SLEEVE,RANI,30,38
521-02,Anjali,Mokosh,Casual,  Co-Ord Set,Unknown,KURTA,Print,Yellow,POLY COTTON,Not Applied,Dhoti,Print,Yellow,POLY COTTON,Not_Applied,DIGITAL PRINT,V Neck,Regular sleeves,3/4 SLEEVE,YELOOW,30,38
521-03,Anjali,Mokosh,Casual,  Co-Ord Set,Unknown,KURTA,Print,Violet,POLY COTTON,Not Applied,Dhoti,Print,Violet,POLY COTTON,Not_Applied,DIGITAL PRINT,V Neck,Regular sleeves,3/4 SLEEVE,VIOLET ,30,38
521-04,Anjali,Mokosh,Casual,  Co-Ord Set,Unknown,KURTA,Print,Red,POLY COTTON,Not Applied,Dhoti,Print,Red,POLY COTTON,Not_Applied,DIGITAL PRINT,V Neck,Regular sleeves,3/4 SLEEVE,RED,30,38
522-01,Anjali,Mokosh,Casual,  Co-Ord Set,Unknown,KURTA,DYED,Wine,POLY COTTON,Thread Work,Pant,Print,Wine,POLY COTTON,Not_Applied,Not Applied,V Neck,Regular sleeves,3/4 SLEEVE,WINE,30,38
522-02,Anjali,Mokosh,Casual,  Co-Ord Set,Unknown,KURTA,DYED,C-Green,POLY COTTON,Thread Work,Pant,DYED,C-Green,POLY COTTON,Not_Applied,Not Applied,V Neck,Regular sleeves,3/4 SLEEVE,C-GREEN,30,38
522-03,Anjali,Mokosh,Casual,  Co-Ord Set,Unknown,KURTA,DYED,Grey,POLY COTTON,Thread Work,Pant,DYED,Grey,POLY COTTON,Not_Applied,Not Applied,V Neck,Regular sleeves,3/4 SLEEVE,GREY,30,38
522-04,Anjali,Mokosh,Casual,  Co-Ord Set,Unknown,KURTA,DYED,Beige,POLY COTTON,Thread Work,Pant,DYED,Beige,POLY COTTON,Not_Applied,Not Applied,V Neck,Regular sleeves,3/4 SLEEVE,BEIGE,30,38
523-01,Anjali,Mokosh,WESTERN,  Co-Ord Set,Unknown,JACKET,DYED,Off White,COTTON,Not Applied,Pant,DYED,Off White,COTTON,Not_Applied,Not Applied,LAPEL COLLAR,Not Applied,Full Sleeve,OFF WHITE,30,40
523-02,Anjali,Mokosh,WESTERN,  Co-Ord Set,Unknown,JACKET,DYED,Black,COTTON,Not Applied,Pant,DYED,Black,COTTON,Not_Applied,Not Applied,LAPEL COLLAR,Not Applied,Full Sleeve,BLACK,30,40
523-03,Anjali,Mokosh,WESTERN,  Co-Ord Set,Unknown,JACKET,DYED,Olive Green,COTTON,Not Applied,Pant,DYED,Olive Green,COTTON,Not_Applied,Not Applied,LAPEL COLLAR,Not Applied,Full Sleeve,OLIVE GREEN,30,40
525-01,Anjali,Mokosh,WESTERN,  Co-Ord Set,Unknown,SHIRT,DYED,Olive Green,COTTON,Not Applied,Pant,DYED,Olive Green,COTTON,Not_Applied,Not Applied,Collar neck,Not Applied,Full Sleeve,OLIVE GREEN,26,40
525-02,Anjali,Mokosh,WESTERN,  Co-Ord Set,Unknown,SHIRT,DYED,Off White,COTTON,Not Applied,Pant,DYED,Off White,COTTON,Not_Applied,Not Applied,Collar neck,Not Applied,Full Sleeve,OFF WHITE,26,40
525-03,Anjali,Mokosh,WESTERN,  Co-Ord Set,Unknown,SHIRT,DYED,Coffee,COTTON,Not Applied,Pant,DYED,Coffee,COTTON,Not_Applied,Not Applied,Collar neck,Not Applied,Full Sleeve,COFFEE,26,40
526-01,Anjali,Mokosh,Casual,  Co-Ord Set,Unknown,KURTA,Print,Peach,POLY COTTON,Hand Work,Pant,DYED,Peach,POLY COTTON,Not_Applied,Not Applied,V Neck,Regular sleeves,3/4 SLEEVE,PEACH,46,38
526-02,Anjali,Mokosh,Casual,  Co-Ord Set,Unknown,KURTA,Print,Blue,POLY COTTON,Hand Work,Pant,Print,Blue,POLY COTTON,Not_Applied,Not Applied,V Neck,Regular sleeves,3/4 SLEEVE,BLUE ,46,38
526-03,Anjali,Mokosh,Casual,  Co-Ord Set,Unknown,KURTA,Print,Grey,POLY COTTON,Hand Work,Pant,Print,Grey,POLY COTTON,Not_Applied,Not Applied,V Neck,Regular sleeves,3/4 SLEEVE,GREY,46,38
526-04,Anjali,Mokosh,Casual,  Co-Ord Set,Unknown,KURTA,Print,Sky Blue,POLY COTTON,Hand Work,Pant,Print,Sky Blue,POLY COTTON,Not_Applied,Not Applied,V Neck,Regular sleeves,3/4 SLEEVE,Sky Blue,46,38
527-01,Anjali,Mokosh,Casual,  Co-Ord Set,Unknown,KURTA,DYED,Mustard,COTTON,Thread Work + Boring,Pant,Print,Mustard,COTTON,EMB,Not Applied,V Neck,Regular sleeves,3/4 SLEEVE,MUSTARD,37,38
527-02,Anjali,Mokosh,Casual,  Co-Ord Set,Unknown,KURTA,DYED,Pista,COTTON,Thread Work + Boring,Pant,DYED,Pista,COTTON,EMB,Not Applied,V Neck,Regular sleeves,3/4 SLEEVE,PISTA,37,38
527-03,Anjali,Mokosh,Casual,  Co-Ord Set,Unknown,KURTA,DYED,Violet,COTTON,Thread Work + Boring,Pant,DYED,Violet,COTTON,EMB,Not Applied,V Neck,Regular sleeves,3/4 SLEEVE,VIOLET ,37,38
527-04,Anjali,Mokosh,Casual,  Co-Ord Set,Unknown,KURTA,DYED,Orange,COTTON,Thread Work + Boring,Pant,DYED,Orange,COTTON,EMB,Not Applied,V Neck,Regular sleeves,3/4 SLEEVE,Orange,37,38
528-01,Anjali,Mokosh,Casual,  Co-Ord Set,Unknown,KURTA,DYED,Mustard,COTTON,Coding,Pant,DYED,Mustard,COTTON,EMB,Not Applied,ROUND NECK,Regular sleeves,3/4 SLEEVE,MUSTARD,38,38
528-02,Anjali,Mokosh,Casual,  Co-Ord Set,Unknown,KURTA,DYED,Teal Blue,COTTON,Coding,Pant,DYED,Teal Blue,COTTON,EMB,Not Applied,ROUND NECK,Regular sleeves,3/4 SLEEVE,Teal Blue,38,38
528-03,Anjali,Mokosh,Casual,  Co-Ord Set,Unknown,KURTA,DYED,Pista ,COTTON,Coding,Pant,DYED,Pista ,COTTON,EMB,Not Applied,ROUND NECK,Regular sleeves,3/4 SLEEVE,PISTA,38,38
528-04,Anjali,Mokosh,Casual,  Co-Ord Set,Unknown,KURTA,DYED,Violet,COTTON,Coding,Pant,DYED,Violet,COTTON,EMB,Not Applied,ROUND NECK,Regular sleeves,3/4 SLEEVE,VIOLET ,38,38
529-01,Anjali,Mokosh,Casual,  Co-Ord Set,Unknown,KURTA,DYED,Teal Blue,CHINON,Thread Work,Pant,DYED,Teal Blue,CHINON,EMB,Not Applied,V Neck,Regular sleeves,3/4 SLEEVE,Teal Blue,46,38
529-02,Anjali,Mokosh,Casual,  Co-Ord Set,Unknown,KURTA,DYED,Dark Mustard,CHINON,Thread Work,Pant,DYED,Dark Mustard,CHINON,EMB,Not Applied,V Neck,Regular sleeves,3/4 SLEEVE,DARK MUSTARD,46,38
529-03,Anjali,Mokosh,Casual,  Co-Ord Set,Unknown,KURTA,DYED,Black,CHINON,Thread Work,Pant,DYED,Black,CHINON,EMB,Not Applied,V Neck,Regular sleeves,3/4 SLEEVE,BLACK,46,38
529-04,Anjali,Mokosh,Casual,  Co-Ord Set,Unknown,KURTA,DYED,Purple,CHINON,Thread Work,Pant,DYED,Purple,CHINON,EMB,Not Applied,V Neck,Regular sleeves,3/4 SLEEVE,PURPLE,46,38
530-01,Anjali,Mokosh,Casual,  Co-Ord Set,Unknown,KURTA,Print,Multi Color,Rayon,Not Applied,Pant,DYED,Multi Color,Reyon,Not_Applied,Not Applied,V Neck,Not Applied,Sleeve less,MULTI COLOR,46,38
530-02,Anjali,Mokosh,Casual,  Co-Ord Set,Unknown,KURTA,Print,Navy Blue,Rayon,Not Applied,Pant,Print,Navy Blue,Reyon,Not_Applied,Not Applied,V Neck,Not Applied,Sleeve less,NAVY BLUE,46,38
531-01,Anjali,Mokosh,Casual,  Co-Ord Set,Unknown,KURTA,Print,Pink,COTTON,Not Applied,Pant,Print,Pink,COTTON,Not_Applied,Not Applied,Collar neck,Not Applied,Sleeve less,PINK,46,38
531-02,Anjali,Mokosh,Casual,  Co-Ord Set,Unknown,KURTA,Print,Neon Green,COTTON,Not Applied,Pant,Print,Neon Green,COTTON,Not_Applied,Not Applied,Collar neck,Not Applied,Sleeve less,NEON GREEN,46,38
531-03,Anjali,Mokosh,Casual,  Co-Ord Set,Unknown,KURTA,Print,Navy blue,COTTON,Not Applied,Pant,Print,Navy blue,COTTON,Not_Applied,Not Applied,Collar neck,Not Applied,Sleeve less,NAVY BLUE,46,38
531-04,Anjali,Mokosh,Casual,  Co-Ord Set,Unknown,KURTA,Print,Wine,COTTON,Not Applied,Pant,Print,Wine,COTTON,Not_Applied,Not Applied,Collar neck,Not Applied,Sleeve less,WINE,46,38
532-01,Anjali,Mokosh,Casual,  Co-Ord Set,Unknown,KURTA,Print,Black,COTTON,Not Applied,Pant,Print,Black,COTTON,Not_Applied,Not Applied,V Neck,Regular sleeves,3/4 SLEEVE,BLACK,46,38
532-02,Anjali,Mokosh,Casual,  Co-Ord Set,Unknown,KURTA,Print,Olive,COTTON,Not Applied,Pant,Print,Olive,COTTON,Not_Applied,Not Applied,V Neck,Regular sleeves,3/4 SLEEVE,OLIVE ,46,38
532-03,Anjali,Mokosh,Casual,  Co-Ord Set,Unknown,KURTA,Print,Mustard,COTTON,Not Applied,Pant,Print,Mustard,COTTON,Not_Applied,Not Applied,V Neck,Regular sleeves,3/4 SLEEVE,MUSTARD,46,38
532-04,Anjali,Mokosh,Casual,  Co-Ord Set,Unknown,KURTA,Print,Wine,COTTON,Not Applied,Pant,Print,Wine,COTTON,Not_Applied,Not Applied,V Neck,Regular sleeves,3/4 SLEEVE,WINE,46,38
533-01,Anjali,Mokosh,Casual,  Co-Ord Set,Unknown,KURTA,Print,PINK,COTTON,Not Applied,Pant,Print,PINK,COTTON,Not_Applied,Not Applied,V Neck,Not Applied,Sleeve less,PINK,46,38
533-02,Anjali,Mokosh,Casual,  Co-Ord Set,Unknown,KURTA,Print,LAVENDER,COTTON,Not Applied,Pant,Print,LAVENDER,COTTON,Not_Applied,Not Applied,V Neck,Not Applied,Sleeve less,LAVENDER,46,38
534-01,Anjali,Mokosh,Casual,  Co-Ord Set,Unknown,KURTA,Print,PINK,COTTON,Hand Work,Pant,Print,PINK,COTTON,Not_Applied,Not Applied,V Neck,Regular sleeves,3/4 SLEEVE,PINK,46,38
534-02,Anjali,Mokosh,Casual,  Co-Ord Set,Unknown,KURTA,Print,PURPLE,COTTON,Hand Work,Pant,Print,PURPLE,COTTON,Not_Applied,Not Applied,V Neck,Regular sleeves,3/4 SLEEVE,PURPLE,46,38
535-01,Anjali,Mokosh,Casual,  Co-Ord Set,Unknown,KURTA,DYED,Orange,COTTON,Thread Work,Pant,DYED,Orange,COTTON,Not_Applied,Not Applied,Square Neck,Regular sleeves,3/4 SLEEVE,Orange,46,38
535-02,Anjali,Mokosh,Casual,  Co-Ord Set,Unknown,KURTA,DYED,Violet,COTTON,Thread Work,Pant,DYED,Violet,COTTON,Not_Applied,Not Applied,Square Neck,Regular sleeves,3/4 SLEEVE,VIOLET ,46,38
535-03,Anjali,Mokosh,Casual,  Co-Ord Set,Unknown,KURTA,DYED,Pista,COTTON,Thread Work,Pant,DYED,Pista,COTTON,Not_Applied,Not Applied,Square Neck,Regular sleeves,3/4 SLEEVE,PISTA,46,38
535-04,Anjali,Mokosh,Casual,  Co-Ord Set,Unknown,KURTA,DYED,Mustard,COTTON,Thread Work,Pant,DYED,Mustard,COTTON,Not_Applied,Not Applied,Square Neck,Regular sleeves,3/4 SLEEVE,MUSTARD,46,38
535-05,Anjali,Mokosh,Casual,  Co-Ord Set,Unknown,KURTA,DYED,Coffee,COTTON,Thread Work,Pant,DYED,Coffee,COTTON,Not_Applied,Not Applied,Square Neck,Regular sleeves,3/4 SLEEVE,COFFEE,46,38
536-01,Anjali,Mokosh,Casual,  Co-Ord Set,Unknown,KURTA,DYED,Orange,COTTON,Thread Work+Hand Work,Pant,DYED,Orange,COTTON,Not_Applied,Not Applied,V Neck,Not Applied,Sleeve less,Orange,46,38
536-02,Anjali,Mokosh,Casual,  Co-Ord Set,Unknown,KURTA,DYED,Violet,COTTON,Thread Work+Hand Work,Pant,DYED,Violet,COTTON,Not_Applied,Not Applied,V Neck,Not Applied,Sleeve less,Violet,46,38
536-03,Anjali,Mokosh,Casual,  Co-Ord Set,Unknown,KURTA,DYED,Pista,COTTON,Thread Work+Hand Work,Pant,DYED,Pista,COTTON,Not_Applied,Not Applied,V Neck,Not Applied,Sleeve less,Pista,46,38
536-04,Anjali,Mokosh,Casual,  Co-Ord Set,Unknown,KURTA,DYED,Mustard,COTTON,Thread Work+Hand Work,Pant,DYED,Mustard,COTTON,Not_Applied,Not Applied,V Neck,Not Applied,Sleeve less,Mustard,46,38
536-05,Anjali,Mokosh,Casual,  Co-Ord Set,Unknown,KURTA,DYED,Coffee,COTTON,Thread Work+Hand Work,Pant,DYED,Coffee,COTTON,Not_Applied,Not Applied,V Neck,Not Applied,Sleeve less,Coffee,46,38
537-01,Anjali,Mokosh,Casual,  Co-Ord Set,Unknown,SHORT KURTA,DYED,Orange,COTTON,Coding,Pant,DYED,Orange,COTTON,Not_Applied,Not Applied,Collar neck,Regular sleeves,3/4 SLEEVE,Orange,28,38
537-02,Anjali,Mokosh,Casual,  Co-Ord Set,Unknown,SHORT KURTA,DYED,Mustard,COTTON,Coding,Pant,DYED,Mustard,COTTON,Not_Applied,Not Applied,Collar neck,Regular sleeves,3/4 SLEEVE,Mustard,28,38
537-03,Anjali,Mokosh,Casual,  Co-Ord Set,Unknown,SHORT KURTA,DYED,Violet,COTTON,Coding,Pant,DYED,Violet,COTTON,Not_Applied,Not Applied,Collar neck,Regular sleeves,3/4 SLEEVE,Violet,28,38
537-04,Anjali,Mokosh,Casual,  Co-Ord Set,Unknown,SHORT KURTA,DYED,Pista,COTTON,Coding,Pant,DYED,Pista,COTTON,Not_Applied,Not Applied,Collar neck,Regular sleeves,3/4 SLEEVE,Pista,28,38
538-01,Anjali,Mokosh,Casual,  Co-Ord Set,Unknown,SHORT KURTA,DYED,Pink,CHINON,Multi Thread Work,Pant,DYED,Pink,CHINON,EMB,Not Applied,Collar neck,Regular sleeves,3/4 SLEEVE,Pink,30,38
538-02,Anjali,Mokosh,Casual,  Co-Ord Set,Unknown,SHORT KURTA,DYED,Dark Mustard,CHINON,Multi Thread Work,Pant,DYED,Dark Mustard,CHINON,EMB,Not Applied,Collar neck,Regular sleeves,3/4 SLEEVE,Dark Mustard,30,38
539-01,Anjali,Mokosh,Casual,  Co-Ord Set,Unknown,KURTA,DYED,Coffee,Rayon,Multi Thread Work,Pant,DYED,Coffee,Reyon,Not_Applied,Not Applied,V Neck,Not Applied,Full Sleeve,Coffee,46,38
539-02,Anjali,Mokosh,Casual,  Co-Ord Set,Unknown,KURTA,DYED,Sky Blue,Rayon,Multi Thread Work,Pant,DYED,Sky Blue,Reyon,Not_Applied,Not Applied,V Neck,Not Applied,Full Sleeve,Sky Blue,46,38
539-03,Anjali,Mokosh,Casual,  Co-Ord Set,Unknown,KURTA,DYED,Teal Blue,Rayon,Multi Thread Work,Pant,DYED,Teal Blue,Reyon,Not_Applied,Not Applied,V Neck,Not Applied,Full Sleeve,Teal Blue,46,38
540-01,Anjali,Mokosh,Casual,  Co-Ord Set,Unknown,KURTA,DYED,Coffee,Rayon,Coding,Dhoti,DYED,Coffee,Reyon,Not_Applied,Not Applied,V Neck,Regular sleeves,3/4 SLEEVE,Coffee,30,38
540-02,Anjali,Mokosh,Casual,  Co-Ord Set,Unknown,KURTA,DYED,Pink,Rayon,Coding,Dhoti,DYED,Pink,Reyon,Not_Applied,Not Applied,V Neck,Regular sleeves,3/4 SLEEVE,Pink,30,38
540-03,Anjali,Mokosh,Casual,  Co-Ord Set,Unknown,KURTA,DYED,Teal Blue,Rayon,Coding,Dhoti,DYED,Teal Blue,Reyon,Not_Applied,Not Applied,V Neck,Regular sleeves,3/4 SLEEVE,Teal Blue,30,38
541-01,Anjali,Mokosh,Casual,  Co-Ord Set,Unknown,KURTA,DYED,Coffee,Rayon,Aplic Work,Pant,DYED,Coffee,Reyon,Not_Applied,Not Applied,V Neck,Regular sleeves,3/4 SLEEVE,Coffee,27,38
541-02,Anjali,Mokosh,Casual,  Co-Ord Set,Unknown,KURTA,DYED,Off White,Rayon,Aplic Work,Pant,DYED,Off White,Reyon,Not_Applied,Not Applied,V Neck,Regular sleeves,3/4 SLEEVE,Off White,27,38
541-03,Anjali,Mokosh,Casual,  Co-Ord Set,Unknown,KURTA,DYED,Orange,Rayon,Aplic Work,Pant,DYED,Orange,Reyon,Not_Applied,Not Applied,V Neck,Regular sleeves,3/4 SLEEVE,Orange,27,38
542-01,Anjali,Mokosh,Casual,  Co-Ord Set,Unknown,KURTA,Print,Black,COTTON,Hand Work,Palazzo,Print,Black,COTTON,Not_Applied,Not Applied,ROUND NECK,Not Applied,Sleeve less,Black,46,38
542-02,Anjali,Mokosh,Casual,  Co-Ord Set,Unknown,KURTA,Print,Maroon,COTTON,Hand Work,Palazzo,Print,Maroon,COTTON,Not_Applied,Not Applied,ROUND NECK,Not Applied,Sleeve less,Maroon,46,38
542-03,Anjali,Mokosh,Casual,  Co-Ord Set,Unknown,KURTA,Print,Navy Blue,COTTON,Hand Work,Palazzo,Print,Navy Blue,COTTON,Not_Applied,Not Applied,ROUND NECK,Not Applied,Sleeve less,Navy Blue,46,38
543-01,Anjali,Mokosh,Casual,  Co-Ord Set,Unknown,KURTA,Print,Orange,COTTON PRINT,Hand Work,Palazzo,Print,Orange,COTTON PRINT,Not_Applied,Not Applied,ROUND NECK,Not Applied,Sleeve less,Orange,46,38
543-02,Anjali,Mokosh,Casual,  Co-Ord Set,Unknown,KURTA,Print,Black,COTTON PRINT,Hand Work,Palazzo,Print,Black,COTTON PRINT,Not_Applied,Not Applied,ROUND NECK,Not Applied,Sleeve less,Black,46,38
543-03,Anjali,Mokosh,Casual,  Co-Ord Set,Unknown,KURTA,Print,Berry,COTTON PRINT,Hand Work,Palazzo,Print,Berry,COTTON PRINT,Not_Applied,Not Applied,ROUND NECK,Not Applied,Sleeve less,Berry,46,38
544-01,Anjali,Mokosh,Casual,  Co-Ord Set,Unknown,KURTA,Print,Red,COTTON,Not Applied,Palazzo,Print,Red,COTTON,Not_Applied,Not Applied,Collar neck,Regular sleeves,3/4 SLEEVE,Red,36,38
544-02,Anjali,Mokosh,Casual,  Co-Ord Set,Unknown,KURTA,Print,Rani,COTTON,Not Applied,Palazzo,Print,Rani,COTTON,Not_Applied,Not Applied,Collar neck,Regular sleeves,3/4 SLEEVE,Rani,36,38
544-03,Anjali,Mokosh,Casual,  Co-Ord Set,Unknown,KURTA,Print,Neon,COTTON,Not Applied,Palazzo,Print,Neon,COTTON,Not_Applied,Not Applied,Collar neck,Regular sleeves,3/4 SLEEVE,Neon,36,38
545-01,Anjali,Mokosh,Casual,  Co-Ord Set,Unknown,KURTA,DYED,Orange,COTTON,Hand Work,Palazzo,DYED,Orange,COTTON,Not_Applied,Not Applied,Collar neck,Not Applied,Full Sleeve,Orange,44,40
545-02,Anjali,Mokosh,Casual,  Co-Ord Set,Unknown,KURTA,DYED,Royal Blue,COTTON,Hand Work,Palazzo,DYED,Royal Blue,COTTON,Not_Applied,Not Applied,Collar neck,Not Applied,Full Sleeve,Royal Blue,44,40
545-03,Anjali,Mokosh,Casual,  Co-Ord Set,Unknown,KURTA,DYED,Neon,COTTON,Hand Work,Palazzo,DYED,Neon,COTTON,Not_Applied,Not Applied,Collar neck,Not Applied,Full Sleeve,Neon,44,40
545-04,Anjali,Mokosh,Casual,  Co-Ord Set,Unknown,KURTA,DYED,Coffee,COTTON,Hand Work,Palazzo,DYED,Coffee,COTTON,Not_Applied,Not Applied,Collar neck,Not Applied,Full Sleeve,Coffee,44,40
546-01,Anjali,Mokosh,Casual,  Co-Ord Set,Unknown,SHORT KURTA,Print,Mustard,COTTON PRINT,Not Applied,Farsi,Print,Mustard,COTTON PRINT,Not_Applied,Not Applied,Mandarin Collar,Regular sleeves,3/4 SLEEVE,Mustard,31,40
546-02,Anjali,Mokosh,Casual,  Co-Ord Set,Unknown,SHORT KURTA,Print,Rani,COTTON PRINT,Not Applied,Farsi,Print,Rani,COTTON PRINT,Not_Applied,Not Applied,Mandarin Collar,Regular sleeves,3/4 SLEEVE,Rani,31,40
546-03,Anjali,Mokosh,Casual,  Co-Ord Set,Unknown,SHORT KURTA,Print,Yellow,COTTON PRINT,Not Applied,Farsi,Print,Yellow,COTTON PRINT,Not_Applied,Not Applied,Mandarin Collar,Regular sleeves,3/4 SLEEVE,Yellow,31,40
547-01,Anjali,Mokosh,Casual,  Co-Ord Set,Unknown,KURTA,Print,Red,COTTON PRINT,Not Applied,Palazzo,Print,Red,COTTON PRINT,Not_Applied,Not Applied,STAND COLLOR,Regular sleeves,3/4 SLEEVE,Red,37,38
547-02,Anjali,Mokosh,Casual,  Co-Ord Set,Unknown,KURTA,Print,Navy Blue,COTTON PRINT,Not Applied,Palazzo,Print,Navy Blue,COTTON PRINT,Not_Applied,Not Applied,STAND COLLOR,Regular sleeves,3/4 SLEEVE,Navy Blue,37,38
548-01,Anjali,Mokosh,Casual,  Co-Ord Set,Unknown,KURTA,DYED,Light Beige,COTTON,Hand Work,Palazzo,DYED,Light Beige,COTTON,Not_Applied,Not Applied,Collar neck,Regular sleeves,3/4 SLEEVE,Light Beige,46,40
548-02,Anjali,Mokosh,Casual,  Co-Ord Set,Unknown,KURTA,DYED,Butter Yellow,COTTON,Hand Work,Palazzo,DYED,Butter Yellow,COTTON,Not_Applied,Not Applied,Collar neck,Regular sleeves,3/4 SLEEVE,Butter Yellow,46,40
548-03,Anjali,Mokosh,Casual,  Co-Ord Set,Unknown,KURTA,DYED,Hot Pink,COTTON,Hand Work,Palazzo,DYED,Hot Pink,COTTON,Not_Applied,Not Applied,Collar neck,Regular sleeves,3/4 SLEEVE,Hot Pink,46,40
548-04,Anjali,Mokosh,Casual,  Co-Ord Set,Unknown,KURTA,DYED,Rust Orange,COTTON,Hand Work,Palazzo,DYED,Rust Orange,COTTON,Not_Applied,Not Applied,Collar neck,Regular sleeves,3/4 SLEEVE,Rust Orange,46,40
549-01,Anjali,Mokosh,Casual,  Co-Ord Set,Unknown,KURTA,Print,Aqua Blue,COTTON PRINT,Not Applied,Farsi,Print,Aqua Blue,COTTON PRINT,Not_Applied,Not Applied,Sweetheart Neck,Regular sleeves,3/4 SLEEVE,Aqua Blue,31,40
549-02,Anjali,Mokosh,Casual,  Co-Ord Set,Unknown,KURTA,Print,Pink,COTTON PRINT,Not Applied,Farsi,Print,Pink,COTTON PRINT,Not_Applied,Not Applied,Sweetheart Neck,Regular sleeves,3/4 SLEEVE,Pink,31,40
549-03,Anjali,Mokosh,Casual,  Co-Ord Set,Unknown,KURTA,Print,LAVENDER,COTTON PRINT,Not Applied,Farsi,Print,LAVENDER,COTTON PRINT,Not_Applied,Not Applied,Sweetheart Neck,Regular sleeves,3/4 SLEEVE,LAVENDER,31,40
550-01,Anjali,Mokosh,Casual,  Co-Ord Set,Unknown,KURTA,DYED,Rani, MALCHANDERI,Thread Work,Farsi,DYED,OFF-WHITE,Natural Flex,Not_Applied,Not Applied,Sweetheart Neck,Regular sleeves,3/4 SLEEVE,Unknown,31,40
550-02,Anjali,Mokosh,Casual,  Co-Ord Set,Unknown,KURTA,DYED,Neon Green, MALCHANDERI,Thread Work,Farsi,DYED,OFF-WHITE,Natural Flex,Not_Applied,Not Applied,Sweetheart Neck,Regular sleeves,3/4 SLEEVE,Unknown,31,40
550-03,Anjali,Mokosh,Casual,  Co-Ord Set,Unknown,KURTA,DYED,Orange, MALCHANDERI,Thread Work,Farsi,DYED,OFF-WHITE,Natural Flex,Not_Applied,Not Applied,Sweetheart Neck,Regular sleeves,3/4 SLEEVE,Unknown,31,40
551-01,Anjali,Mokosh,Casual,  Co-Ord Set,Unknown,KURTA,DYED,Off White,Natural Flex,Multi Thread Work,Palazzo,DYED,Off White,Natural Flex,Not_Applied,Not Applied,Mandarin Collar,Regular sleeves,3/4 SLEEVE,Off White,44,38
551-02,Anjali,Mokosh,Casual,  Co-Ord Set,Unknown,KURTA,DYED,Off White,Natural Flex,Multi Thread Work,Palazzo,DYED,Off White,Natural Flex,Not_Applied,Not Applied,Mandarin Collar,Regular sleeves,3/4 SLEEVE,Off White,44,38
551-03,Anjali,Mokosh,Casual,  Co-Ord Set,Unknown,KURTA,DYED,Off White,Natural Flex,Multi Thread Work,Palazzo,DYED,Off White,Natural Flex,Not_Applied,Not Applied,Mandarin Collar,Regular sleeves,3/4 SLEEVE,Off White,44,38
551-04,Anjali,Mokosh,Casual,  Co-Ord Set,Unknown,KURTA,DYED,Off White,Natural Flex,Multi Thread Work,Palazzo,DYED,Off White,Natural Flex,Not_Applied,Not Applied,Mandarin Collar,Regular sleeves,3/4 SLEEVE,Off White,44,38
552-01,Anjali,Mokosh,Casual,  Co-Ord Set,Unknown,KURTA,Print,Royal Blue,COTTON PRINT,Not Applied,Farsi,Print,Royal Blue,COTTON PRINT,Not_Applied,Polka Dot/Stripe,Collar neck,Regular sleeves,3/4 SLEEVE,Royal Blue,36,40
552-02,Anjali,Mokosh,Casual,  Co-Ord Set,Unknown,KURTA,Print,Orange,COTTON PRINT,Not Applied,Farsi,Print,Orange,COTTON PRINT,Not_Applied,Polka Dot/Stripe,Collar neck,Regular sleeves,3/4 SLEEVE,Orange,36,40
552-03,Anjali,Mokosh,Casual,  Co-Ord Set,Unknown,KURTA,Print,Neon,COTTON PRINT,Not Applied,Farsi,Print,Neon,COTTON PRINT,Not_Applied,Polka Dot/Stripe,Collar neck,Regular sleeves,3/4 SLEEVE,Neon,36,40
552-04,Anjali,Mokosh,Casual,  Co-Ord Set,Unknown,KURTA,Print,Pink,COTTON PRINT,Not Applied,Farsi,Print,Pink,COTTON PRINT,Not_Applied,Polka Dot/Stripe,Collar neck,Regular sleeves,3/4 SLEEVE,Pink,36,40
553-01,Anjali,Mokosh,Casual,  Co-Ord Set,Unknown,KURTA,Print,Pink,COTTON PRINT,Not Applied,Palazzo,Print,Pink,COTTON PRINT,Not_Applied,Not Applied,Collar neck,Regular sleeves,3/4 SLEEVE,Pink,42,38
553-02,Anjali,Mokosh,Casual,  Co-Ord Set,Unknown,KURTA,Print,Orange,COTTON PRINT,Not Applied,Palazzo,Print,Orange,COTTON PRINT,Not_Applied,Not Applied,Collar neck,Regular sleeves,3/4 SLEEVE,Orange,42,38
553-03,Anjali,Mokosh,Casual,  Co-Ord Set,Unknown,KURTA,Print,Neon,COTTON PRINT,Not Applied,Palazzo,Print,Neon,COTTON PRINT,Not_Applied,Not Applied,Collar neck,Regular sleeves,3/4 SLEEVE,Neon,42,38
554-01,Anjali,Mokosh,Casual,  Co-Ord Set,Unknown,KURTA,Print,Denim Blue,COTTON PRINT,Not Applied,Farsi,Print,Denim Blue,COTTON PRINT,Not_Applied,Not Applied,Mandarin Collar,Regular sleeves,3/4 SLEEVE,Denim Blue,30,40
554-02,Anjali,Mokosh,Casual,  Co-Ord Set,Unknown,KURTA,Print,Pink,COTTON PRINT,Not Applied,Farsi,Print,Pink,COTTON PRINT,Not_Applied,Not Applied,Mandarin Collar,Regular sleeves,3/4 SLEEVE,Pink,30,40
555-01,Anjali,Mokosh,Casual,  Co-Ord Set,Unknown,KURTA,DYED,Off White,Natural Flex,Thread Work + Boring,Farsi,DYED,ORANGE,COTTON,Not_Applied,Not Applied,V Neck,Regular sleeves,3/4 SLEEVE,Unknown,30,40
555-02,Anjali,Mokosh,Casual,  Co-Ord Set,Unknown,KURTA,DYED,Off White,Natural Flex,Thread Work + Boring,Farsi,DYED,RANI ,COTTON,Not_Applied,Not Applied,V Neck,Regular sleeves,3/4 SLEEVE,Unknown,30,40
555-03,Anjali,Mokosh,Casual,  Co-Ord Set,Unknown,KURTA,DYED,Off White,Natural Flex,Thread Work + Boring,Farsi,DYED,ROYAL BLUE,COTTON,Not_Applied,Not Applied,V Neck,Regular sleeves,3/4 SLEEVE,Unknown,30,40
556-01,Anjali,Mokosh,Casual,  Co-Ord Set,Unknown,KURTA,DYED,RANI,COTTON,Multi Thread Work,Farsi,Print,INDIGO BLUE,COTTON PRINT,Not_Applied,Not Applied,ROUND NECK,Flared Sleeve,3/4 SLEEVE,Unknown,32,40
556-02,Anjali,Mokosh,Casual,  Co-Ord Set,Unknown,KURTA,DYED,Orange,COTTON,Multi Thread Work,Farsi,Print,Orange,COTTON PRINT,Not_Applied,Not Applied,ROUND NECK,Flared Sleeve,3/4 SLEEVE,Unknown,32,40
556-03,Anjali,Mokosh,Casual,  Co-Ord Set,Unknown,KURTA,DYED,VIOLET,COTTON,Multi Thread Work,Farsi,Print,PINK,COTTON PRINT,Not_Applied,Not Applied,ROUND NECK,Flared Sleeve,3/4 SLEEVE,Unknown,32,40
801-01,Vaishnavi,J.Turritopsis,Dress,Printed Midi Dress,Unknown,Unknown,Dress,Unknown,Dhabu cotton,Unknown,Unknown,Unknown,Unknown,Dhabu cotton,Unknown,Strip with heart,Square neck, Balloon sleeves,Elbow sleeves,Unknown,36,Unknown
801-02,Vaishnavi,J.Turritopsis,Dress,Printed Midi Dress,Unknown,Unknown,Dress,Unknown,Dhabu cotton,Unknown,Unknown,Dress,Unknown,Dhabu cotton,Unknown,Strip with heart,Square neck, Balloon sleeves,Elbow sleeves,Unknown,36,Unknown
801-03,Vaishnavi,J.Turritopsis,Dress,Printed Midi Dress,Unknown,Unknown,Dress,Unknown,Dhabu cotton,Unknown,Unknown,Dress,Unknown,Dhabu cotton,Unknown,Strip with heart,Square neck, Balloon sleeves,Elbow sleeves,Unknown,36,Unknown
802-01,Vaishnavi,J.Turritopsis,Dress,Emb. Maxi Dress,Unknown,Unknown,Dress,Coffee,Dhabu cotton,Cording embroidery,Unknown,Dress,Coffee,Dhabu cotton,Unknown,Unknown,Collar neck, Balloon sleeves,Tree for sleeves,Brown,46,Unknown
802-02,Vaishnavi,J.Turritopsis,Dress,Emb. Maxi Dress,Unknown,Unknown,Dress,Black,Dhabu cotton,Cording embroidery,Unknown,Dress,Black,Dhabu cotton,Unknown,Unknown,Collar neck, Balloon sleeves,Tree for sleeves,Black,46,Unknown
802-03,Vaishnavi,J.Turritopsis,Dress,Emb. Maxi Dress,Unknown,Unknown,Dress,Rust Orange,Dhabu cotton,Cording embroidery,Unknown,Dress,Rust Orange,Dhabu cotton,Unknown,Unknown,Collar neck, Balloon sleeves,Tree for sleeves,Orange,46,Unknown
802-04,Vaishnavi,J.Turritopsis,Dress,Emb. Maxi Dress,Unknown,Unknown,Dress,Matcha Green,Dhabu cotton,Cording embroidery,Unknown,Dress,Matcha Green,Dhabu cotton,Unknown,Unknown,Collar neck, Balloon sleeves,Tree for sleeves,Green,46,Unknown
803-01,Vaishnavi,J.Turritopsis,Dress,Print maxi dress,Unknown,Unknown,Dress,Neon,Dhabu cotton,Unknown,Unknown,Dress,Neon,Dhabu cotton,Unknown,Polka dout,Collar neck,Unknown,Unknown,Green,46,Unknown
803-02,Vaishnavi,J.Turritopsis,Dress,Print maxi dress,Unknown,Unknown,Dress,Orange,Dhabu cotton,Unknown,Unknown,Dress,Orange,Dhabu cotton,Unknown,Polka dout,Collar neck,Unknown,Unknown,Orange,46,Unknown
803-03,Vaishnavi,J.Turritopsis,Dress,Print maxi dress,Unknown,Unknown,Dress,Pink,Dhabu cotton,Unknown,Unknown,Dress,Pink,Dhabu cotton,Unknown,Polka dout,Collar neck,Unknown,Unknown,Pink,46,Unknown
804-01,Vaishnavi,J.Turritopsis,Dress,Solid Maxi Dress,Unknown,Unknown,Dress,Blood Red,Dhabu cotton,Unknown,Unknown,Dress,Blood Red,Dhabu cotton,Unknown,Unknown,Sweetheart Neck,Unknown,Sleeve less,Red,50,Unknown
804-02,Vaishnavi,J.Turritopsis,Dress,Solid Maxi Dress,Unknown,Unknown,Dress,Royal Blue,Dhabu cotton,Unknown,Unknown,Dress,Royal Blue,Dhabu cotton,Unknown,Unknown,Sweetheart Neck,Unknown,Sleeve less,Blue,50,Unknown
804-03,Vaishnavi,J.Turritopsis,Dress,Solid Maxi Dress,Unknown,Unknown,Dress,Coffee,Dhabu cotton,Unknown,Unknown,Dress,Coffee,Dhabu cotton,Unknown,Unknown,Sweetheart Neck,Unknown,Sleeve less,Brown ,50,Unknown
804-04,Vaishnavi,J.Turritopsis,Dress,Solid Maxi Dress,Unknown,Unknown,Dress,Hot Pink,Dhabu cotton,Unknown,Unknown,Dress,Hot Pink,Dhabu cotton,Unknown,Unknown,Sweetheart Neck,Unknown,Sleeve less,Pink,50,Unknown
805-01,Vaishnavi,J.Turritopsis,Dress,Solid Maxi Dress,Unknown,Unknown,Dress,Coffee,Rayon,Unknown,Unknown,Dress,Coffee,Reyon,Unknown,Unknown,Backless ,Unknown,Sleeve less,Brown ,50,Unknown
805-02,Vaishnavi,J.Turritopsis,Dress,Solid Maxi Dress,Unknown,Unknown,Dress,Butter Yellow,Rayon,Unknown,Unknown,Dress,Butter Yellow,Reyon,Unknown,Unknown,Backless ,Unknown,Sleeve less,Yellow ,50,Unknown
805-03,Vaishnavi,J.Turritopsis,Dress,Solid Maxi Dress,Unknown,Unknown,Dress,Royal blue,Rayon,Unknown,Unknown,Dress,Royal blue,Reyon,Unknown,Unknown,Backless ,Unknown,Sleeve less,Blue ,50,Unknown
805-04,Vaishnavi,J.Turritopsis,Dress,Solid Maxi Dress,Unknown,Unknown,Dress,Blood Red,Rayon,Unknown,Unknown,Dress,Blood Red,Reyon,Unknown,Unknown,Backless ,Unknown,Sleeve less,Red,50,Unknown
K-100-01,Sameexa,Curly Tales,Indowestern,Lehenga- Dupatta Set,Unknown,Blouse,Dyed,Dark Purple,Silk,Coding + Multi,Lehenga,Dyed,Butter Yellow,Organza,Not_Applied,Not Applied,ROUND NECK,Not Applied,Sleeve less,Purple,13.75,36
K-100-02,Sameexa,Curly Tales,Indowestern,Lehenga- Dupatta Set,Unknown,Blouse,Dyed,Grass Green,Silk,Coding + Multi,Lehenga,Dyed,Green,Organza,Not_Applied,Not Applied,ROUND NECK,Not Applied,Sleeve less,Green,13.75,36
K-100-03,Sameexa,Curly Tales,Indowestern,Lehenga- Dupatta Set,Unknown,Blouse,Dyed,Cream,Silk,Coding + Multi,Lehenga,Dyed,Orange,Organza,Not_Applied,Not Applied,ROUND NECK,Not Applied,Sleeve less,Cream,13.75,36
K-101-01,Sameexa,Curly Tales,Ethnic,Anarkali KPD Set,Unknown,Anarkali,Dyed,Neon,Silk,Coding + Multi,Palazzo,Dyed,Neon,Silk,Not_Applied,Not Applied,V Neck,Regular sleeves,Full Sleeve,Neon,39,35
K-101-02,Sameexa,Curly Tales,Ethnic,Anarkali KPD Set,Unknown,Anarkali,Dyed,Coffee,Silk,Coding + Multi,Palazzo,Dyed,Coffee,Silk,Not_Applied,Not Applied,V Neck,Regular sleeves,Full Sleeve,Brown,39,35
K-101-03,Sameexa,Curly Tales,Ethnic,Anarkali KPD Set,Unknown,Anarkali,Dyed,Royal Blue,Silk,Coding + Multi,Palazzo,Dyed,Royal Blue,Silk,Not_Applied,Not Applied,V Neck,Regular sleeves,Full Sleeve,Blue,39,35
K-101-04,Sameexa,Curly Tales,Ethnic,Anarkali KPD Set,Unknown,Anarkali,Dyed,Rani,Silk,Coding + Multi,Palazzo,Dyed,Rani,Silk,Not_Applied,Not Applied,V Neck,Regular sleeves,Full Sleeve,Rani,39,35
K-102-01,Sameexa,Curly Tales,Ethnic,2PC KP Set,Unknown,Kurta,Dyed,Rust Orange,Cotton,Coding + Multi,Palazzo,Dyed,Rust Orange,Cotton,Not_Applied,Not Applied,V Neck,Flared Sleeve,3/4 Sleeve,Orange,26,35
K-102-02,Sameexa,Curly Tales,Ethnic,2PC KP Set,Unknown,Kurta,Dyed,Coffee ,Cotton,Coding + Multi,Palazzo,Dyed,Coffee ,Cotton,Not_Applied,Not Applied,V Neck,Flared Sleeve,3/4 Sleeve,Brown,26,35
K-102-03,Sameexa,Curly Tales,Ethnic,2PC KP Set,Unknown,Kurta,Dyed,Rani,Cotton,Coding + Multi,Palazzo,Dyed,Rani,Cotton,Not_Applied,Not Applied,V Neck,Flared Sleeve,3/4 Sleeve,Rani,26,35
K-103-01,Sameexa,Curly Tales,Casual,Peplum KSD Set,Unknown,Peplum Kurti,Dyed,Royal Blue,Cotton,Coding + Multi,Sharara,Dyed,Royal Blue,Cotton,Not_Applied,Not Applied,ROUND NECK,Regular sleeves,Full Sleeve,Blue,26,35
K-103-02,Sameexa,Curly Tales,Casual,Peplum KSD Set,Unknown,Peplum Kurti,Dyed,Rani,Cotton,Coding + Multi,Sharara,Dyed,Rani,Cotton,Not_Applied,Not Applied,ROUND NECK,Regular sleeves,Full Sleeve,Rani,26,35
K-103-03,Sameexa,Curly Tales,Casual,Peplum KSD Set,Unknown,Peplum Kurti,Dyed,Rust Orange,Cotton,Coding + Multi,Sharara,Dyed,Rust Orange,Cotton,Not_Applied,Not Applied,ROUND NECK,Regular sleeves,Full Sleeve,Orange,26,35
K-104-01,Sameexa,Curly Tales,Ethnic,Peplum Kurta Farsi KFD Set,Unknown,Peplum Kurti,Dyed,Violet,Silk,Coding + Multi,Farsi,Dyed,Neon,Silk,Coding + Multi,Not Applied,V Neck,Flared Sleeve,3/4 Sleeve,Purple,27,36
K-104-02,Sameexa,Curly Tales,Ethnic,Peplum Kurta Farsi KFD Set,Unknown,Peplum Kurti,Dyed,Pink,Silk,Coding + Multi,Farsi,Dyed,Blue,Silk,Coding + Multi,Not Applied,V Neck,Flared Sleeve,3/4 Sleeve,Pink,27,36
K-103-02,Sameexa,Curly Tales,Ethnic,Peplum Kurta Farsi KFD Set,Unknown,Peplum Kurti,Dyed,Brown,Silk,Coding + Multi,Farsi,Dyed,Copper,Silk,Coding + Multi,Not Applied,V Neck,Flared Sleeve,3/4 Sleeve,Brown,27,36
K-105-01,Sameexa,Curly Tales,Ethnic,Peplum KSD Set,Unknown,Peplum Kurti,Dyed,Parrot Green,Silk,Coding + Multi,Palazzo,Dyed,Parrot Green,Silk,Coding + Multi,Not Applied,ROUND NECK,Not Applied,Sleeve less,Green,24,35
K-105-02,Sameexa,Curly Tales,Ethnic,Peplum KSD Set,Unknown,Peplum Kurti,Dyed,Rust Red,Silk,Coding + Multi,Palazzo,Dyed,Rust Red,Silk,Coding + Multi,Not Applied,ROUND NECK,Not Applied,Sleeve less,Red,24,35
K-105-03,Sameexa,Curly Tales,Ethnic,Peplum KSD Set,Unknown,Peplum Kurti,Dyed,Royal Purple,Silk,Coding + Multi,Palazzo,Dyed,Royal Purple,Silk,Coding + Multi,Not Applied,ROUND NECK,Not Applied,Sleeve less,Purple,24,35
K-106-01,Sameexa,Curly Tales,Ethnic,Peplum KSD Set,Unknown,Peplum Kurti,Dyed,Purple,Silk,Not Applied,Palazzo,Dyed,Purple,Silk,Not_Applied,Not Applied,V Neck,Regular sleeves,Full Sleeve,Purple,26,35
K-106-02,Sameexa,Curly Tales,Ethnic,Peplum KSD Set,Unknown,Peplum Kurti,Dyed,Pink,Silk,Not Applied,Palazzo,Dyed,Pink,Silk,Not_Applied,Not Applied,V Neck,Regular sleeves,Full Sleeve,Pink,26,35
K-106-03,Sameexa,Curly Tales,Ethnic,Peplum KSD Set,Unknown,Peplum Kurti,Dyed,Parrot Green,Silk,Not Applied,Palazzo,Dyed,Parrot Green,Silk,Not_Applied,Not Applied,V Neck,Regular sleeves,Full Sleeve,Green,26,35
K-107-01,Sameexa,Curly Tales,Indowestern,Kaftan Palazzo Set,Unknown, Spaghetti ,Dyed,Rose Pink,Silk,Not Applied,Palazzo,Dyed,Rose Pink,Silk,Not_Applied,Not Applied,ROUND NECK,Not Applied,Not Applied,Pink,26,36
K-107-02,Sameexa,Curly Tales,Indowestern,Kaftan Palazzo Set,Unknown, Spaghetti ,Dyed,Chocolate Brown,Silk,Not Applied,Palazzo,Dyed,Chocolate Brown,Silk,Not_Applied,Not Applied,ROUND NECK,Not Applied,Not Applied,Brown,26,36
K-107-03,Sameexa,Curly Tales,Indowestern,Kaftan Palazzo Set,Unknown, Spaghetti ,Dyed,Rust,Silk,Not Applied,Palazzo,Dyed,Rust,Silk,Not_Applied,Not Applied,ROUND NECK,Not Applied,Not Applied,Orange,26,36
K-108-01,Sameexa,Curly Tales,Ethnic,Short Kurta Palazzo KPD Set,Unknown,Kurta,Dyed,Rani,Silk,Multi,Sharara,Dyed,Rani,Silk,Not_Applied,Not Applied,V Neck,Not Applied,Sleeve less,Rani,25,35
K-108-02,Sameexa,Curly Tales,Ethnic,Short Kurta Palazzo KPD Set,Unknown,Kurta,Dyed,Royal Blue,Silk,Multi,Sharara,Dyed,Royal Blue,Silk,Not_Applied,Not Applied,V Neck,Not Applied,Sleeve less,Blue,25,35
K-108-03,Sameexa,Curly Tales,Ethnic,Short Kurta Palazzo KPD Set,Unknown,Kurta,Dyed,Coffee,Silk,Multi,Sharara,Dyed,Coffee,Silk,Not_Applied,Not Applied,V Neck,Not Applied,Sleeve less,Brown,25,35
K-108-04,Sameexa,Curly Tales,Ethnic,Short Kurta Palazzo KPD Set,Unknown,Kurta,Dyed,Neon,Silk,Multi,Sharara,Dyed,Neon,Silk,Not_Applied,Not Applied,V Neck,Not Applied,Sleeve less,Neon,25,35
K-109-01,Sameexa,Curly Tales,Ethnic,Short Anarkali Farsi Set,Unknown,Anarkali,Dyed,Peach,Silk,Coding + Multi,Farsi,Dyed,Peach,Silk,Multi,Not Applied,Sweetheart Neck,Regular sleeves,3/4 Sleeve,Orange,32,36
K-109-02,Sameexa,Curly Tales,Ethnic,Short Anarkali Farsi Set,Unknown,Anarkali,Dyed,Cherry Red,Silk,Coding + Multi,Farsi,Dyed,Cherry Red,Silk,Multi,Not Applied,Sweetheart Neck,Regular sleeves,3/4 Sleeve,Red,32,36
K-109-03,Sameexa,Curly Tales,Ethnic,Short Anarkali Farsi Set,Unknown,Anarkali,Dyed,Violet,Silk,Coding + Multi,Farsi,Dyed,Violet,Silk,Multi,Not Applied,Sweetheart Neck,Regular sleeves,3/4 Sleeve,Purple,32,36
K-110-01,Sameexa,Curly Tales,Indowestern,Top Bottom Shrug,Unknown, Spaghetti ,Dyed,Chocolate Brown,Silk,Multi,Palazzo,Dyed,Chocolate Brown,Silk,Multi,Not Applied,ROUND NECK,Unknown,Unknown,Brown,Unknown,35
K-110-02,Sameexa,Curly Tales,Indowestern,Top Bottom Shrug,Unknown, Spaghetti ,Dyed,Rose Pink,Silk,Multi,Palazzo,Dyed,Rose Pink,Silk,Multi,Not Applied,ROUND NECK,Unknown,Unknown,Pink,Unknown,35
K-110-03,Sameexa,Curly Tales,Indowestern,Top Bottom Shrug,Unknown, Spaghetti ,Dyed,Royal Blue,Silk,Multi,Palazzo,Dyed,Royal Blue,Silk,Multi,Not Applied,ROUND NECK,Unknown,Unknown,Blue,Unknown,35
K-111-01,Sameexa,Curly Tales,Ethnic,Anarkali KPD Set,Unknown,Anarkali,Dyed,Coffee,Silk,Coding + Multi,Palazzo,Dyed,Coffee,Silk,Not_Applied,Not Applied,ROUND NECK,Regular sleeves,3/4 Sleeve,Brown,36,35
K-111-02,Sameexa,Curly Tales,Ethnic,Anarkali KPD Set,Unknown,Anarkali,Dyed,Cherry,Silk,Coding + Multi,Palazzo,Dyed,Cherry,Silk,Not_Applied,Not Applied,ROUND NECK,Regular sleeves,3/4 Sleeve,Red,36,35
K-111-03,Sameexa,Curly Tales,Ethnic,Anarkali KPD Set,Unknown,Anarkali,Dyed,Royal Blue,Silk,Coding + Multi,Palazzo,Dyed,Royal Blue,Silk,Not_Applied,Not Applied,ROUND NECK,Regular sleeves,3/4 Sleeve,Blue,36,35
K-112-01,Sameexa,Curly Tales,Ethnic,Anarkali KPD Set,Unknown,Anarkali,Dyed,Pista Green,Silk,Coding + Multi,Palazzo,Dyed,Pista Green,Silk,Not_Applied,Not Applied,ROUND NECK,Regular sleeves,3/4 Sleeve,Green,36,35
K-112-02,Sameexa,Curly Tales,Ethnic,Anarkali KPD Set,Unknown,Anarkali,Dyed,Pink,Silk,Coding + Multi,Palazzo,Dyed,Pink,Silk,Not_Applied,Not Applied,ROUND NECK,Regular sleeves,3/4 Sleeve,Pink,36,35
K-112-03,Sameexa,Curly Tales,Ethnic,Anarkali KPD Set,Unknown,Anarkali,Dyed,Violet,Silk,Coding + Multi,Palazzo,Dyed,Violet,Silk,Not_Applied,Not Applied,ROUND NECK,Regular sleeves,3/4 Sleeve,Purple,36,35
K-112-04,Sameexa,Curly Tales,Ethnic,Anarkali KPD Set,Unknown,Anarkali,Dyed,Copper,Silk,Coding + Multi,Palazzo,Dyed,Copper,Silk,Not_Applied,Not Applied,ROUND NECK,Regular sleeves,3/4 Sleeve,Copper,36,35
K-113-01,Sameexa,Curly Tales,Ethnic,2PC KP Set,Unknown,Kurta,Dyed,Butter Yellow,Silk,Coding + Multi,Palazzo,Dyed,Butter Yellow,Silk,Not_Applied,Not Applied,Sweetheart Neck,Not Applied,Sleeve less,Yellow,25,35
K-113-02,Sameexa,Curly Tales,Ethnic,2PC KP Set,Unknown,Kurta,Dyed,Mint,Silk,Coding + Multi,Palazzo,Dyed,Mint,Silk,Not_Applied,Not Applied,Sweetheart Neck,Not Applied,Sleeve less,Green,25,35
K-113-03,Sameexa,Curly Tales,Ethnic,2PC KP Set,Unknown,Kurta,Dyed,Lavender,Silk,Coding + Multi,Palazzo,Dyed,Lavender,Silk,Not_Applied,Not Applied,Sweetheart Neck,Not Applied,Sleeve less,Purple,25,35
K-113-04,Sameexa,Curly Tales,Ethnic,2PC KP Set,Unknown,Kurta,Dyed,Brown,Silk,Coding + Multi,Palazzo,Dyed,Brown,Silk,Not_Applied,Not Applied,Sweetheart Neck,Not Applied,Sleeve less,Brown,25,35
K-114-01,Sameexa,Curly Tales,Ethnic,Peplum KSD Set,Unknown,Peplum Kurti,Dyed,Royal Blue,Silk,Coding + Multi,Palazzo,Dyed,Royal Blue,Silk,Not_Applied,Not Applied,Sweetheart Neck,Regular sleeves,Short Sleeve,Blue,26,35
K-114-02,Sameexa,Curly Tales,Ethnic,Peplum KSD Set,Unknown,Peplum Kurti,Dyed,Chocolate Brown,Silk,Coding + Multi,Palazzo,Dyed,Chocolate Brown,Silk,Not_Applied,Not Applied,Sweetheart Neck,Regular sleeves,Short Sleeve,Brown,26,35
K-114-03,Sameexa,Curly Tales,Ethnic,Peplum KSD Set,Unknown,Peplum Kurti,Dyed,Fanta Orange,Silk,Coding + Multi,Palazzo,Dyed,Fanta Orange,Silk,Not_Applied,Not Applied,Sweetheart Neck,Regular sleeves,Short Sleeve,Orange,26,35
K-115-01,Sameexa,Curly Tales,Indowestern,Lehenga- Dupatta Set,Unknown, Spaghetti  ,Dyed,Dark Pink,Organza,Not Applied,Lehenga,Dyed,Dark Pink,Organza,Not_Applied,Not Applied,ROUND NECK,Not Applied,Sleeve less,Pink,24,36
K-115-02,Sameexa,Curly Tales,Indowestern,Lehenga- Dupatta Set,Unknown, Spaghetti  ,Dyed,Orange,Organza,Not Applied,Lehenga,Dyed,Orange,Organza,Not_Applied,Not Applied,ROUND NECK,Not Applied,Sleeve less,Orange,24,36
K-115-03,Sameexa,Curly Tales,Indowestern,Lehenga- Dupatta Set,Unknown, Spaghetti  ,Dyed,Coffee,Organza,Not Applied,Lehenga,Dyed,Coffee,Organza,Not_Applied,Not Applied,ROUND NECK,Not Applied,Sleeve less,Brown,24,36
K-115-04,Sameexa,Curly Tales,Indowestern,Lehenga- Dupatta Set,Unknown, Spaghetti  ,Dyed,Pista Green,Organza,Not Applied,Lehenga,Dyed,Pista Green,Organza,Not_Applied,Not Applied,ROUND NECK,Not Applied,Sleeve less,Green,24,36
K-116-01,Sameexa,Curly Tales,Ethnic,2PC KP Set,Unknown,Peplum Kurti,Dyed,Pink,Silk,Coding + Multi,Palazzo,Dyed,Pink,Silk,Not_Applied,Not Applied,ROUND NECK,Not Applied,Sleeve less,Pink,26,35
K-116-02,Sameexa,Curly Tales,Ethnic,2PC KP Set,Unknown,Peplum Kurti,Dyed,Parrot Green,Silk,Coding + Multi,Palazzo,Dyed,Parrot Green,Silk,Not_Applied,Not Applied,ROUND NECK,Not Applied,Sleeve less,Green,26,35
K-116-03,Sameexa,Curly Tales,Ethnic,2PC KP Set,Unknown,Peplum Kurti,Dyed,Pink Salt,Silk,Coding + Multi,Palazzo,Dyed,Pink Salt,Silk,Not_Applied,Not Applied,ROUND NECK,Not Applied,Sleeve less,Pink,26,35
K-117-01,Sameexa,Curly Tales,Ethnic,Short Kurta Palazzo KPD Set,Unknown,Kurta,Dyed,Coffee,Silk,Coding + Multi,Palazzo,Dyed,Coffee,Silk,Not_Applied,Not Applied,Sweetheart Neck,Regular sleeves,3/4 Sleeve,Brown,26,35
K-117-02,Sameexa,Curly Tales,Ethnic,Short Kurta Palazzo KPD Set,Unknown,Kurta,Dyed,Cherry,Silk,Coding + Multi,Palazzo,Dyed,Cherry,Silk,Not_Applied,Not Applied,Sweetheart Neck,Regular sleeves,3/4 Sleeve,Red,26,35
K-117-03,Sameexa,Curly Tales,Ethnic,Short Kurta Palazzo KPD Set,Unknown,Kurta,Dyed,Lime Yellow,Silk,Coding + Multi,Palazzo,Dyed,Lime Yellow,Silk,Not_Applied,Not Applied,Sweetheart Neck,Regular sleeves,3/4 Sleeve,Yellow,26,35
K-118-01,Sameexa,Curly Tales,Ethnic,Anarkali KPD Set,Unknown,Anarkali,Dyed,Coffee,Georgette,Coding + Multi,Palazzo,Dyed,Coffee,Georgette,Not_Applied,Not Applied,Sweetheart Neck,Not Applied,Sleeve less,Brown,36,35
K-118-02,Sameexa,Curly Tales,Ethnic,Anarkali KPD Set,Unknown,Anarkali,Dyed,Royal Blue,Georgette,Coding + Multi,Palazzo,Dyed,Royal Blue,Georgette,Not_Applied,Not Applied,Sweetheart Neck,Not Applied,Sleeve less,Blue,36,35
K-118-03,Sameexa,Curly Tales,Ethnic,Anarkali KPD Set,Unknown,Anarkali,Dyed,Hot Pink,Georgette,Coding + Multi,Palazzo,Dyed,Hot Pink,Georgette,Not_Applied,Not Applied,Sweetheart Neck,Not Applied,Sleeve less,Rani,36,35
K-119-01,Sameexa,Curly Tales,Indowestern,Top Bottom Shrug,Unknown, Spaghetti ,Dyed,Orange,Silk,Not Applied,Palazzo,Dyed,Orange,Silk,Not_Applied,Not Applied,V Neck,Not Applied,Sleeve less,Orange,35,35
K-119-02,Sameexa,Curly Tales,Indowestern,Top Bottom Shrug,Unknown, Spaghetti ,Dyed,Neon Green,Silk,Not Applied,Palazzo,Dyed,Neon Green,Silk,Not_Applied,Not Applied,V Neck,Not Applied,Sleeve less,Green,35,35
K-119-03,Sameexa,Curly Tales,Indowestern,Top Bottom Shrug,Unknown, Spaghetti ,Dyed,Baby Pink,Silk,Not Applied,Palazzo,Dyed,Baby Pink,Silk,Not_Applied,Not Applied,V Neck,Not Applied,Sleeve less,Pink,35,35
K-120-01,Sameexa,Curly Tales,Casual,Co-Ord Set,Unknown,Waistcoat,Print,Pink,Cotton,Not Applied,Balloon Pant,Print,Pink,Cotton,Not_Applied,Not Applied,V Neck,Not Applied,Sleeve less,Pink,21.5,36
K-120-02,Sameexa,Curly Tales,Casual,Co-Ord Set,Unknown,Waistcoat,Print,Neon,Cotton,Not Applied,Balloon Pant,Print,Neon,Cotton,Not_Applied,Not Applied,V Neck,Not Applied,Sleeve less,Neon,21.5,36
K-120-03,Sameexa,Curly Tales,Casual,Co-Ord Set,Unknown,Waistcoat,Print,Orange,Cotton,Not Applied,Balloon Pant,Print,Orange,Cotton,Not_Applied,Not Applied,V Neck,Not Applied,Sleeve less,Orange,21.5,36
K-121-01,Sameexa,Curly Tales,Casual,Co-Ord Set,Unknown,Crop Top,Print,Pink,Cotton,Multi,Palazzo,Print,Pink,Cotton,Multi,Not Applied,ROUND NECK,Not Applied,Sleeve less,Pink,17,36
K-121-02,Sameexa,Curly Tales,Casual,Co-Ord Set,Unknown,Crop Top,Print,Neon,Cotton,Multi,Palazzo,Print,Neon,Cotton,Multi,Not Applied,ROUND NECK,Not Applied,Sleeve less,Neon,17,36
K-121-03,Sameexa,Curly Tales,Casual,Co-Ord Set,Unknown,Crop Top,Print,Dark Orange,Cotton,Multi,Palazzo,Print,Dark Orange,Cotton,Multi,Not Applied,ROUND NECK,Not Applied,Sleeve less,Orange,17,36
K-4201,Unknown,Curly Tales,Casual,2PC KP Set,Unknown,Kurta,Print,Mint,Cotton Blend,Not Applied,Dhoti,Print,Navy Blue,Cotton Blend,Not_Applied,Unknown,ROUND NECK,Not Applied,Sleeve less,Green,Unknown,Unknown
K-4202,Unknown,Curly Tales,Casual,2PC KP Set,Unknown,Kurta,Print,Magenta,Cotton Blend,Not Applied,Dhoti,Print,Pink,Cotton Blend,Not_Applied,Unknown,ROUND NECK,Not Applied,Sleeve less,Purple,Unknown,Unknown
K-4203,Unknown,Curly Tales,Casual,2PC KP Set,Unknown,Kurta,Print,Blue,Cotton Blend,Not Applied,Dhoti,Print,Grey,Cotton Blend,Not_Applied,Unknown,ROUND NECK,Not Applied,Sleeve less,Blue,Unknown,Unknown
K-4204,Unknown,Curly Tales,Casual,2PC KP Set,Unknown,Kurta,Print,Mustard,Cotton Blend,Not Applied,Dhoti,Print,Green,Cotton Blend,Not_Applied,Unknown,ROUND NECK,Not Applied,Sleeve less,Yellow,Unknown,Unknown
K-4301,Unknown,Curly Tales,Casual,2PC KP Set,Unknown,Kurta,Print,Mint,Cotton Blend,Not Applied,Dhoti,Print,Navy Blue,Cotton Blend,Not_Applied,Unknown,ROUND NECK,Not Applied,Sleeve less,Green,Unknown,Unknown
K-4302,Unknown,Curly Tales,Casual,2PC KP Set,Unknown,Kurta,Print,Magenta,Cotton Blend,Not Applied,Dhoti,Print,Pink,Cotton Blend,Not_Applied,Unknown,ROUND NECK,Not Applied,Sleeve less,Purple,Unknown,Unknown
K-4303,Unknown,Curly Tales,Casual,2PC KP Set,Unknown,Kurta,Print,Blue,Cotton Blend,Not Applied,Dhoti,Print,Grey,Cotton Blend,Not_Applied,Unknown,ROUND NECK,Not Applied,Sleeve less,Blue,Unknown,Unknown
K-4304,Unknown,Curly Tales,Casual,2PC KP Set,Unknown,Kurta,Print,Mustard,Cotton Blend,Not Applied,Dhoti,Print,Green,Cotton Blend,Not_Applied,Unknown,ROUND NECK,Not Applied,Sleeve less,Yellow,Unknown,Unknown
K-4401,Unknown,Curly Tales,Casual,2PC KP Set,Unknown,Kurta,Print,Mint,Cotton Blend,Not Applied,Dhoti,Print,Navy Blue,Cotton Blend,Not_Applied,Unknown,ROUND NECK,Regular sleeves,Half Sleeve ,Green,Unknown,Unknown
K-4402,Unknown,Curly Tales,Casual,2PC KP Set,Unknown,Kurta,Print,Magenta,Cotton Blend,Not Applied,Dhoti,Print,Pink,Cotton Blend,Not_Applied,Unknown,ROUND NECK,Regular sleeves,Half Sleeve ,Purple,Unknown,Unknown
K-4403,Unknown,Curly Tales,Casual,2PC KP Set,Unknown,Kurta,Print,Blue,Cotton Blend,Not Applied,Dhoti,Print,Grey,Cotton Blend,Not_Applied,Unknown,ROUND NECK,Regular sleeves,Half Sleeve ,Blue,Unknown,Unknown
K-4404,Unknown,Curly Tales,Casual,2PC KP Set,Unknown,Kurta,Print,Mustard,Cotton Blend,Not Applied,Dhoti,Print,Green,Cotton Blend,Not_Applied,Unknown,ROUND NECK,Regular sleeves,Half Sleeve ,Yellow,Unknown,Unknown
K-4501,Unknown,Curly Tales,Casual,2PC KP Set,Unknown,Kurta,Print,Wine,Georgette,Not Applied,Sharara,Print,Wine,Georgette,Not_Applied,Unknown,ROUND NECK,Unknown,3/4 Sleeve,Purple,Unknown,Unknown
K-4502,Unknown,Curly Tales,Casual,2PC KP Set,Unknown,Kurta,Print,Blue,Georgette,Not Applied,Sharara,Dyed,Blue,Georgette,Not_Applied,Unknown,ROUND NECK,Not Applied,Sleeve less,Blue,Unknown,Unknown
K-4503,Unknown,Curly Tales,Casual,2PC KP Set,Unknown,Kurta,Print,Olive Green,Georgette,Not Applied,Sharara,Print,Olive Green,Georgette,Not_Applied,Unknown,ROUND NECK,Not Applied,Sleeve less,Green,Unknown,Unknown
K-4504,Unknown,Curly Tales,Casual,2PC KP Set,Unknown,Kurta,Print,Mehendi Green,Georgette,Not Applied,Sharara,Print,Mehendi Green,Georgette,Not_Applied,Unknown,ROUND NECK,Regular sleeves,Half Sleeve,Green,Unknown,Unknown
K-4601,Unknown,Curly Tales,Casual,2PC KP Set,Unknown,Kurta,Print,Yellow,Organza,Not Applied,Sharara,Dyed,Rani,Silk,Not_Applied,Unknown,V Neck,Not Applied,Sleeve less,Yellow,30,34
K-4602,Unknown,Curly Tales,Casual,2PC KP Set,Unknown,Kurta,Print,Green,Organza,Not Applied,Sharara,Dyed,Mustard,Silk,Not_Applied,Unknown,V Neck,Not Applied,Sleeve less,Green,30,34
K-4603,Unknown,Curly Tales,Casual,2PC KP Set,Unknown,Kurta,Print,Neon,Organza,Not Applied,Sharara,Dyed,Violet,Silk,Not_Applied,Unknown,V Neck,Not Applied,Sleeve less,Neon,30,34
K-4604,Unknown,Curly Tales,Casual,2PC KP Set,Unknown,Kurta,Print,Navy Blue,Organza,Not Applied,Sharara,Dyed,Neon,Silk,Not_Applied,Unknown,V Neck,Not Applied,Sleeve less,Blue,30,34
K-4605,Unknown,Curly Tales,Casual,2PC KP Set,Unknown,Kurta,Print,Off White,Organza,Not Applied,Sharara,Dyed,Maroon,Silk,Not_Applied,Unknown,V Neck,Not Applied,Sleeve less,Off White,30,34
K-4701,Unknown,Curly Tales,Casual,2PC KP Set,Unknown,Kurta,Print,Mustard,Cotton Blend,Not Applied,Sharara,Print,Mustard,Cotton Blend,Not_Applied,Unknown,ROUND NECK,Regular sleeves,3/4 Sleeve,Unknown,28,33
K-4702,Unknown,Curly Tales,Casual,2PC KP Set,Unknown,Kurta,Print,Violet,Cotton Blend,Not Applied,Sharara,Print,Violet,Cotton Blend,Not_Applied,Unknown,ROUND NECK,Regular sleeves,3/4 Sleeve,Unknown,28,33
K-4703,Unknown,Curly Tales,Casual,2PC KP Set,Unknown,Kurta,Print,Pink,Cotton Blend,Not Applied,Sharara,Print,Pink,Cotton Blend,Not_Applied,Unknown,ROUND NECK,Regular sleeves,3/4 Sleeve,Unknown,28,33
K-4704,Unknown,Curly Tales,Casual,2PC KP Set,Unknown,Kurta,Print,Teal Blue,Cotton Blend,Not Applied,Sharara,Print,Teal Blue,Cotton Blend,Not_Applied,Unknown,ROUND NECK,Regular sleeves,3/4 Sleeve,Unknown,28,33
K-4801,Unknown,Curly Tales,Casual,2PC KP Set,Unknown,Kurta,Print,Violet,Cotton Blend,Not Applied,Sharara,Print,Violet,Cotton Blend,Not_Applied,Unknown,V Neck,Regular sleeves,3/4 Sleeve,Unknown,28,33
K-4802,Unknown,Curly Tales,Casual,2PC KP Set,Unknown,Kurta,Print,Green,Cotton Blend,Not Applied,Sharara,Print,Green,Cotton Blend,Not_Applied,Unknown,V Neck,Regular sleeves,3/4 Sleeve,Green,28,33
K-4803,Unknown,Curly Tales,Casual,2PC KP Set,Unknown,Kurta,Print,Orange,Cotton Blend,Not Applied,Sharara,Print,Orange,Cotton Blend,Not_Applied,Unknown,V Neck,Regular sleeves,3/4 Sleeve,Orange,28,33
K-4901,Unknown,Curly Tales,Casual,2PC KP Set,Unknown,Peplum Kurti,Print,Green,Cotton Blend,Not Applied,Dhoti,Print,Red ,Cotton Blend,Not_Applied,Unknown,V Neck,Regular sleeves,3/4 Sleeve,Green,30,35
K-4902,Unknown,Curly Tales,Casual,2PC KP Set,Unknown,Peplum Kurti,Print,Teal Blue,Cotton Blend,Not Applied,Dhoti,Print,Orange,Cotton Blend,Not_Applied,Unknown,V Neck,Regular sleeves,3/4 Sleeve,Teal Blue,30,35
K-4903,Unknown,Curly Tales,Casual,2PC KP Set,Unknown,Peplum Kurti,Print,Mustard,Cotton Blend,Not Applied,Dhoti,Print,Maroon,Cotton Blend,Not_Applied,Unknown,V Neck,Regular sleeves,3/4 Sleeve,Yellow,30,35
K-4904,Unknown,Curly Tales,Casual,2PC KP Set,Unknown,Peplum Kurti,Print,Maroon,Cotton Blend,Not Applied,Dhoti,Print,Maroon,Cotton Blend,Not_Applied,Unknown,V Neck,Regular sleeves,3/4 Sleeve,Red,30,35
K-5001,Unknown,Curly Tales,Indowestern,Top Bottom Shrug,Unknown, Spaghetti ,Print,Neon,Organza,Not Applied,Palazzo,Dyed,Rani,Georgette,Not_Applied,Unknown,ROUND NECK,Regular sleeves,Half Sleeve ,Neon,30,34
K-5002,Unknown,Curly Tales,Indowestern,Top Bottom Shrug,Unknown, Spaghetti ,Print,Multi,Organza,Not Applied,Palazzo,Dyed,Yellow,Georgette,Not_Applied,Unknown,ROUND NECK,Regular sleeves,Half Sleeve ,Unknown,30,34
K-5003,Unknown,Curly Tales,Indowestern,Top Bottom Shrug,Unknown, Spaghetti ,Print,Pink,Organza,Not Applied,Palazzo,Dyed,Orange,Georgette,Not_Applied,Unknown,ROUND NECK,Regular sleeves,Half Sleeve ,Unknown,30,34
K-5004,Unknown,Curly Tales,Indowestern,Top Bottom Shrug,Unknown, Spaghetti ,Print,Multi,Organza,Not Applied,Palazzo,Dyed,Green,Georgette,Not_Applied,Unknown,ROUND NECK,Regular sleeves,Half Sleeve ,Unknown,30,34
K-5005,Unknown,Curly Tales,Indowestern,Top Bottom Shrug,Unknown, Spaghetti ,Print,Pink,Organza,Not Applied,Palazzo,Dyed,Rani,Georgette,Not_Applied,Unknown,ROUND NECK,Regular sleeves,Half Sleeve ,Unknown,30,34
K-5101,Unknown,Curly Tales,Casual,2PC KP Set,Unknown,Peplum Kurti,Print,Yellow,Organza,Not Applied,Dhoti,Dyed,Yellow,Chinon,Not_Applied,Unknown,Square Neck,Not Applied,Sleeve less,Purple,30,35
K-5102,Unknown,Curly Tales,Casual,2PC KP Set,Unknown,Peplum Kurti,Print,Green,Organza,Not Applied,Dhoti,Dyed,Green,Chinon,Not_Applied,Unknown,Square Neck,Not Applied,Sleeve less,Green,30,35
K-5103,Unknown,Curly Tales,Casual,2PC KP Set,Unknown,Peplum Kurti,Print,Orange,Organza,Not Applied,Dhoti,Dyed,Orange,Chinon,Not_Applied,Unknown,Square Neck,Not Applied,Sleeve less,Orange,30,35
K-5104,Unknown,Curly Tales,Casual,2PC KP Set,Unknown,Peplum Kurti,Print,Royal Blue,Organza,Not Applied,Dhoti,Dyed,Royal Blue,Chinon,Not_Applied,Unknown,Square Neck,Not Applied,Sleeve less,Blue,30,35
K-5201,Unknown,Curly Tales,Casual,2PC KP Set,Unknown,Peplum Kurti,Print,Navy Blue,PC Cotton,Not Applied,Sharara,Dyed,Navy Blue,PC Cotton,Not_Applied,Unknown,ROUND NECK,Regular sleeves,Half Sleeve,Blue,28,33
K-5202,Unknown,Curly Tales,Casual,2PC KP Set,Unknown,Peplum Kurti,Print,Red,PC Cotton,Not Applied,Sharara,Dyed,Red,PC Cotton,Not_Applied,Unknown,ROUND NECK,Regular sleeves,Half Sleeve,Red,28,33
K-5301,Unknown,Curly Tales,Ethnic,2PC KP Set,Unknown,Peplum Kurti,Print,Lavender,Cotton,Not Applied,Sharara,Dyed,Lavender,Cotton,Not_Applied,Not Applied,ROUND NECK,Not Applied,Sleeve less,Purple,30,33
K-5302,Unknown,Curly Tales,Ethnic,2PC KP Set,Unknown,Peplum Kurti,Print,Aqua Blue,Cotton,Not Applied,Sharara,Dyed,Aqua Blue,Cotton,Not_Applied,Not Applied,ROUND NECK,Not Applied,Sleeve less,Blue,30,33
K-5303,Unknown,Curly Tales,Ethnic,2PC KP Set,Unknown,Peplum Kurti,Print,Pink,Cotton,Not Applied,Sharara,Dyed,Pink,Cotton,Not_Applied,Not Applied,ROUND NECK,Not Applied,Sleeve less,Pink,30,33
K-5401,Unknown,Curly Tales,Ethnic,2PC KP Set,Unknown,Peplum Kurti,Print,Mustard,PC Cotton,Not Applied,Sharara,Dyed,Mustard,PC Cotton,Not_Applied,Not Applied,V Neck,Regular sleeves,3/4 Sleeve,Mustard,30,34
K-5402,Unknown,Curly Tales,Ethnic,2PC KP Set,Unknown,Peplum Kurti,Print,Pink,PC Cotton,Not Applied,Sharara,Print,Pink,PC Cotton,Not_Applied,Not Applied,V Neck,Regular sleeves,3/4 Sleeve,Pink,30,34
K-5501,Unknown,Curly Tales,Ethnic,2PC KP Set,Unknown,Peplum Kurti,Dyed,Black,Silk,Multi,Sharara,Dyed,Black,Silk,Not_Applied,Not Applied,V Neck,Not Applied,Sleeve less,Black,26,34
K-5502,Unknown,Curly Tales,Ethnic,2PC KP Set,Unknown,Peplum Kurti,Dyed,Lavender,Silk,Multi,Sharara,Dyed,Lavender,Silk,Not_Applied,Not Applied,V Neck,Not Applied,Sleeve less,Purple,26,34
K-5503,Unknown,Curly Tales,Ethnic,2PC KP Set,Unknown,Peplum Kurti,Dyed,Teal Blue,Silk,Multi,Sharara,Dyed,Teal Blue,Silk,Not_Applied,Not Applied,V Neck,Not Applied,Sleeve less,Blue,26,34
K-5504,Unknown,Curly Tales,Ethnic,2PC KP Set,Unknown,Peplum Kurti,Dyed,Maroon,Silk,Multi,Sharara,Dyed,Maroon,Silk,Not_Applied,Not Applied,V Neck,Not Applied,Sleeve less,Red,26,34
K-5701,Unknown,Curly Tales,Ethnic,2PC KP Set,Unknown,Peplum Kurti,Dyed,Neon,Chinon,Multi,Palazzo,Print,Neon,Chinon,Not_Applied,Not Applied,V Neck,Regular sleeves,3/4 Sleeve,Neon,28,33
K-5702,Unknown,Curly Tales,Ethnic,2PC KP Set,Unknown,Peplum Kurti,Dyed,Bottle Green,Chinon,Multi,Palazzo,Dyed,Bottle Green,Chinon,Not_Applied,Not Applied,V Neck,Regular sleeves,3/4 Sleeve,Green,28,33
K-5703,Unknown,Curly Tales,Ethnic,2PC KP Set,Unknown,Peplum Kurti,Dyed,Mustard,Chinon,Multi,Palazzo,Dyed,Mustard,Chinon,Not_Applied,Not Applied,V Neck,Regular sleeves,3/4 Sleeve,Mustard,28,33
K-5704,Unknown,Curly Tales,Ethnic,2PC KP Set,Unknown,Peplum Kurti,Dyed,Teal Blue,Chinon,Multi,Palazzo,Dyed,Teal Blue,Chinon,Not_Applied,Not Applied,V Neck,Regular sleeves,3/4 Sleeve,Teal Blue,28,33
K-5801,Priyal,Curly Tales,Ethnic,Peplum KSD Set,Unknown,Peplum Kurti,Dyed,Mustard,Silk,Multi,Sharara,Dyed,Mustard,Silk,Not_Applied,Not Applied,ROUND NECK,Not Applied,Sleeve less,Yellow,30,34
K-5802,Priyal,Curly Tales,Ethnic,Peplum KSD Set,Unknown,Peplum Kurti,Dyed,Coffee,Silk,Multi,Sharara,Dyed,Coffee,Silk,Not_Applied,Not Applied,ROUND NECK,Not Applied,Sleeve less,Brown,30,34
K-5803,Priyal,Curly Tales,Ethnic,Peplum KSD Set,Unknown,Peplum Kurti,Dyed,Pink,Silk,Multi,Sharara,Dyed,Pink,Silk,Not_Applied,Not Applied,ROUND NECK,Not Applied,Sleeve less,Pink,30,34
K-5804,Priyal,Curly Tales,Ethnic,Peplum KSD Set,Unknown,Peplum Kurti,Dyed,Rama,Silk,Multi,Sharara,Dyed,Rama,Silk,Not_Applied,Not Applied,ROUND NECK,Not Applied,Sleeve less,Rama,30,34
K-5805,Priyal,Curly Tales,Ethnic,Peplum KSD Set,Unknown,Peplum Kurti,Dyed,Rani,Silk,Multi,Sharara,Dyed,Rani,Silk,Not_Applied,Not Applied,ROUND NECK,Not Applied,Sleeve less,Rani,30,34
K-5901,Priyal,Curly Tales,Ethnic,Peplum KSD Set,Unknown,Peplum Kurti,Dyed,Pink,Chinon,Multi,Dhoti,Dyed,Pink,Chinon,Multi,Not Applied,V Neck,Not Applied,Sleeve less,Pink,30,35
K-5902,Priyal,Curly Tales,Ethnic,Peplum KSD Set,Unknown,Peplum Kurti,Dyed,C-Green,Chinon,Multi,Dhoti,Dyed,C-Green,Chinon,Multi,Not Applied,V Neck,Not Applied,Sleeve less,Green,30,35
K-5903,Priyal,Curly Tales,Ethnic,Peplum KSD Set,Unknown,Peplum Kurti,Dyed,Neon,Chinon,Multi,Dhoti,Dyed,Neon,Chinon,Multi,Not Applied,V Neck,Not Applied,Sleeve less,Neon,30,35
K-5904,Priyal,Curly Tales,Ethnic,Peplum KSD Set,Unknown,Peplum Kurti,Dyed,Wine,Chinon,Multi,Dhoti,Dyed,Wine,Chinon,Multi,Not Applied,V Neck,Not Applied,Sleeve less,Purple,30,35
K-6001,Priyal,Curly Tales,Indowestern,Top Bottom Shrug,Unknown, Spaghetti ,Dyed,Mint,Organza,Multi,Palazzo,Dyed,Mint,Organza,Not_Applied,Not Applied,V Neck,Regular sleeves,3/4 Sleeve,Green,44,34
K-6002,Priyal,Curly Tales,Indowestern,Top Bottom Shrug,Unknown, Spaghetti ,Dyed,Neon,Organza,Multi,Palazzo,Dyed,Neon,Organza,Not_Applied,Not Applied,V Neck,Regular sleeves,3/4 Sleeve,Neon,44,34
K-6003,Priyal,Curly Tales,Indowestern,Top Bottom Shrug,Unknown, Spaghetti ,Dyed,Pink,Organza,Multi,Palazzo,Dyed,Pink,Organza,Not_Applied,Not Applied,V Neck,Regular sleeves,3/4 Sleeve,Pink,44,34
K-6004,Priyal,Curly Tales,Indowestern,Top Bottom Shrug,Unknown, Spaghetti ,Dyed,Orange,Organza,Multi,Palazzo,Dyed,Orange,Organza,Not_Applied,Not Applied,V Neck,Regular sleeves,3/4 Sleeve,Orange,44,34
K-6005,Priyal,Curly Tales,Indowestern,Top Bottom Shrug,Unknown, Spaghetti ,Dyed,Lavender,Organza,Multi,Palazzo,Dyed,Lavender,Organza,Not_Applied,Not Applied,V Neck,Regular sleeves,3/4 Sleeve,Purple,44,34
K-6101,Priyal,Curly Tales,Ethnic,Anarkali KPD Set,Unknown,Anarkali,Dyed,Teal Blue,Georgette,Multi,Pant,Dyed,Teal Blue,Georgette,Not_Applied,Not Applied,V Neck,Regular sleeves,3/4 Sleeve,Teal Blue,40,33
K-6102,Priyal,Curly Tales,Ethnic,Anarkali KPD Set,Unknown,Anarkali,Dyed,Pink,Georgette,Multi,Pant,Dyed,Pink,Georgette,Not_Applied,Not Applied,V Neck,Regular sleeves,3/4 Sleeve,Pink,40,33
K-6103,Priyal,Curly Tales,Ethnic,Anarkali KPD Set,Unknown,Anarkali,Dyed,Maroon,Georgette,Multi,Pant,Dyed,Maroon,Georgette,Not_Applied,Not Applied,V Neck,Regular sleeves,3/4 Sleeve,Red,40,33
K-6104,Priyal,Curly Tales,Ethnic,Anarkali KPD Set,Unknown,Anarkali,Dyed,Neon,Georgette,Multi,Pant,Dyed,Neon,Georgette,Not_Applied,Not Applied,V Neck,Regular sleeves,3/4 Sleeve,Neon,40,33
K-6201,Priyal,Curly Tales,Ethnic,Anarkali KPD Set,Unknown,Anarkali,Dyed,Teal Blue,Silk,Coding + Multi,Pant,Dyed,Teal Blue,Silk,Not_Applied,Not Applied,ROUND NECK,Regular sleeves,Full Sleeve,Teal Blue,43,34
K-6202,Priyal,Curly Tales,Ethnic,Anarkali KPD Set,Unknown,Anarkali,Dyed,Rose Pink,Silk,Coding + Multi,Pant,Dyed,Rose Pink,Silk,Not_Applied,Not Applied,ROUND NECK,Regular sleeves,Full Sleeve,Pink,43,34
K-6203,Priyal,Curly Tales,Ethnic,Anarkali KPD Set,Unknown,Anarkali,Dyed,Coffee,Silk,Coding + Multi,Pant,Dyed,Coffee,Silk,Not_Applied,Not Applied,ROUND NECK,Regular sleeves,Full Sleeve,Brown,43,34
K-6204,Priyal,Curly Tales,Ethnic,Anarkali KPD Set,Unknown,Anarkali,Dyed,Steel Grey,Silk,Coding + Multi,Pant,Dyed,Steel Grey,Silk,Not_Applied,Not Applied,ROUND NECK,Regular sleeves,Full Sleeve,Grey,43,34
K-6301,Priyal,Curly Tales,Ethnic,Anarkali KPD Set,Unknown,Anarkali,Dyed,Sky Blue,Silk,Coding + Multi,Pant,Dyed,Sky Blue,Silk,Not_Applied,Not Applied,ROUND NECK,Regular sleeves,3/4 Sleeve,Blue,38,34
K-6302,Priyal,Curly Tales,Ethnic,Anarkali KPD Set,Unknown,Anarkali,Dyed,Teal Blue,Silk,Coding + Multi,Pant,Dyed,Teal Blue,Silk,Not_Applied,Not Applied,ROUND NECK,Regular sleeves,3/4 Sleeve,Blue,38,34
K-6303,Priyal,Curly Tales,Ethnic,Anarkali KPD Set,Unknown,Anarkali,Dyed,Mustard,Silk,Coding + Multi,Pant,Dyed,Mustard,Silk,Not_Applied,Not Applied,ROUND NECK,Regular sleeves,3/4 Sleeve,Mustard,38,34
K-6304,Priyal,Curly Tales,Ethnic,Anarkali KPD Set,Unknown,Anarkali,Dyed,Purple,Silk,Coding + Multi,Pant,Dyed,Purple,Silk,Not_Applied,Not Applied,ROUND NECK,Regular sleeves,3/4 Sleeve,Purple,38,34
K-6401,Priyal,Curly Tales,Ethnic,2PC KP Set,Unknown,Peplum Kurti,Dyed,Baby Pink,Georgette,Multi,Sharara,Dyed,Baby Pink,Georgette,Not_Applied,Not Applied,ROUND NECK,Not Applied,Sleeve less,Pink,30,34
K-6402,Priyal,Curly Tales,Ethnic,2PC KP Set,Unknown,Peplum Kurti,Dyed,Wine,Georgette,Multi,Sharara,Dyed,Wine,Georgette,Not_Applied,Not Applied,ROUND NECK,Not Applied,Sleeve less,Purple,30,34
K-6403,Priyal,Curly Tales,Ethnic,2PC KP Set,Unknown,Peplum Kurti,Dyed,Yellow,Georgette,Multi,Sharara,Dyed,Yellow,Georgette,Not_Applied,Not Applied,ROUND NECK,Not Applied,Sleeve less,Yellow,30,34
K-6501,Priyal,Curly Tales,Ethnic,2PC KP Set,Unknown,Peplum Kurti,Dyed,Silver,Poly Chinon,Multi,Sharara,Dyed,Silver,Poly Chinon,Not_Applied,Not Applied,V Neck,Not Applied,Sleeve less,Silver,30,34
K-6502,Priyal,Curly Tales,Ethnic,2PC KP Set,Unknown,Peplum Kurti,Dyed,Teal Blue,Poly Chinon,Multi,Sharara,Dyed,Teal Blue,Poly Chinon,Not_Applied,Not Applied,V Neck,Not Applied,Sleeve less,Teal Blue,30,34
K-6503,Priyal,Curly Tales,Ethnic,2PC KP Set,Unknown,Peplum Kurti,Dyed,Mustard,Poly Chinon,Multi,Sharara,Dyed,Mustard,Poly Chinon,Not_Applied,Not Applied,V Neck,Not Applied,Sleeve less,Yellow,30,34
K-6504,Priyal,Curly Tales,Ethnic,2PC KP Set,Unknown,Peplum Kurti,Dyed,Violet,Poly Chinon,Multi,Sharara,Dyed,Violet,Poly Chinon,Not_Applied,Not Applied,V Neck,Not Applied,Sleeve less,Purple,30,34
K-6601,Priyal,Curly Tales,Ethnic,2PC KP Set,Unknown,Peplum Kurti,Dyed,Rani,Organza,Multi,Palazzo,Dyed,Rani,Organza,Not_Applied,Not Applied,V Neck,Puff Sleeve,Short Sleeve,Rani,28,34
K-6602,Priyal,Curly Tales,Ethnic,2PC KP Set,Unknown,Peplum Kurti,Dyed,Baby Pink,Organza,Multi,Palazzo,Dyed,Baby Pink,Organza,Not_Applied,Not Applied,V Neck,Puff Sleeve,Short Sleeve,Pink,28,34
K-6603,Priyal,Curly Tales,Ethnic,2PC KP Set,Unknown,Peplum Kurti,Dyed,Violet,Organza,Multi,Palazzo,Dyed,Violet,Organza,Not_Applied,Not Applied,V Neck,Puff Sleeve,Short Sleeve,Purple,28,34
K-6604,Priyal,Curly Tales,Ethnic,2PC KP Set,Unknown,Peplum Kurti,Dyed,Sky Blue,Organza,Multi,Palazzo,Dyed,Sky Blue,Organza,Not_Applied,Not Applied,V Neck,Puff Sleeve,Short Sleeve,Blue,28,34
K-6701,Priyal,Curly Tales,Indowestern,Top Bottom Shrug,Unknown, Spaghetti ,Dyed,Orange,Georgette,Multi,Palazzo,Dyed,Orange,Georgette,Not_Applied,Not Applied,ROUND NECK,Not Applied,Sleeve less,Orange,41,34
K-6702,Priyal,Curly Tales,Indowestern,Top Bottom Shrug,Unknown, Spaghetti ,Dyed,Wine,Georgette,Multi,Palazzo,Dyed,Wine,Georgette,Not_Applied,Not Applied,ROUND NECK,Not Applied,Sleeve less,Purple,41,34
K-6703,Priyal,Curly Tales,Indowestern,Top Bottom Shrug,Unknown, Spaghetti ,Dyed,Neon,Georgette,Multi,Palazzo,Dyed,Neon,Georgette,Not_Applied,Not Applied,ROUND NECK,Not Applied,Sleeve less,Neon,41,34
K-6801,Priyal,Curly Tales,Indowestern,Top Bottom Shrug,Unknown, Spaghetti ,Print,Pink,Georgette,Coding + Multi,Palazzo,Dyed,Pink,Georgette,Not_Applied,Unknown,Square Neck,Regular sleeves,3/4 Sleeve,Pink,40,35
K-6802,Priyal,Curly Tales,Indowestern,Top Bottom Shrug,Unknown, Spaghetti ,Print,Wine,Georgette,Coding + Multi,Palazzo,Dyed,Wine,Georgette,Not_Applied,Unknown,Square Neck,Regular sleeves,3/4 Sleeve,Purple,40,35
K-6803,Priyal,Curly Tales,Indowestern,Top Bottom Shrug,Unknown, Spaghetti ,Print,Yellow,Georgette,Coding + Multi,Palazzo,Dyed,Yellow,Georgette,Not_Applied,Unknown,Square Neck,Regular sleeves,3/4 Sleeve,Yellow,40,35
K-6901,Priyal,Curly Tales,Casual,Co-Ord Set,Unknown,Short Kurta,Dyed,Baby Pink,Viscose Blend,Multi,Pant,Dyed,Baby Pink,Viscose Blend,Not_Applied,Not Applied,Boat Neck,Not Applied,Sleeve less,Pink,23,33
K-6902,Priyal,Curly Tales,Casual,Co-Ord Set,Unknown,Short Kurta,Dyed,Yellow,Viscose Blend,Multi,Pant,Dyed,Yellow,Viscose Blend,Not_Applied,Not Applied,Boat Neck,Not Applied,Sleeve less,Yellow,23,33
K-6903,Priyal,Curly Tales,Casual,Co-Ord Set,Unknown,Short Kurta,Dyed,Beige,Viscose Blend,Multi,Pant,Dyed,Beige,Viscose Blend,Not_Applied,Not Applied,Boat Neck,Not Applied,Sleeve less,Brown,23,33
K-7001,Priyal,Curly Tales,Ethnic,Anarkali KPD Set,Unknown,Anarkali,Dyed,Maroon,Silk,Coding + Multi,Pant,Dyed,Maroon,Silk,Not_Applied,Not Applied,ROUND NECK,Regular sleeves,3/4 Sleeve,Red,26,34
K-7002,Priyal,Curly Tales,Ethnic,Anarkali KPD Set,Unknown,Anarkali,Dyed,Sky Blue,Silk,Coding + Multi,Pant,Dyed,Sky Blue,Silk,Not_Applied,Not Applied,ROUND NECK,Regular sleeves,3/4 Sleeve,Blue,26,34
K-7003,Priyal,Curly Tales,Ethnic,Anarkali KPD Set,Unknown,Anarkali,Dyed,Orange,Silk,Coding + Multi,Pant,Dyed,Orange,Silk,Not_Applied,Not Applied,ROUND NECK,Regular sleeves,3/4 Sleeve,Orange,26,34
K-7004,Priyal,Curly Tales,Ethnic,Anarkali KPD Set,Unknown,Anarkali,Dyed,Dark Rama,Silk,Coding + Multi,Pant,Dyed,Dark Rama,Silk,Not_Applied,Not Applied,ROUND NECK,Regular sleeves,3/4 Sleeve,Rama,26,34
K-7101,Priyal,Curly Tales,Casual,Co-Ord Set,Unknown,Short Kurta,Dyed,caramel,Viscose Blend,Multi,Pant,Dyed,caramel,Viscose Blend,Not_Applied,Not Applied,Collar neck,Regular sleeves,3/4 Sleeve,Brown,28,33
K-7102,Priyal,Curly Tales,Casual,Co-Ord Set,Unknown,Short Kurta,Dyed,Baby Pink,Viscose Blend,Multi,Pant,Dyed,Baby Pink,Viscose Blend,Not_Applied,Not Applied,Collar neck,Regular sleeves,3/4 Sleeve,Pink,28,33
K-7103,Priyal,Curly Tales,Casual,Co-Ord Set,Unknown,Short Kurta,Dyed,Yellow,Viscose Blend,Multi,Pant,Dyed,Yellow,Viscose Blend,Not_Applied,Not Applied,Collar neck,Regular sleeves,3/4 Sleeve,Yellow,28,33
K-7104,Priyal,Curly Tales,Casual,Co-Ord Set,Unknown,Short Kurta,Dyed,Green,Viscose Blend,Multi,Pant,Dyed,Green,Viscose Blend,Not_Applied,Not Applied,Collar neck,Regular sleeves,3/4 Sleeve,Green,28,33
K-7201,Priyal,Curly Tales,Casual,Co-Ord Set,Unknown,Kurta,Dyed,Olive Green,Viscose Blend,Not Applied,Palazzo,Dyed,Olive Green,Viscose Blend,Not_Applied,Not Applied,Collar neck,Unknown,Short Sleeve,Green,28,35
K-7202,Priyal,Curly Tales,Casual,Co-Ord Set,Unknown,Kurta,Dyed,Royal Blue,Viscose Blend,Not Applied,Palazzo,Dyed,Royal Blue,Viscose Blend,Not_Applied,Not Applied,Collar neck,Unknown,Short Sleeve,Blue,28,35
K-7203,Priyal,Curly Tales,Casual,Co-Ord Set,Unknown,Kurta,Dyed,Brown,Viscose Blend,Not Applied,Palazzo,Dyed,Brown,Viscose Blend,Not_Applied,Not Applied,Collar neck,Unknown,Short Sleeve,Brown,28,35
K-7301,Priyal,Curly Tales,Ethnic,Peplum KSD Set,Unknown,Peplum Kurti,Dyed,Light Green,Silk,Multi,Palazzo,Dyed,Light Green,Silk,Not_Applied,Not Applied,V Neck,Regular sleeves,3/4 Sleeve,Green,24,34
K-7302,Priyal,Curly Tales,Ethnic,Peplum KSD Set,Unknown,Peplum Kurti,Dyed,Sky Blue,Silk,Multi,Palazzo,Dyed,Sky Blue,Silk,Not_Applied,Not Applied,V Neck,Regular sleeves,3/4 Sleeve,Blue,24,34
K-7303,Priyal,Curly Tales,Ethnic,Peplum KSD Set,Unknown,Peplum Kurti,Dyed,Baby Pink,Silk,Multi,Palazzo,Dyed,Baby Pink,Silk,Not_Applied,Not Applied,V Neck,Regular sleeves,3/4 Sleeve,Pink,24,34
K-7401,Priyal,Curly Tales,Casual,Co-Ord Set,Unknown,Kurta,Dyed,Beige,Viscose Blend,Multi,Pant,Dyed,Beige,Viscose Blend,Not_Applied,Not Applied,V Neck,Regular sleeves,3/4 Sleeve,Brown,28,35
K-7402,Priyal,Curly Tales,Casual,Co-Ord Set,Unknown,Kurta,Dyed,Olive Green,Viscose Blend,Multi,Pant,Dyed,Olive Green,Viscose Blend,Not_Applied,Not Applied,V Neck,Regular sleeves,3/4 Sleeve,Green,28,35
K-7403,Priyal,Curly Tales,Casual,Co-Ord Set,Unknown,Kurta,Dyed,Pink,Viscose Blend,Multi,Pant,Dyed,Pink,Viscose Blend,Not_Applied,Not Applied,V Neck,Regular sleeves,3/4 Sleeve,Pink,28,35
K-7501,Priyal,Curly Tales,Ethnic,Peplum KSD Set,Unknown,Peplum Kurti,Dyed,Purple,Organza,Coding + Sequence,Palazzo,Dyed,Purple,Organza,Not_Applied,Not Applied,V Neck,Regular sleeves,3/4 Sleeve,Purple,25,34
K-7502,Priyal,Curly Tales,Ethnic,Peplum KSD Set,Unknown,Peplum Kurti,Dyed,Maroon,Organza,Coding + Sequence,Palazzo,Dyed,Maroon,Organza,Not_Applied,Not Applied,V Neck,Regular sleeves,3/4 Sleeve,Red,25,34
K-7503,Priyal,Curly Tales,Ethnic,Peplum KSD Set,Unknown,Peplum Kurti,Dyed,Orange,Organza,Coding + Sequence,Palazzo,Dyed,Orange,Organza,Not_Applied,Not Applied,V Neck,Regular sleeves,3/4 Sleeve,Orange,25,34
K-7504,Priyal,Curly Tales,Ethnic,Peplum KSD Set,Unknown,Peplum Kurti,Dyed,Mint,Organza,Coding + Sequence,Palazzo,Dyed,Mint,Organza,Not_Applied,Not Applied,V Neck,Regular sleeves,3/4 Sleeve,Green,25,34
K-7601,Priyal,Curly Tales,Ethnic,Straight KPD Set,Unknown,Kurti,Dyed,Dark Pink,Chinon,Coding + Sequence,Pant,Dyed,Dark Pink,Chinon,Not_Applied,Not Applied,V Neck,Regular sleeves,3/4 Sleeve,Pink,41,35
K-7602,Priyal,Curly Tales,Ethnic,Straight KPD Set,Unknown,Kurti,Dyed,Orange,Chinon,Coding + Sequence,Pant,Dyed,Orange,Chinon,Not_Applied,Not Applied,V Neck,Regular sleeves,3/4 Sleeve,Orange,41,35
K-7603,Priyal,Curly Tales,Ethnic,Straight KPD Set,Unknown,Kurti,Dyed,Lavender,Chinon,Coding + Sequence,Pant,Dyed,Lavender,Chinon,Not_Applied,Not Applied,V Neck,Regular sleeves,3/4 Sleeve,Purple,41,35
K-7701,Priyal,Curly Tales,Ethnic,Short Kurta Palazzo KPD Set,Unknown,Kurta,Dyed,Mint,Georgette,Coding + Sequence,Palazzo,Dyed,Mint,Georgette,Not_Applied,Not Applied,Sweetheart Neck,Regular sleeves,Full Sleeve,Green,28,35
K-7702,Priyal,Curly Tales,Ethnic,Short Kurta Palazzo KPD Set,Unknown,Kurta,Dyed,Violet,Georgette,Coding + Sequence,Palazzo,Dyed,Violet,Georgette,Not_Applied,Not Applied,Sweetheart Neck,Regular sleeves,Full Sleeve,Purple,28,35
K-7703,Priyal,Curly Tales,Ethnic,Short Kurta Palazzo KPD Set,Unknown,Kurta,Dyed,Lavender,Georgette,Coding + Sequence,Palazzo,Dyed,Lavender,Georgette,Not_Applied,Not Applied,Sweetheart Neck,Regular sleeves,Full Sleeve,Purple,28,35
K-7704,Priyal,Curly Tales,Ethnic,Short Kurta Palazzo KPD Set,Unknown,Kurta,Dyed,Orange,Georgette,Coding + Sequence,Palazzo,Dyed,Orange,Georgette,Not_Applied,Not Applied,Sweetheart Neck,Regular sleeves,Full Sleeve,Orange,28,35
K-7801,Priyal,Curly Tales,Indowestern,Top Bottom Shrug,Unknown, Spaghetti ,Dyed,C-Green,Silk,Coding + Sequence,Palazzo,Dyed,C-Green,Silk,Not_Applied,Not Applied,Square Neck,Regular sleeves,Full Sleeve,Green,22,34
K-7802,Priyal,Curly Tales,Indowestern,Top Bottom Shrug,Unknown, Spaghetti ,Dyed,Violet,Silk,Coding + Sequence,Palazzo,Dyed,Violet,Silk,Not_Applied,Not Applied,Square Neck,Regular sleeves,Full Sleeve,Purple,22,34
K-7803,Priyal,Curly Tales,Indowestern,Top Bottom Shrug,Unknown, Spaghetti ,Dyed,Mauve,Silk,Coding + Sequence,Palazzo,Dyed,Mauve,Silk,Not_Applied,Not Applied,Square Neck,Regular sleeves,Full Sleeve,Purple,22,34
K-7804,Priyal,Curly Tales,Indowestern,Top Bottom Shrug,Unknown, Spaghetti ,Dyed,Teal Blue,Silk,Coding + Sequence,Palazzo,Dyed,Teal Blue,Silk,Not_Applied,Not Applied,Square Neck,Regular sleeves,Full Sleeve,Teal Blue,22,34
K-7901,Priyal,Curly Tales,Ethnic,Short Kurta Palazzo KPD Set,Unknown,Kurta,Dyed,Orange,Silk,Coding + Sequence,Palazzo,Dyed,Orange,Silk,Not_Applied,Not Applied,ROUND NECK,Not Applied,Sleeve less,Orange,26,34
K-7902,Priyal,Curly Tales,Ethnic,Short Kurta Palazzo KPD Set,Unknown,Kurta,Dyed,Light Blue,Silk,Coding + Sequence,Palazzo,Dyed,Light Blue,Silk,Not_Applied,Not Applied,ROUND NECK,Not Applied,Sleeve less,Blue,26,34
K-7903,Priyal,Curly Tales,Ethnic,Short Kurta Palazzo KPD Set,Unknown,Kurta,Dyed,Dark Mauve,Silk,Coding + Sequence,Palazzo,Dyed,Dark Mauve,Silk,Not_Applied,Not Applied,ROUND NECK,Not Applied,Sleeve less,Purple,26,34
K-8001,Priyal,Curly Tales,Ethnic,Peplum KSD Set,Unknown,Peplum Kurti,Dyed,Teal Blue,Silk,Coding + Multi,Sharara,Dyed,Cream,Silk,Not_Applied,Not Applied,ROUND NECK,Not Applied,Sleeve less,Teal Blue,30,34
K-8002,Priyal,Curly Tales,Ethnic,Peplum KSD Set,Unknown,Peplum Kurti,Dyed,Orange,Silk,Coding + Multi,Sharara,Dyed,Mint,Silk,Not_Applied,Not Applied,ROUND NECK,Not Applied,Sleeve less,Orange,30,34
K-8003,Priyal,Curly Tales,Ethnic,Peplum KSD Set,Unknown,Peplum Kurti,Dyed,Light Blue,Silk,Coding + Multi,Sharara,Dyed,Rose Pink,Silk,Not_Applied,Not Applied,ROUND NECK,Not Applied,Sleeve less,Blue,30,34
K-8101,Priyal,Curly Tales,Ethnic,Short Kurta Palazzo KPD Set,Unknown,Kurta,Dyed,Mustard,Silk,Coding + Multi,Palazzo,Dyed,Mustard,Silk,Not_Applied,Not Applied,ROUND NECK,Regular sleeves,3/4 Sleeve,Yellow,29,35
K-8102,Priyal,Curly Tales,Ethnic,Short Kurta Palazzo KPD Set,Unknown,Kurta,Dyed,Coffee,Silk,Coding + Multi,Palazzo,Dyed,Coffee,Silk,Not_Applied,Not Applied,ROUND NECK,Regular sleeves,3/4 Sleeve,Brown,29,35
K-8103,Priyal,Curly Tales,Ethnic,Short Kurta Palazzo KPD Set,Unknown,Kurta,Dyed,Orange,Silk,Coding + Multi,Palazzo,Dyed,Orange,Silk,Not_Applied,Not Applied,ROUND NECK,Regular sleeves,3/4 Sleeve,Orange,29,35
K-8201,Priyal,Curly Tales,Ethnic,2PC KP Set,Unknown,Kurta,Dyed,Mint,Georgette,Coding + Multi,Palazzo,Dyed,Mint,Georgette,Not_Applied,Not Applied,ROUND NECK,Regular sleeves,3/4 Sleeve,Green,30,35
K-8202,Priyal,Curly Tales,Ethnic,2PC KP Set,Unknown,Kurta,Dyed,Coffee,Georgette,Coding + Multi,Palazzo,Dyed,Coffee,Georgette,Not_Applied,Not Applied,ROUND NECK,Regular sleeves,3/4 Sleeve,Brown,30,35
K-8203,Priyal,Curly Tales,Ethnic,2PC KP Set,Unknown,Kurta,Dyed,Orange,Georgette,Coding + Multi,Palazzo,Dyed,Orange,Georgette,Not_Applied,Not Applied,ROUND NECK,Regular sleeves,3/4 Sleeve,Orange,30,35
K-8204,Priyal,Curly Tales,Ethnic,2PC KP Set,Unknown,Kurta,Dyed,Violet,Georgette,Coding + Multi,Palazzo,Dyed,Violet,Georgette,Not_Applied,Not Applied,ROUND NECK,Regular sleeves,3/4 Sleeve,Purple,30,35
K-8301,Priyal,Curly Tales,Indowestern,Top Bottom Shrug,Unknown, Spaghetti ,Dyed,Rani,Chiffon,Not Applied,Palazzo,Dyed,Rani,Chiffon,Not_Applied,Not Applied,V Neck,Regular sleeves,3/4 Sleeve,Rani,39,35
K-8302,Priyal,Curly Tales,Indowestern,Top Bottom Shrug,Unknown, Spaghetti ,Dyed,Green,Chiffon,Not Applied,Palazzo,Dyed,Green,Chiffon,Not_Applied,Not Applied,V Neck,Regular sleeves,3/4 Sleeve,Green,39,35
K-8303,Priyal,Curly Tales,Indowestern,Top Bottom Shrug,Unknown, Spaghetti ,Dyed,Coffee,Chiffon,Not Applied,Palazzo,Dyed,Coffee,Chiffon,Not_Applied,Not Applied,V Neck,Regular sleeves,3/4 Sleeve,Brown,39,35
K-8304,Priyal,Curly Tales,Indowestern,Top Bottom Shrug,Unknown, Spaghetti ,Dyed,Lavender,Chiffon,Not Applied,Palazzo,Dyed,Lavender,Chiffon,Not_Applied,Not Applied,V Neck,Regular sleeves,3/4 Sleeve,Purple,39,35
K-8401,Priyal,Curly Tales,Indowestern,Top Bottom Shrug,Unknown, Spaghetti ,Dyed,Rani,Chiffon,Coding + Multi,Palazzo,Dyed,Rani,Chiffon,Not_Applied,Not Applied,V Neck,Not Applied,Sleeve less,Rani,35,28
K-8402,Priyal,Curly Tales,Indowestern,Top Bottom Shrug,Unknown, Spaghetti ,Dyed,Green,Chiffon,Coding + Multi,Palazzo,Dyed,Green,Chiffon,Not_Applied,Not Applied,V Neck,Not Applied,Sleeve less,Green,35,28
K-8403,Priyal,Curly Tales,Indowestern,Top Bottom Shrug,Unknown, Spaghetti ,Dyed,Coffee,Chiffon,Coding + Multi,Palazzo,Dyed,Coffee,Chiffon,Not_Applied,Not Applied,V Neck,Not Applied,Sleeve less,Brown,35,28
K-8501,Priyal,Curly Tales,Casual,Co-Ord Set,Unknown,Kurta,Dyed,Cream,Viscose Blend,Multi,Palazzo,Dyed,Cream,Viscose Blend,Not_Applied,Not Applied,Square Neck,Regular sleeves,3/4 Sleeve,Cream,24,35
K-8502,Priyal,Curly Tales,Casual,Co-Ord Set,Unknown,Kurta,Dyed,Royal Blue,Viscose Blend,Multi,Palazzo,Dyed,Royal Blue,Viscose Blend,Not_Applied,Not Applied,Square Neck,Regular sleeves,3/4 Sleeve,Blue,24,35
K-8503,Priyal,Curly Tales,Casual,Co-Ord Set,Unknown,Kurta,Dyed,Baby Pink,Viscose Blend,Multi,Palazzo,Dyed,Baby Pink,Viscose Blend,Not_Applied,Not Applied,Square Neck,Regular sleeves,3/4 Sleeve,Pink,24,35
K-8601,Priyal,Curly Tales,Ethnic,2PC KP Set,Unknown,Kurta,Dyed,Navy Blue,Silk,Coding + Multi,Palazzo,Dyed,Navy Blue,Silk,Not_Applied,Not Applied,V Neck,Not Applied,Sleeve less,Blue,26,35
K-8602,Priyal,Curly Tales,Ethnic,2PC KP Set,Unknown,Kurta,Dyed,Neon,Silk,Coding + Multi,Palazzo,Dyed,Neon,Silk,Not_Applied,Not Applied,V Neck,Not Applied,Sleeve less,Neon,26,35
K-8603,Priyal,Curly Tales,Ethnic,2PC KP Set,Unknown,Kurta,Dyed,Mint,Silk,Coding + Multi,Palazzo,Dyed,Mint,Silk,Not_Applied,Not Applied,V Neck,Not Applied,Sleeve less,Green,26,35
K-8701,Priyal,Curly Tales,Ethnic,Anarkali KPD Set,Unknown,Anarkali,Dyed,Golden,Silk,Coding + Multi,Pant,Dyed,Golden,Silk,Not_Applied,Not Applied,ROUND NECK,Regular sleeves,Full Sleeve,Golden,44,34
K-8702,Priyal,Curly Tales,Ethnic,Anarkali KPD Set,Unknown,Anarkali,Dyed,Rama,Silk,Coding + Multi,Pant,Dyed,Rama,Silk,Not_Applied,Not Applied,ROUND NECK,Regular sleeves,Full Sleeve,Rama,44,34
K-8703,Priyal,Curly Tales,Ethnic,Anarkali KPD Set,Unknown,Anarkali,Dyed,Orange,Silk,Coding + Multi,Pant,Dyed,Orange,Silk,Not_Applied,Not Applied,ROUND NECK,Regular sleeves,Full Sleeve,Orange,44,34
K-8704,Priyal,Curly Tales,Ethnic,Anarkali KPD Set,Unknown,Anarkali,Dyed,Violet,Silk,Coding + Multi,Pant,Dyed,Violet,Silk,Not_Applied,Not Applied,ROUND NECK,Regular sleeves,Full Sleeve,Purple,44,34
K-8801,Priyal,Curly Tales,Ethnic,Anarkali KPD Set,Unknown,Anarkali,Dyed,Rani,Silk,Coding,Pant,Dyed,Rani,Silk,Not_Applied,Not Applied,ROUND NECK,Not Applied,Sleeve less,Rani,44,35
K-8802,Priyal,Curly Tales,Ethnic,Anarkali KPD Set,Unknown,Anarkali,Dyed,Coffee,Silk,Coding,Pant,Dyed,Coffee,Silk,Not_Applied,Not Applied,ROUND NECK,Not Applied,Sleeve less,Brown,44,35
K-8803,Priyal,Curly Tales,Ethnic,Anarkali KPD Set,Unknown,Anarkali,Dyed,Royal Purple,Silk,Coding,Pant,Dyed,Royal Purple,Silk,Not_Applied,Not Applied,ROUND NECK,Not Applied,Sleeve less,Purple,44,35
K-8901,Priyal,Curly Tales,Indowestern,Top Bottom Shrug,Unknown, Spaghetti ,Dyed,Sky Blue,Chiffon,Not Applied,Palazzo,Dyed,Sky Blue,Chiffon,Not_Applied,Not Applied,Square Neck,Regular sleeves,Full Sleeve,Blue,22,35
K-8902,Priyal,Curly Tales,Indowestern,Top Bottom Shrug,Unknown, Spaghetti ,Dyed,Yellow,Chiffon,Not Applied,Palazzo,Dyed,Yellow,Chiffon,Not_Applied,Not Applied,Square Neck,Regular sleeves,Full Sleeve,Yellow,22,35
K-8903,Priyal,Curly Tales,Indowestern,Top Bottom Shrug,Unknown, Spaghetti ,Dyed,Pink,Chiffon,Not Applied,Palazzo,Dyed,Pink,Chiffon,Not_Applied,Not Applied,Square Neck,Regular sleeves,Full Sleeve,Pink,22,35
K-9001,Priyal,Curly Tales,Ethnic,Short Kurta Palazzo KPD Set,Unknown,Kurta,Dyed,Butter Yellow,Silk,Multi,Palazzo,Dyed,Butter Yellow,Silk,Not_Applied,Not Applied,Square Neck,Not Applied,Sleeve less,Yellow,28,35
K-9002,Priyal,Curly Tales,Ethnic,Short Kurta Palazzo KPD Set,Unknown,Kurta,Dyed,Purple,Silk,Multi,Palazzo,Dyed,Purple,Silk,Not_Applied,Not Applied,Square Neck,Not Applied,Sleeve less,Purple,28,35
K-9003,Priyal,Curly Tales,Ethnic,Short Kurta Palazzo KPD Set,Unknown,Kurta,Dyed,Baby Pink,Silk,Multi,Palazzo,Dyed,Baby Pink,Silk,Not_Applied,Not Applied,Square Neck,Not Applied,Sleeve less,Pink,28,35
K-9004,Priyal,Curly Tales,Ethnic,Short Kurta Palazzo KPD Set,Unknown,Kurta,Dyed,Classic Maroon,Silk,Multi,Palazzo,Dyed,Classic Maroon,Silk,Not_Applied,Not Applied,Square Neck,Not Applied,Sleeve less,Red,28,35
K-9101,Priyal,Curly Tales,Ethnic,Peplum KSD Set,Unknown,Peplum Kurti,Dyed,C-Blue,Silk,Coding + Multi,Sharara,Dyed,C-Blue,Silk,Not_Applied,Not Applied,V Neck,Not Applied,Sleeve less,Blue,25,34
K-9102,Priyal,Curly Tales,Ethnic,Peplum KSD Set,Unknown,Peplum Kurti,Dyed,Mint,Silk,Coding + Multi,Sharara,Dyed,Mint,Silk,Not_Applied,Not Applied,V Neck,Not Applied,Sleeve less,Green,25,34
K-9103,Priyal,Curly Tales,Ethnic,Peplum KSD Set,Unknown,Peplum Kurti,Dyed,Lemon Yellow,Silk,Coding + Multi,Sharara,Dyed,Lemon Yellow,Silk,Unknown,Not Applied,V Neck,Not Applied,Sleeve less,Yellow,25,34
K-9201,Priyal,Curly Tales,Ethnic,Peplum KSD Set,Unknown,Peplum Kurti,Dyed,Coffee,Velvet,Multi,Palazzo,Dyed,Coffee,Velvet,Multi,Not Applied,ROUND NECK,Regular sleeves,3/4 Sleeve,Brown,30,35
K-9202,Priyal,Curly Tales,Ethnic,Peplum KSD Set,Unknown,Peplum Kurti,Dyed,Violet,Velvet,Multi,Palazzo,Dyed,Violet,Velvet,Multi,Not Applied,ROUND NECK,Regular sleeves,3/4 Sleeve,Purple,30,35
K-9203,Priyal,Curly Tales,Ethnic,Peplum KSD Set,Unknown,Peplum Kurti,Dyed,Morpich,Velvet,Multi,Palazzo,Dyed,Morpich,Velvet,Multi,Not Applied,ROUND NECK,Regular sleeves,3/4 Sleeve,Unknown,30,35
K-9301,Priyal,Curly Tales,Ethnic,Short Kurta Palazzo KPD Set,Unknown,Kurta,Dyed,Light Coffee,Georgette,Multi ,Palazzo,Dyed,Light Coffee,Georgette,Multi ,Not Applied,Square Neck,Not Applied,Sleeve less,Brown,29,35
K-9302,Priyal,Curly Tales,Ethnic,Short Kurta Palazzo KPD Set,Unknown,Kurta,Dyed,Orange,Georgette,Multi ,Palazzo,Dyed,Orange,Georgette,Multi ,Not Applied,Square Neck,Not Applied,Sleeve less,Orange,29,35
K-9303,Priyal,Curly Tales,Ethnic,Short Kurta Palazzo KPD Set,Unknown,Kurta,Dyed,Petrol Blue,Georgette,Multi ,Palazzo,Dyed,Petrol Blue,Georgette,Multi ,Not Applied,Square Neck,Not Applied,Sleeve less,Blue,29,35
K-9304,Priyal,Curly Tales,Ethnic,Short Kurta Palazzo KPD Set,Unknown,Kurta,Dyed,Cherry Red,Georgette,Multi ,Palazzo,Dyed,Cherry Red,Georgette,Multi ,Not Applied,Square Neck,Not Applied,Sleeve less,Red,29,35
K-9401,Sameexa,Curly Tales,Ethnic,2PC KP Set,Unknown,Kurta,Dyed,Candy Pink,Silk,Coding + Multi,Palazzo,Dyed,Candy Pink,Silk,Not_Applied,Not Applied,V Neck,Not Applied,Sleeve less,Pink,24,35
K-9402,Sameexa,Curly Tales,Ethnic,2PC KP Set,Unknown,Kurta,Dyed,Purple,Silk,Coding + Multi,Palazzo,Dyed,Purple,Silk,Not_Applied,Not Applied,V Neck,Not Applied,Sleeve less,Purple,24,35
K-9403,Sameexa,Curly Tales,Ethnic,2PC KP Set,Unknown,Kurta,Dyed,Green,Silk,Coding + Multi,Palazzo,Dyed,Green,Silk,Not_Applied,Not Applied,V Neck,Not Applied,Sleeve less,Green,24,35
K-9501,Sameexa,Curly Tales,Ethnic,Short Kurta Palazzo KPD Set,Unknown,Kurta,Dyed,Chocolate Brown,Silk,Coding + Multi,Palazzo,Dyed,Chocolate Brown,Silk,Not_Applied,Not Applied,ROUND NECK,Not Applied,Sleeve less,Brown,25,35
K-9502,Sameexa,Curly Tales,Ethnic,Short Kurta Palazzo KPD Set,Unknown,Kurta,Dyed,Light Golden,Silk,Coding + Multi,Palazzo,Dyed,Light Golden,Silk,Not_Applied,Not Applied,ROUND NECK,Not Applied,Sleeve less,Golden,25,35
K-9503,Sameexa,Curly Tales,Ethnic,Short Kurta Palazzo KPD Set,Unknown,Kurta,Dyed,Pink,Silk,Coding + Multi,Palazzo,Dyed,Pink,Silk,Not_Applied,Not Applied,ROUND NECK,Not Applied,Sleeve less,Pink,25,35
K-9601,Sameexa,Curly Tales,Ethnic,2PC KP Set,Unknown,Kurta,Dyed,Chocolate Brown,Silk,Beads + Multi,Palazzo,Dyed,Chocolate Brown,Silk,Not_Applied,Not Applied,V Neck,Not Applied,Sleeve less,Brown,24,35
K-9602,Sameexa,Curly Tales,Ethnic,2PC KP Set,Unknown,Kurta,Dyed,Purple,Silk,Beads + Multi,Palazzo,Dyed,Purple,Silk,Not_Applied,Not Applied,V Neck,Not Applied,Sleeve less,Purple,24,35
K-9603,Sameexa,Curly Tales,Ethnic,2PC KP Set,Unknown,Kurta,Dyed,Baby Pink,Silk,Beads + Multi,Palazzo,Dyed,Baby Pink,Silk,Not_Applied,Not Applied,V Neck,Not Applied,Sleeve less,Pink,24,35
K-9701,Sameexa,Curly Tales,Ethnic,Peplum KSD Set,Unknown,Peplum Kurti,Dyed,Coffee,Silk,Coding + Multi,Palazzo,Dyed,Coffee,Silk,Not_Applied,Not Applied,V Neck,Regular sleeves,Full Sleeve,Brown,26,35
K-9702,Sameexa,Curly Tales,Ethnic,Peplum KSD Set,Unknown,Peplum Kurti,Dyed,Neon,Silk,Coding + Multi,Palazzo,Dyed,Neon,Silk,Not_Applied,Not Applied,V Neck,Regular sleeves,Full Sleeve,Neon,26,35
K-9703,Sameexa,Curly Tales,Ethnic,Peplum KSD Set,Unknown,Peplum Kurti,Dyed,Royal Blue,Silk,Coding + Multi,Palazzo,Dyed,Royal Blue,Silk,Not_Applied,Not Applied,V Neck,Regular sleeves,Full Sleeve,Blue,26,35
K-9704,Sameexa,Curly Tales,Ethnic,Peplum KSD Set,Unknown,Peplum Kurti,Dyed,Berry,Silk,Coding + Multi,Palazzo,Dyed,Berry,Silk,Not_Applied,Not Applied,V Neck,Regular sleeves,Full Sleeve,Unknown,26,35
K-9801,Sameexa,Curly Tales,Ethnic,Short Kurta Palazzo KPD Set,Unknown,Kurta,Dyed,Chocolate Brown,Silk,Beads + Multi,Palazzo,Dyed,Chocolate Brown,Silk,Not_Applied,Not Applied,ROUND NECK,Not Applied,Sleeve less,Brown,25,35
K-9802,Sameexa,Curly Tales,Ethnic,Short Kurta Palazzo KPD Set,Unknown,Kurta,Dyed,Tropical Blue,Silk,Beads + Multi,Palazzo,Dyed,Tropical Blue,Silk,Not_Applied,Not Applied,ROUND NECK,Not Applied,Sleeve less,Blue,25,35
K-9901,Sameexa,Curly Tales,Ethnic,2PC KP Set,Unknown,Peplum Kurti,Dyed,Dark Pink,Silk,Coding + Multi,Palazzo,Dyed,Dark Pink,Silk,Not_Applied,Not Applied,Sweetheart Neck,Regular sleeves,Full Sleeve,Pink,26,35
K-9902,Sameexa,Curly Tales,Ethnic,2PC KP Set,Unknown,Peplum Kurti,Dyed,Lavender,Silk,Coding + Multi,Palazzo,Dyed,Lavender,Silk,Not_Applied,Not Applied,Sweetheart Neck,Regular sleeves,Full Sleeve,Purple,26,35
