forecast_date,sku,forecast_qty,level
2026-06-08,001-01,1.87,design
2026-06-09,001-01,1.86,design
2026-06-10,001-01,1.49,design
2026-06-11,001-01,1.17,design
2026-06-12,001-01,1.25,design
2026-06-13,001-01,1.29,design
2026-06-14,001-01,1.34,design
2026-06-08,001-02,0.65,design
2026-06-09,001-02,0.63,design
2026-06-10,001-02,0.55,design
2026-06-11,001-02,0.53,design
2026-06-12,001-02,0.53,design
2026-06-13,001-02,0.56,design
2026-06-14,001-02,0.54,design
2026-06-08,001-03,1.36,design
2026-06-09,001-03,1.43,design
2026-06-10,001-03,1.06,design
2026-06-11,001-03,1.02,design
2026-06-12,001-03,1.04,design
2026-06-13,001-03,1.23,design
2026-06-14,001-03,1.17,design
2026-06-08,001-04,1.04,design
2026-06-09,001-04,1.05,design
2026-06-10,001-04,0.88,design
2026-06-11,001-04,0.83,design
2026-06-12,001-04,0.75,design
2026-06-13,001-04,0.8,design
2026-06-14,001-04,0.83,design
2026-06-08,002-01,1.44,design
2026-06-09,002-01,2.3,design
2026-06-10,002-01,1.79,design
2026-06-11,002-01,1.72,design
2026-06-12,002-01,1.96,design
2026-06-13,002-01,1.82,design
2026-06-14,002-01,1.8,design
2026-06-08,002-02,1.41,design
2026-06-09,002-02,1.29,design
2026-06-10,002-02,1.01,design
2026-06-11,002-02,1.01,design
2026-06-12,002-02,1.01,design
2026-06-13,002-02,1.18,design
2026-06-14,002-02,1.03,design
2026-06-08,002-03,1.41,design
2026-06-09,002-03,2.21,design
2026-06-10,002-03,1.88,design
2026-06-11,002-03,1.91,design
2026-06-12,002-03,1.68,design
2026-06-13,002-03,1.74,design
2026-06-14,002-03,1.59,design
2026-06-08,002-04,2.21,design
2026-06-09,002-04,2.66,design
2026-06-10,002-04,2.49,design
2026-06-11,002-04,2.0,design
2026-06-12,002-04,1.89,design
2026-06-13,002-04,1.98,design
2026-06-14,002-04,2.1,design
2026-06-08,002-05,0.09,design
2026-06-09,002-05,0.26,design
2026-06-10,002-05,0.25,design
2026-06-11,002-05,0.25,design
2026-06-12,002-05,0.26,design
2026-06-13,002-05,0.28,design
2026-06-14,002-05,0.32,design
2026-06-08,002-06,0.83,design
2026-06-09,002-06,0.79,design
2026-06-10,002-06,0.57,design
2026-06-11,002-06,0.58,design
2026-06-12,002-06,0.57,design
2026-06-13,002-06,0.56,design
2026-06-14,002-06,0.64,design
2026-06-08,002-07,0.08,design
2026-06-09,002-07,0.24,design
2026-06-10,002-07,0.24,design
2026-06-11,002-07,0.24,design
2026-06-12,002-07,0.26,design
2026-06-13,002-07,0.26,design
2026-06-14,002-07,0.3,design
2026-06-08,003-01,0.13,design
2026-06-09,003-01,0.21,design
2026-06-10,003-01,0.14,design
2026-06-11,003-01,0.12,design
2026-06-12,003-01,0.14,design
2026-06-13,003-01,0.12,design
2026-06-14,003-01,0.14,design
2026-06-08,003-02,0.2,design
2026-06-09,003-02,0.26,design
2026-06-10,003-02,0.29,design
2026-06-11,003-02,0.23,design
2026-06-12,003-02,0.25,design
2026-06-13,003-02,0.27,design
2026-06-14,003-02,0.24,design
2026-06-08,003-03,0.28,design
2026-06-09,003-03,0.38,design
2026-06-10,003-03,0.24,design
2026-06-11,003-03,0.17,design
2026-06-12,003-03,0.24,design
2026-06-13,003-03,0.25,design
2026-06-14,003-03,0.27,design
2026-06-08,003-04,0.41,design
2026-06-09,003-04,0.41,design
2026-06-10,003-04,0.39,design
2026-06-11,003-04,0.33,design
2026-06-12,003-04,0.28,design
2026-06-13,003-04,0.26,design
2026-06-14,003-04,0.23,design
2026-06-08,004-01,0.0,design
2026-06-09,004-01,0.0,design
2026-06-10,004-01,0.0,design
2026-06-11,004-01,0.0,design
2026-06-12,004-01,0.0,design
2026-06-13,004-01,0.0,design
2026-06-14,004-01,0.0,design
2026-06-08,004-02,0.0,design
2026-06-09,004-02,0.0,design
2026-06-10,004-02,0.0,design
2026-06-11,004-02,0.0,design
2026-06-12,004-02,0.0,design
2026-06-13,004-02,0.0,design
2026-06-14,004-02,0.0,design
2026-06-08,004-03,0.0,design
2026-06-09,004-03,0.0,design
2026-06-10,004-03,0.0,design
2026-06-11,004-03,0.0,design
2026-06-12,004-03,0.0,design
2026-06-13,004-03,0.0,design
2026-06-14,004-03,0.0,design
2026-06-08,005-01,3.22,design
2026-06-09,005-01,4.77,design
2026-06-10,005-01,4.59,design
2026-06-11,005-01,3.97,design
2026-06-12,005-01,3.46,design
2026-06-13,005-01,2.66,design
2026-06-14,005-01,3.47,design
2026-06-08,005-02,2.38,design
2026-06-09,005-02,2.99,design
2026-06-10,005-02,2.13,design
2026-06-11,005-02,1.77,design
2026-06-12,005-02,2.37,design
2026-06-13,005-02,2.25,design
2026-06-14,005-02,1.86,design
2026-06-08,005-03,2.46,design
2026-06-09,005-03,3.45,design
2026-06-10,005-03,2.66,design
2026-06-11,005-03,2.54,design
2026-06-12,005-03,3.22,design
2026-06-13,005-03,2.14,design
2026-06-14,005-03,2.19,design
2026-06-08,005-04,2.24,design
2026-06-09,005-04,2.57,design
2026-06-10,005-04,2.6,design
2026-06-11,005-04,2.28,design
2026-06-12,005-04,2.06,design
2026-06-13,005-04,2.01,design
2026-06-14,005-04,2.18,design
2026-06-08,005-05,0.42,design
2026-06-09,005-05,0.5,design
2026-06-10,005-05,0.49,design
2026-06-11,005-05,0.49,design
2026-06-12,005-05,0.44,design
2026-06-13,005-05,0.47,design
2026-06-14,005-05,0.53,design
2026-06-08,005-06,0.7,design
2026-06-09,005-06,0.72,design
2026-06-10,005-06,0.69,design
2026-06-11,005-06,0.6,design
2026-06-12,005-06,0.58,design
2026-06-13,005-06,0.65,design
2026-06-14,005-06,0.73,design
2026-06-08,005-07,0.13,design
2026-06-09,005-07,0.24,design
2026-06-10,005-07,0.22,design
2026-06-11,005-07,0.22,design
2026-06-12,005-07,0.27,design
2026-06-13,005-07,0.27,design
2026-06-14,005-07,0.39,design
2026-06-08,006-01,0.04,design
2026-06-09,006-01,0.14,design
2026-06-10,006-01,0.13,design
2026-06-11,006-01,0.13,design
2026-06-12,006-01,0.14,design
2026-06-13,006-01,0.14,design
2026-06-14,006-01,0.15,design
2026-06-08,006-02,0.16,design
2026-06-09,006-02,0.26,design
2026-06-10,006-02,0.15,design
2026-06-11,006-02,0.15,design
2026-06-12,006-02,0.15,design
2026-06-13,006-02,0.17,design
2026-06-14,006-02,0.18,design
2026-06-08,006-03,0.08,design
2026-06-09,006-03,0.2,design
2026-06-10,006-03,0.19,design
2026-06-11,006-03,0.18,design
2026-06-12,006-03,0.19,design
2026-06-13,006-03,0.17,design
2026-06-14,006-03,0.19,design
2026-06-08,006-04,0.4,design
2026-06-09,006-04,0.48,design
2026-06-10,006-04,0.46,design
2026-06-11,006-04,0.46,design
2026-06-12,006-04,0.42,design
2026-06-13,006-04,0.38,design
2026-06-14,006-04,0.37,design
2026-06-08,007-01,0.0,design
2026-06-09,007-01,0.0,design
2026-06-10,007-01,0.0,design
2026-06-11,007-01,0.0,design
2026-06-12,007-01,0.0,design
2026-06-13,007-01,0.0,design
2026-06-14,007-01,0.0,design
2026-06-08,007-02,0.0,design
2026-06-09,007-02,0.0,design
2026-06-10,007-02,0.0,design
2026-06-11,007-02,0.0,design
2026-06-12,007-02,0.0,design
2026-06-13,007-02,0.0,design
2026-06-14,007-02,0.0,design
2026-06-08,007-03,0.0,design
2026-06-09,007-03,0.0,design
2026-06-10,007-03,0.0,design
2026-06-11,007-03,0.0,design
2026-06-12,007-03,0.0,design
2026-06-13,007-03,0.0,design
2026-06-14,007-03,0.0,design
2026-06-08,008-01,0.86,design
2026-06-09,008-01,2.59,design
2026-06-10,008-01,4.11,design
2026-06-11,008-01,4.02,design
2026-06-12,008-01,4.53,design
2026-06-13,008-01,4.58,design
2026-06-14,008-01,5.1,design
2026-06-08,008-02,2.25,design
2026-06-09,008-02,2.64,design
2026-06-10,008-02,2.37,design
2026-06-11,008-02,2.21,design
2026-06-12,008-02,2.27,design
2026-06-13,008-02,2.31,design
2026-06-14,008-02,2.4,design
2026-06-08,008-03,1.72,design
2026-06-09,008-03,2.65,design
2026-06-10,008-03,2.62,design
2026-06-11,008-03,2.45,design
2026-06-12,008-03,2.25,design
2026-06-13,008-03,2.95,design
2026-06-14,008-03,3.23,design
2026-06-08,008-04,0.55,design
2026-06-09,008-04,0.65,design
2026-06-10,008-04,0.61,design
2026-06-11,008-04,0.63,design
2026-06-12,008-04,0.62,design
2026-06-13,008-04,0.61,design
2026-06-14,008-04,0.58,design
2026-06-08,009-01,1.26,design
2026-06-09,009-01,1.14,design
2026-06-10,009-01,1.05,design
2026-06-11,009-01,1.06,design
2026-06-12,009-01,1.11,design
2026-06-13,009-01,1.04,design
2026-06-14,009-01,1.21,design
2026-06-08,009-02,1.9,design
2026-06-09,009-02,2.24,design
2026-06-10,009-02,1.66,design
2026-06-11,009-02,1.75,design
2026-06-12,009-02,1.88,design
2026-06-13,009-02,1.89,design
2026-06-14,009-02,2.13,design
2026-06-08,009-03,0.0,design
2026-06-09,009-03,0.0,design
2026-06-10,009-03,6.31,design
2026-06-11,009-03,6.33,design
2026-06-12,009-03,6.02,design
2026-06-13,009-03,7.39,design
2026-06-14,009-03,7.06,design
2026-06-08,009-04,1.78,design
2026-06-09,009-04,1.81,design
2026-06-10,009-04,1.48,design
2026-06-11,009-04,1.18,design
2026-06-12,009-04,1.24,design
2026-06-13,009-04,1.22,design
2026-06-14,009-04,1.38,design
2026-06-08,010-01,1.87,design
2026-06-09,010-01,1.74,design
2026-06-10,010-01,1.38,design
2026-06-11,010-01,1.06,design
2026-06-12,010-01,1.09,design
2026-06-13,010-01,1.12,design
2026-06-14,010-01,1.18,design
2026-06-08,010-02,2.17,design
2026-06-09,010-02,1.88,design
2026-06-10,010-02,1.53,design
2026-06-11,010-02,1.42,design
2026-06-12,010-02,1.26,design
2026-06-13,010-02,1.32,design
2026-06-14,010-02,1.53,design
2026-06-08,010-03,0.77,design
2026-06-09,010-03,0.82,design
2026-06-10,010-03,0.78,design
2026-06-11,010-03,0.75,design
2026-06-12,010-03,0.71,design
2026-06-13,010-03,0.67,design
2026-06-14,010-03,0.75,design
2026-06-08,010-04,0.05,design
2026-06-09,010-04,2.65,design
2026-06-10,010-04,3.38,design
2026-06-11,010-04,3.06,design
2026-06-12,010-04,2.98,design
2026-06-13,010-04,2.93,design
2026-06-14,010-04,3.38,design
2026-06-08,011-01,0.0,design
2026-06-09,011-01,0.07,design
2026-06-10,011-01,0.06,design
2026-06-11,011-01,0.06,design
2026-06-12,011-01,0.07,design
2026-06-13,011-01,0.08,design
2026-06-14,011-01,0.1,design
2026-06-08,011-02,0.0,design
2026-06-09,011-02,0.08,design
2026-06-10,011-02,0.07,design
2026-06-11,011-02,0.07,design
2026-06-12,011-02,0.08,design
2026-06-13,011-02,0.09,design
2026-06-14,011-02,0.11,design
2026-06-08,011-03,0.14,design
2026-06-09,011-03,0.21,design
2026-06-10,011-03,0.15,design
2026-06-11,011-03,0.17,design
2026-06-12,011-03,0.16,design
2026-06-13,011-03,0.18,design
2026-06-14,011-03,0.18,design
2026-06-08,011-04,0.3,design
2026-06-09,011-04,0.33,design
2026-06-10,011-04,0.28,design
2026-06-11,011-04,0.25,design
2026-06-12,011-04,0.26,design
2026-06-13,011-04,0.27,design
2026-06-14,011-04,0.23,design
2026-06-08,012-01,0.02,design
2026-06-09,012-01,0.1,design
2026-06-10,012-01,0.08,design
2026-06-11,012-01,0.08,design
2026-06-12,012-01,0.1,design
2026-06-13,012-01,0.11,design
2026-06-14,012-01,0.13,design
2026-06-08,012-02,0.41,design
2026-06-09,012-02,0.4,design
2026-06-10,012-02,0.33,design
2026-06-11,012-02,0.29,design
2026-06-12,012-02,0.3,design
2026-06-13,012-02,0.32,design
2026-06-14,012-02,0.34,design
2026-06-08,012-03,0.17,design
2026-06-09,012-03,0.22,design
2026-06-10,012-03,0.12,design
2026-06-11,012-03,0.13,design
2026-06-12,012-03,0.14,design
2026-06-13,012-03,0.16,design
2026-06-14,012-03,0.15,design
2026-06-08,012-04,0.04,design
2026-06-09,012-04,0.11,design
2026-06-10,012-04,0.11,design
2026-06-11,012-04,0.09,design
2026-06-12,012-04,0.1,design
2026-06-13,012-04,0.11,design
2026-06-14,012-04,0.13,design
2026-06-08,013-01,0.0,design
2026-06-09,013-01,0.0,design
2026-06-10,013-01,0.0,design
2026-06-11,013-01,0.0,design
2026-06-12,013-01,0.0,design
2026-06-13,013-01,0.0,design
2026-06-14,013-01,0.0,design
2026-06-08,013-02,0.0,design
2026-06-09,013-02,0.0,design
2026-06-10,013-02,0.0,design
2026-06-11,013-02,0.0,design
2026-06-12,013-02,0.0,design
2026-06-13,013-02,0.0,design
2026-06-14,013-02,0.0,design
2026-06-08,013-03,0.0,design
2026-06-09,013-03,0.0,design
2026-06-10,013-03,0.0,design
2026-06-11,013-03,0.0,design
2026-06-12,013-03,0.0,design
2026-06-13,013-03,0.0,design
2026-06-14,013-03,0.0,design
2026-06-08,014-01,0.71,design
2026-06-09,014-01,0.76,design
2026-06-10,014-01,0.66,design
2026-06-11,014-01,0.71,design
2026-06-12,014-01,0.69,design
2026-06-13,014-01,0.61,design
2026-06-14,014-01,0.7,design
2026-06-08,014-02,0.72,design
2026-06-09,014-02,0.75,design
2026-06-10,014-02,0.64,design
2026-06-11,014-02,0.61,design
2026-06-12,014-02,0.58,design
2026-06-13,014-02,0.59,design
2026-06-14,014-02,0.64,design
2026-06-08,014-03,1.83,design
2026-06-09,014-03,2.05,design
2026-06-10,014-03,1.57,design
2026-06-11,014-03,1.42,design
2026-06-12,014-03,1.21,design
2026-06-13,014-03,1.36,design
2026-06-14,014-03,1.65,design
2026-06-08,014-04,1.76,design
2026-06-09,014-04,2.1,design
2026-06-10,014-04,1.4,design
2026-06-11,014-04,1.19,design
2026-06-12,014-04,1.21,design
2026-06-13,014-04,1.17,design
2026-06-14,014-04,1.17,design
2026-06-08,015-01,0.61,design
2026-06-09,015-01,0.38,design
2026-06-10,015-01,0.36,design
2026-06-11,015-01,0.27,design
2026-06-12,015-01,0.22,design
2026-06-13,015-01,0.25,design
2026-06-14,015-01,0.27,design
2026-06-08,015-02,0.78,design
2026-06-09,015-02,0.46,design
2026-06-10,015-02,0.49,design
2026-06-11,015-02,0.43,design
2026-06-12,015-02,0.45,design
2026-06-13,015-02,0.36,design
2026-06-14,015-02,0.37,design
2026-06-08,015-03,0.0,design
2026-06-09,015-03,0.0,design
2026-06-10,015-03,0.0,design
2026-06-11,015-03,0.0,design
2026-06-12,015-03,0.0,design
2026-06-13,015-03,0.0,design
2026-06-14,015-03,0.0,design
2026-06-08,016-01,0.53,design
2026-06-09,016-01,0.49,design
2026-06-10,016-01,0.3,design
2026-06-11,016-01,0.3,design
2026-06-12,016-01,0.32,design
2026-06-13,016-01,0.31,design
2026-06-14,016-01,0.33,design
2026-06-08,016-02,0.65,design
2026-06-09,016-02,0.72,design
2026-06-10,016-02,0.41,design
2026-06-11,016-02,0.32,design
2026-06-12,016-02,0.3,design
2026-06-13,016-02,0.28,design
2026-06-14,016-02,0.26,design
2026-06-08,016-03,0.0,design
2026-06-09,016-03,0.0,design
2026-06-10,016-03,0.0,design
2026-06-11,016-03,0.0,design
2026-06-12,016-03,0.0,design
2026-06-13,016-03,0.0,design
2026-06-14,016-03,0.0,design
2026-06-08,016-04,0.72,design
2026-06-09,016-04,0.7,design
2026-06-10,016-04,0.62,design
2026-06-11,016-04,0.55,design
2026-06-12,016-04,0.42,design
2026-06-13,016-04,0.37,design
2026-06-14,016-04,0.38,design
2026-06-08,017-01,0.0,design
2026-06-09,017-01,0.0,design
2026-06-10,017-01,0.0,design
2026-06-11,017-01,0.0,design
2026-06-12,017-01,0.0,design
2026-06-13,017-01,0.0,design
2026-06-14,017-01,0.0,design
2026-06-08,017-02,0.0,design
2026-06-09,017-02,0.0,design
2026-06-10,017-02,0.0,design
2026-06-11,017-02,0.0,design
2026-06-12,017-02,0.0,design
2026-06-13,017-02,0.0,design
2026-06-14,017-02,0.0,design
2026-06-08,017-03,0.0,design
2026-06-09,017-03,0.0,design
2026-06-10,017-03,0.0,design
2026-06-11,017-03,0.0,design
2026-06-12,017-03,0.0,design
2026-06-13,017-03,0.0,design
2026-06-14,017-03,0.0,design
2026-06-08,017-04,0.0,design
2026-06-09,017-04,0.0,design
2026-06-10,017-04,0.0,design
2026-06-11,017-04,0.0,design
2026-06-12,017-04,0.0,design
2026-06-13,017-04,0.0,design
2026-06-14,017-04,0.0,design
2026-06-08,018-01,0.06,design
2026-06-09,018-01,0.14,design
2026-06-10,018-01,0.12,design
2026-06-11,018-01,0.07,design
2026-06-12,018-01,0.05,design
2026-06-13,018-01,0.03,design
2026-06-14,018-01,0.04,design
2026-06-08,018-02,0.0,design
2026-06-09,018-02,0.0,design
2026-06-10,018-02,0.0,design
2026-06-11,018-02,0.0,design
2026-06-12,018-02,0.0,design
2026-06-13,018-02,0.0,design
2026-06-14,018-02,0.0,design
2026-06-08,018-03,0.02,design
2026-06-09,018-03,0.03,design
2026-06-10,018-03,0.02,design
2026-06-11,018-03,0.01,design
2026-06-12,018-03,0.02,design
2026-06-13,018-03,0.02,design
2026-06-14,018-03,0.03,design
2026-06-08,018-04,0.02,design
2026-06-09,018-04,0.05,design
2026-06-10,018-04,0.01,design
2026-06-11,018-04,0.03,design
2026-06-12,018-04,0.03,design
2026-06-13,018-04,0.03,design
2026-06-14,018-04,0.04,design
2026-06-08,019-01,0.02,design
2026-06-09,019-01,0.11,design
2026-06-10,019-01,0.1,design
2026-06-11,019-01,0.1,design
2026-06-12,019-01,0.11,design
2026-06-13,019-01,0.14,design
2026-06-14,019-01,0.15,design
2026-06-08,019-02,0.03,design
2026-06-09,019-02,0.13,design
2026-06-10,019-02,0.12,design
2026-06-11,019-02,0.12,design
2026-06-12,019-02,0.13,design
2026-06-13,019-02,0.16,design
2026-06-14,019-02,0.16,design
2026-06-08,019-03,0.03,design
2026-06-09,019-03,0.12,design
2026-06-10,019-03,0.14,design
2026-06-11,019-03,0.12,design
2026-06-12,019-03,0.12,design
2026-06-13,019-03,0.15,design
2026-06-14,019-03,0.15,design
2026-06-08,019-04,0.05,design
2026-06-09,019-04,0.13,design
2026-06-10,019-04,0.12,design
2026-06-11,019-04,0.12,design
2026-06-12,019-04,0.13,design
2026-06-13,019-04,0.16,design
2026-06-14,019-04,0.17,design
2026-06-08,020-01,0.29,design
2026-06-09,020-01,0.29,design
2026-06-10,020-01,0.28,design
2026-06-11,020-01,0.28,design
2026-06-12,020-01,0.3,design
2026-06-13,020-01,0.18,design
2026-06-14,020-01,0.19,design
2026-06-08,020-02,0.07,design
2026-06-09,020-02,0.1,design
2026-06-10,020-02,0.07,design
2026-06-11,020-02,0.06,design
2026-06-12,020-02,0.05,design
2026-06-13,020-02,0.07,design
2026-06-14,020-02,0.08,design
2026-06-08,020-03,0.21,design
2026-06-09,020-03,0.23,design
2026-06-10,020-03,0.18,design
2026-06-11,020-03,0.17,design
2026-06-12,020-03,0.11,design
2026-06-13,020-03,0.12,design
2026-06-14,020-03,0.15,design
2026-06-08,020-04,0.04,design
2026-06-09,020-04,0.08,design
2026-06-10,020-04,0.08,design
2026-06-11,020-04,0.06,design
2026-06-12,020-04,0.06,design
2026-06-13,020-04,0.07,design
2026-06-14,020-04,0.1,design
2026-06-08,021-01,0.06,design
2026-06-09,021-01,0.11,design
2026-06-10,021-01,0.08,design
2026-06-11,021-01,0.07,design
2026-06-12,021-01,0.08,design
2026-06-13,021-01,0.1,design
2026-06-14,021-01,0.11,design
2026-06-08,021-02,0.19,design
2026-06-09,021-02,0.19,design
2026-06-10,021-02,0.18,design
2026-06-11,021-02,0.18,design
2026-06-12,021-02,0.18,design
2026-06-13,021-02,0.23,design
2026-06-14,021-02,0.14,design
2026-06-08,021-03,0.17,design
2026-06-09,021-03,0.24,design
2026-06-10,021-03,0.16,design
2026-06-11,021-03,0.13,design
2026-06-12,021-03,0.13,design
2026-06-13,021-03,0.15,design
2026-06-14,021-03,0.15,design
2026-06-08,021-04,0.53,design
2026-06-09,021-04,0.44,design
2026-06-10,021-04,0.44,design
2026-06-11,021-04,0.37,design
2026-06-12,021-04,0.32,design
2026-06-13,021-04,0.33,design
2026-06-14,021-04,0.26,design
2026-06-08,022-01,0.03,design
2026-06-09,022-01,0.13,design
2026-06-10,022-01,0.13,design
2026-06-11,022-01,0.13,design
2026-06-12,022-01,0.13,design
2026-06-13,022-01,0.16,design
2026-06-14,022-01,0.16,design
2026-06-08,022-02,0.03,design
2026-06-09,022-02,0.15,design
2026-06-10,022-02,0.15,design
2026-06-11,022-02,0.14,design
2026-06-12,022-02,0.15,design
2026-06-13,022-02,0.18,design
2026-06-14,022-02,0.18,design
2026-06-08,022-03,0.12,design
2026-06-09,022-03,0.19,design
2026-06-10,022-03,0.18,design
2026-06-11,022-03,0.18,design
2026-06-12,022-03,0.17,design
2026-06-13,022-03,0.15,design
2026-06-14,022-03,0.15,design
2026-06-08,023-01,0.0,design
2026-06-09,023-01,0.0,design
2026-06-10,023-01,0.0,design
2026-06-11,023-01,0.0,design
2026-06-12,023-01,0.0,design
2026-06-13,023-01,0.0,design
2026-06-14,023-01,0.0,design
2026-06-08,023-02,0.0,design
2026-06-09,023-02,0.0,design
2026-06-10,023-02,0.0,design
2026-06-11,023-02,0.0,design
2026-06-12,023-02,0.0,design
2026-06-13,023-02,0.0,design
2026-06-14,023-02,0.0,design
2026-06-08,023-03,0.02,design
2026-06-09,023-03,0.0,design
2026-06-10,023-03,0.0,design
2026-06-11,023-03,0.0,design
2026-06-12,023-03,0.0,design
2026-06-13,023-03,0.0,design
2026-06-14,023-03,0.0,design
2026-06-08,023-04,0.0,design
2026-06-09,023-04,0.0,design
2026-06-10,023-04,0.0,design
2026-06-11,023-04,0.0,design
2026-06-12,023-04,0.0,design
2026-06-13,023-04,0.0,design
2026-06-14,023-04,0.0,design
2026-06-08,024-01,0.04,design
2026-06-09,024-01,0.12,design
2026-06-10,024-01,0.1,design
2026-06-11,024-01,0.03,design
2026-06-12,024-01,0.04,design
2026-06-13,024-01,0.06,design
2026-06-14,024-01,0.07,design
2026-06-08,024-02,0.0,design
2026-06-09,024-02,0.0,design
2026-06-10,024-02,0.0,design
2026-06-11,024-02,0.0,design
2026-06-12,024-02,0.0,design
2026-06-13,024-02,0.0,design
2026-06-14,024-02,0.0,design
2026-06-08,024-03,0.03,design
2026-06-09,024-03,0.12,design
2026-06-10,024-03,0.11,design
2026-06-11,024-03,0.11,design
2026-06-12,024-03,0.12,design
2026-06-13,024-03,0.09,design
2026-06-14,024-03,0.1,design
2026-06-08,024-04,0.11,design
2026-06-09,024-04,0.2,design
2026-06-10,024-04,0.06,design
2026-06-11,024-04,0.04,design
2026-06-12,024-04,0.05,design
2026-06-13,024-04,0.05,design
2026-06-14,024-04,0.05,design
2026-06-08,025-01,1.32,design
2026-06-09,025-01,1.16,design
2026-06-10,025-01,1.06,design
2026-06-11,025-01,1.06,design
2026-06-12,025-01,1.02,design
2026-06-13,025-01,0.95,design
2026-06-14,025-01,1.12,design
2026-06-08,025-02,0.66,design
2026-06-09,025-02,0.81,design
2026-06-10,025-02,0.77,design
2026-06-11,025-02,0.72,design
2026-06-12,025-02,0.72,design
2026-06-13,025-02,0.69,design
2026-06-14,025-02,0.71,design
2026-06-08,025-03,1.08,design
2026-06-09,025-03,1.16,design
2026-06-10,025-03,0.97,design
2026-06-11,025-03,1.05,design
2026-06-12,025-03,0.97,design
2026-06-13,025-03,0.97,design
2026-06-14,025-03,1.07,design
2026-06-08,025-04,0.95,design
2026-06-09,025-04,1.09,design
2026-06-10,025-04,1.04,design
2026-06-11,025-04,0.92,design
2026-06-12,025-04,0.92,design
2026-06-13,025-04,0.99,design
2026-06-14,025-04,1.01,design
2026-06-08,026-01,0.0,design
2026-06-09,026-01,0.08,design
2026-06-10,026-01,0.07,design
2026-06-11,026-01,0.07,design
2026-06-12,026-01,0.08,design
2026-06-13,026-01,0.08,design
2026-06-14,026-01,0.1,design
2026-06-08,026-02,0.06,design
2026-06-09,026-02,0.11,design
2026-06-10,026-02,0.09,design
2026-06-11,026-02,0.09,design
2026-06-12,026-02,0.09,design
2026-06-13,026-02,0.1,design
2026-06-14,026-02,0.11,design
2026-06-08,026-03,0.19,design
2026-06-09,026-03,0.24,design
2026-06-10,026-03,0.21,design
2026-06-11,026-03,0.22,design
2026-06-12,026-03,0.15,design
2026-06-13,026-03,0.16,design
2026-06-14,026-03,0.16,design
2026-06-08,026-04,0.0,design
2026-06-09,026-04,0.0,design
2026-06-10,026-04,0.0,design
2026-06-11,026-04,0.0,design
2026-06-12,026-04,0.0,design
2026-06-13,026-04,0.0,design
2026-06-14,026-04,0.0,design
2026-06-08,027-01,0.39,design
2026-06-09,027-01,0.45,design
2026-06-10,027-01,0.44,design
2026-06-11,027-01,0.42,design
2026-06-12,027-01,0.35,design
2026-06-13,027-01,0.36,design
2026-06-14,027-01,0.41,design
2026-06-08,027-02,0.24,design
2026-06-09,027-02,0.34,design
2026-06-10,027-02,0.22,design
2026-06-11,027-02,0.11,design
2026-06-12,027-02,0.1,design
2026-06-13,027-02,0.11,design
2026-06-14,027-02,0.18,design
2026-06-08,027-03,1.06,design
2026-06-09,027-03,0.97,design
2026-06-10,027-03,0.72,design
2026-06-11,027-03,0.61,design
2026-06-12,027-03,0.62,design
2026-06-13,027-03,0.6,design
2026-06-14,027-03,0.67,design
2026-06-08,028-01,0.0,design
2026-06-09,028-01,0.0,design
2026-06-10,028-01,0.0,design
2026-06-11,028-01,0.0,design
2026-06-12,028-01,0.0,design
2026-06-13,028-01,0.0,design
2026-06-14,028-01,0.0,design
2026-06-08,028-02,0.0,design
2026-06-09,028-02,0.0,design
2026-06-10,028-02,0.0,design
2026-06-11,028-02,0.0,design
2026-06-12,028-02,0.0,design
2026-06-13,028-02,0.0,design
2026-06-14,028-02,0.0,design
2026-06-08,028-03,0.0,design
2026-06-09,028-03,0.0,design
2026-06-10,028-03,0.0,design
2026-06-11,028-03,0.0,design
2026-06-12,028-03,0.0,design
2026-06-13,028-03,0.0,design
2026-06-14,028-03,0.0,design
2026-06-08,029-01,0.04,design
2026-06-09,029-01,0.12,design
2026-06-10,029-01,0.11,design
2026-06-11,029-01,0.1,design
2026-06-12,029-01,0.11,design
2026-06-13,029-01,0.12,design
2026-06-14,029-01,0.14,design
2026-06-08,029-02,0.02,design
2026-06-09,029-02,0.09,design
2026-06-10,029-02,0.08,design
2026-06-11,029-02,0.09,design
2026-06-12,029-02,0.09,design
2026-06-13,029-02,0.09,design
2026-06-14,029-02,0.11,design
2026-06-08,031-01,0.36,design
2026-06-09,031-01,0.42,design
2026-06-10,031-01,0.41,design
2026-06-11,031-01,0.36,design
2026-06-12,031-01,0.31,design
2026-06-13,031-01,0.26,design
2026-06-14,031-01,0.29,design
2026-06-08,031-02,0.28,design
2026-06-09,031-02,0.39,design
2026-06-10,031-02,0.29,design
2026-06-11,031-02,0.33,design
2026-06-12,031-02,0.3,design
2026-06-13,031-02,0.32,design
2026-06-14,031-02,0.27,design
2026-06-08,032-01,0.2,design
2026-06-09,032-01,0.19,design
2026-06-10,032-01,0.16,design
2026-06-11,032-01,0.06,design
2026-06-12,032-01,0.12,design
2026-06-13,032-01,0.08,design
2026-06-14,032-01,0.11,design
2026-06-08,032-02,0.0,design
2026-06-09,032-02,0.0,design
2026-06-10,032-02,0.0,design
2026-06-11,032-02,0.0,design
2026-06-12,032-02,0.0,design
2026-06-13,032-02,0.0,design
2026-06-14,032-02,0.0,design
2026-06-08,032-03,0.06,design
2026-06-09,032-03,0.14,design
2026-06-10,032-03,0.06,design
2026-06-11,032-03,0.06,design
2026-06-12,032-03,0.05,design
2026-06-13,032-03,0.06,design
2026-06-14,032-03,0.09,design
2026-06-08,032-04,0.07,design
2026-06-09,032-04,0.07,design
2026-06-10,032-04,0.04,design
2026-06-11,032-04,0.05,design
2026-06-12,032-04,0.04,design
2026-06-13,032-04,0.05,design
2026-06-14,032-04,0.06,design
2026-06-08,033-01,0.6,design
2026-06-09,033-01,0.74,design
2026-06-10,033-01,0.67,design
2026-06-11,033-01,0.68,design
2026-06-12,033-01,0.7,design
2026-06-13,033-01,0.63,design
2026-06-14,033-01,0.71,design
2026-06-08,033-02,0.19,design
2026-06-09,033-02,0.45,design
2026-06-10,033-02,0.41,design
2026-06-11,033-02,0.41,design
2026-06-12,033-02,0.41,design
2026-06-13,033-02,0.4,design
2026-06-14,033-02,0.47,design
2026-06-08,033-03,0.32,design
2026-06-09,033-03,0.52,design
2026-06-10,033-03,0.51,design
2026-06-11,033-03,0.52,design
2026-06-12,033-03,0.54,design
2026-06-13,033-03,0.57,design
2026-06-14,033-03,0.6,design
2026-06-08,033-04,0.59,design
2026-06-09,033-04,0.81,design
2026-06-10,033-04,0.63,design
2026-06-11,033-04,0.63,design
2026-06-12,033-04,0.65,design
2026-06-13,033-04,0.61,design
2026-06-14,033-04,0.7,design
2026-06-08,034-01,0.03,design
2026-06-09,034-01,0.1,design
2026-06-10,034-01,0.1,design
2026-06-11,034-01,0.09,design
2026-06-12,034-01,0.09,design
2026-06-13,034-01,0.1,design
2026-06-14,034-01,0.13,design
2026-06-08,034-02,0.03,design
2026-06-09,034-02,0.11,design
2026-06-10,034-02,0.08,design
2026-06-11,034-02,0.08,design
2026-06-12,034-02,0.09,design
2026-06-13,034-02,0.1,design
2026-06-14,034-02,0.13,design
2026-06-08,035-01,0.09,design
2026-06-09,035-01,0.09,design
2026-06-10,035-01,0.08,design
2026-06-11,035-01,0.08,design
2026-06-12,035-01,0.09,design
2026-06-13,035-01,0.1,design
2026-06-14,035-01,0.12,design
2026-06-08,035-02,0.01,design
2026-06-09,035-02,0.09,design
2026-06-10,035-02,0.08,design
2026-06-11,035-02,0.08,design
2026-06-12,035-02,0.09,design
2026-06-13,035-02,0.11,design
2026-06-14,035-02,0.13,design
2026-06-08,036-01,0.03,design
2026-06-09,036-01,0.05,design
2026-06-10,036-01,0.08,design
2026-06-11,036-01,0.05,design
2026-06-12,036-01,0.02,design
2026-06-13,036-01,0.03,design
2026-06-14,036-01,0.05,design
2026-06-08,036-02,0.22,design
2026-06-09,036-02,0.23,design
2026-06-10,036-02,0.16,design
2026-06-11,036-02,0.16,design
2026-06-12,036-02,0.16,design
2026-06-13,036-02,0.11,design
2026-06-14,036-02,0.11,design
2026-06-08,036-03,0.05,design
2026-06-09,036-03,0.11,design
2026-06-10,036-03,0.04,design
2026-06-11,036-03,0.04,design
2026-06-12,036-03,0.0,design
2026-06-13,036-03,0.0,design
2026-06-14,036-03,0.0,design
2026-06-08,036-04,0.23,design
2026-06-09,036-04,0.26,design
2026-06-10,036-04,0.22,design
2026-06-11,036-04,0.19,design
2026-06-12,036-04,0.12,design
2026-06-13,036-04,0.1,design
2026-06-14,036-04,0.16,design
2026-06-08,037-01,0.0,design
2026-06-09,037-01,0.0,design
2026-06-10,037-01,0.0,design
2026-06-11,037-01,0.0,design
2026-06-12,037-01,0.0,design
2026-06-13,037-01,0.0,design
2026-06-14,037-01,0.0,design
2026-06-08,037-02,0.01,design
2026-06-09,037-02,0.0,design
2026-06-10,037-02,0.0,design
2026-06-11,037-02,0.0,design
2026-06-12,037-02,0.0,design
2026-06-13,037-02,0.0,design
2026-06-14,037-02,0.0,design
2026-06-08,037-03,0.1,design
2026-06-09,037-03,0.05,design
2026-06-10,037-03,0.02,design
2026-06-11,037-03,0.02,design
2026-06-12,037-03,0.06,design
2026-06-13,037-03,0.03,design
2026-06-14,037-03,0.04,design
2026-06-08,037-04,0.0,design
2026-06-09,037-04,0.0,design
2026-06-10,037-04,0.0,design
2026-06-11,037-04,0.0,design
2026-06-12,037-04,0.0,design
2026-06-13,037-04,0.0,design
2026-06-14,037-04,0.0,design
2026-06-08,038-01,0.22,design
2026-06-09,038-01,0.28,design
2026-06-10,038-01,0.27,design
2026-06-11,038-01,0.32,design
2026-06-12,038-01,0.33,design
2026-06-13,038-01,0.28,design
2026-06-14,038-01,0.29,design
2026-06-08,038-02,0.36,design
2026-06-09,038-02,0.52,design
2026-06-10,038-02,0.42,design
2026-06-11,038-02,0.39,design
2026-06-12,038-02,0.44,design
2026-06-13,038-02,0.36,design
2026-06-14,038-02,0.35,design
2026-06-08,038-03,0.14,design
2026-06-09,038-03,0.28,design
2026-06-10,038-03,0.27,design
2026-06-11,038-03,0.26,design
2026-06-12,038-03,0.26,design
2026-06-13,038-03,0.23,design
2026-06-14,038-03,0.26,design
2026-06-08,038-04,0.39,design
2026-06-09,038-04,0.33,design
2026-06-10,038-04,0.27,design
2026-06-11,038-04,0.28,design
2026-06-12,038-04,0.32,design
2026-06-13,038-04,0.33,design
2026-06-14,038-04,0.29,design
2026-06-08,040-01,0.04,design
2026-06-09,040-01,0.11,design
2026-06-10,040-01,0.1,design
2026-06-11,040-01,0.1,design
2026-06-12,040-01,0.11,design
2026-06-13,040-01,0.13,design
2026-06-14,040-01,0.15,design
2026-06-08,040-02,0.0,design
2026-06-09,040-02,0.0,design
2026-06-10,040-02,0.0,design
2026-06-11,040-02,0.0,design
2026-06-12,040-02,0.0,design
2026-06-13,040-02,0.0,design
2026-06-14,040-02,0.0,design
2026-06-08,040-03,0.0,design
2026-06-09,040-03,0.0,design
2026-06-10,040-03,0.0,design
2026-06-11,040-03,0.0,design
2026-06-12,040-03,0.0,design
2026-06-13,040-03,0.0,design
2026-06-14,040-03,0.0,design
2026-06-08,040-04,0.0,design
2026-06-09,040-04,0.0,design
2026-06-10,040-04,0.0,design
2026-06-11,040-04,0.0,design
2026-06-12,040-04,0.0,design
2026-06-13,040-04,0.0,design
2026-06-14,040-04,0.0,design
2026-06-08,041-01,0.45,design
2026-06-09,041-01,0.53,design
2026-06-10,041-01,0.45,design
2026-06-11,041-01,0.26,design
2026-06-12,041-01,0.22,design
2026-06-13,041-01,0.27,design
2026-06-14,041-01,0.24,design
2026-06-08,041-02,0.2,design
2026-06-09,041-02,0.12,design
2026-06-10,041-02,0.13,design
2026-06-11,041-02,0.13,design
2026-06-12,041-02,0.11,design
2026-06-13,041-02,0.2,design
2026-06-14,041-02,0.16,design
2026-06-08,041-03,0.7,design
2026-06-09,041-03,0.68,design
2026-06-10,041-03,0.55,design
2026-06-11,041-03,0.49,design
2026-06-12,041-03,0.45,design
2026-06-13,041-03,0.43,design
2026-06-14,041-03,0.44,design
2026-06-08,041-04,0.37,design
2026-06-09,041-04,0.38,design
2026-06-10,041-04,0.32,design
2026-06-11,041-04,0.31,design
2026-06-12,041-04,0.3,design
2026-06-13,041-04,0.32,design
2026-06-14,041-04,0.29,design
2026-06-08,043-01,0.08,design
2026-06-09,043-01,0.16,design
2026-06-10,043-01,0.07,design
2026-06-11,043-01,0.07,design
2026-06-12,043-01,0.08,design
2026-06-13,043-01,0.1,design
2026-06-14,043-01,0.12,design
2026-06-08,043-02,0.11,design
2026-06-09,043-02,0.21,design
2026-06-10,043-02,0.21,design
2026-06-11,043-02,0.21,design
2026-06-12,043-02,0.21,design
2026-06-13,043-02,0.23,design
2026-06-14,043-02,0.25,design
2026-06-08,043-03,0.01,design
2026-06-09,043-03,0.09,design
2026-06-10,043-03,0.08,design
2026-06-11,043-03,0.08,design
2026-06-12,043-03,0.09,design
2026-06-13,043-03,0.1,design
2026-06-14,043-03,0.12,design
2026-06-08,043-04,0.08,design
2026-06-09,043-04,0.09,design
2026-06-10,043-04,0.07,design
2026-06-11,043-04,0.08,design
2026-06-12,043-04,0.1,design
2026-06-13,043-04,0.09,design
2026-06-14,043-04,0.11,design
2026-06-08,047-01,0.02,design
2026-06-09,047-01,0.09,design
2026-06-10,047-01,0.08,design
2026-06-11,047-01,0.08,design
2026-06-12,047-01,0.09,design
2026-06-13,047-01,0.1,design
2026-06-14,047-01,0.12,design
2026-06-08,047-02,0.03,design
2026-06-09,047-02,0.09,design
2026-06-10,047-02,0.08,design
2026-06-11,047-02,0.08,design
2026-06-12,047-02,0.09,design
2026-06-13,047-02,0.1,design
2026-06-14,047-02,0.12,design
2026-06-08,047-03,0.03,design
2026-06-09,047-03,0.1,design
2026-06-10,047-03,0.08,design
2026-06-11,047-03,0.08,design
2026-06-12,047-03,0.1,design
2026-06-13,047-03,0.11,design
2026-06-14,047-03,0.13,design
2026-06-08,051-02,0.03,design
2026-06-09,051-02,0.09,design
2026-06-10,051-02,0.08,design
2026-06-11,051-02,0.08,design
2026-06-12,051-02,0.08,design
2026-06-13,051-02,0.1,design
2026-06-14,051-02,0.12,design
2026-06-08,051-03,0.19,design
2026-06-09,051-03,0.12,design
2026-06-10,051-03,0.11,design
2026-06-11,051-03,0.11,design
2026-06-12,051-03,0.12,design
2026-06-13,051-03,0.14,design
2026-06-14,051-03,0.17,design
2026-06-08,051-04,0.04,design
2026-06-09,051-04,0.08,design
2026-06-10,051-04,0.08,design
2026-06-11,051-04,0.08,design
2026-06-12,051-04,0.08,design
2026-06-13,051-04,0.09,design
2026-06-14,051-04,0.11,design
2026-06-08,052-01,0.48,design
2026-06-09,052-01,0.47,design
2026-06-10,052-01,0.4,design
2026-06-11,052-01,0.34,design
2026-06-12,052-01,0.34,design
2026-06-13,052-01,0.36,design
2026-06-14,052-01,0.36,design
2026-06-08,052-02,0.08,design
2026-06-09,052-02,0.09,design
2026-06-10,052-02,0.08,design
2026-06-11,052-02,0.08,design
2026-06-12,052-02,0.09,design
2026-06-13,052-02,0.1,design
2026-06-14,052-02,0.12,design
2026-06-08,052-03,0.21,design
2026-06-09,052-03,0.21,design
2026-06-10,052-03,0.16,design
2026-06-11,052-03,0.16,design
2026-06-12,052-03,0.16,design
2026-06-13,052-03,0.18,design
2026-06-14,052-03,0.16,design
2026-06-08,052-04,0.01,design
2026-06-09,052-04,0.09,design
2026-06-10,052-04,0.08,design
2026-06-11,052-04,0.08,design
2026-06-12,052-04,0.09,design
2026-06-13,052-04,0.1,design
2026-06-14,052-04,0.12,design
2026-06-08,053-01,0.1,design
2026-06-09,053-01,0.16,design
2026-06-10,053-01,0.16,design
2026-06-11,053-01,0.16,design
2026-06-12,053-01,0.16,design
2026-06-13,053-01,0.17,design
2026-06-14,053-01,0.19,design
2026-06-08,053-02,0.02,design
2026-06-09,053-02,0.11,design
2026-06-10,053-02,0.07,design
2026-06-11,053-02,0.07,design
2026-06-12,053-02,0.08,design
2026-06-13,053-02,0.09,design
2026-06-14,053-02,0.11,design
2026-06-08,053-03,0.29,design
2026-06-09,053-03,0.28,design
2026-06-10,053-03,0.14,design
2026-06-11,053-03,0.14,design
2026-06-12,053-03,0.17,design
2026-06-13,053-03,0.18,design
2026-06-14,053-03,0.2,design
2026-06-08,054-01,0.01,design
2026-06-09,054-01,0.09,design
2026-06-10,054-01,0.08,design
2026-06-11,054-01,0.08,design
2026-06-12,054-01,0.09,design
2026-06-13,054-01,0.1,design
2026-06-14,054-01,0.12,design
2026-06-08,054-02,0.02,design
2026-06-09,054-02,0.08,design
2026-06-10,054-02,0.08,design
2026-06-11,054-02,0.08,design
2026-06-12,054-02,0.08,design
2026-06-13,054-02,0.09,design
2026-06-14,054-02,0.11,design
2026-06-08,054-04,0.01,design
2026-06-09,054-04,0.08,design
2026-06-10,054-04,0.07,design
2026-06-11,054-04,0.07,design
2026-06-12,054-04,0.07,design
2026-06-13,054-04,0.09,design
2026-06-14,054-04,0.11,design
2026-06-08,1091,0.0,design
2026-06-09,1091,0.0,design
2026-06-10,1091,0.0,design
2026-06-11,1091,19.62,design
2026-06-12,1091,37.99,design
2026-06-13,1091,48.12,design
2026-06-14,1091,67.03,design
2026-06-08,201-01,0.01,design
2026-06-09,201-01,0.08,design
2026-06-10,201-01,0.07,design
2026-06-11,201-01,0.07,design
2026-06-12,201-01,0.08,design
2026-06-13,201-01,0.09,design
2026-06-14,201-01,0.12,design
2026-06-08,201-03,0.01,design
2026-06-09,201-03,0.08,design
2026-06-10,201-03,0.07,design
2026-06-11,201-03,0.07,design
2026-06-12,201-03,0.08,design
2026-06-13,201-03,0.09,design
2026-06-14,201-03,0.11,design
2026-06-08,205-03,0.01,design
2026-06-09,205-03,0.08,design
2026-06-10,205-03,0.07,design
2026-06-11,205-03,0.07,design
2026-06-12,205-03,0.08,design
2026-06-13,205-03,0.1,design
2026-06-14,205-03,0.12,design
2026-06-08,223-02,0.01,design
2026-06-09,223-02,0.11,design
2026-06-10,223-02,0.1,design
2026-06-11,223-02,0.1,design
2026-06-12,223-02,0.11,design
2026-06-13,223-02,0.13,design
2026-06-14,223-02,0.13,design
2026-06-08,224-01,0.01,design
2026-06-09,224-01,0.08,design
2026-06-10,224-01,0.08,design
2026-06-11,224-01,0.08,design
2026-06-12,224-01,0.08,design
2026-06-13,224-01,0.1,design
2026-06-14,224-01,0.11,design
2026-06-08,224-02,0.01,design
2026-06-09,224-02,0.09,design
2026-06-10,224-02,0.08,design
2026-06-11,224-02,0.08,design
2026-06-12,224-02,0.09,design
2026-06-13,224-02,0.1,design
2026-06-14,224-02,0.12,design
2026-06-08,224-03,0.01,design
2026-06-09,224-03,0.09,design
2026-06-10,224-03,0.08,design
2026-06-11,224-03,0.08,design
2026-06-12,224-03,0.09,design
2026-06-13,224-03,0.1,design
2026-06-14,224-03,0.12,design
2026-06-08,224-04,0.01,design
2026-06-09,224-04,0.07,design
2026-06-10,224-04,0.07,design
2026-06-11,224-04,0.07,design
2026-06-12,224-04,0.07,design
2026-06-13,224-04,0.08,design
2026-06-14,224-04,0.1,design
2026-06-08,226-01,0.01,design
2026-06-09,226-01,0.17,design
2026-06-10,226-01,0.15,design
2026-06-11,226-01,0.15,design
2026-06-12,226-01,0.17,design
2026-06-13,226-01,0.17,design
2026-06-14,226-01,0.16,design
2026-06-08,226-04,0.01,design
2026-06-09,226-04,0.16,design
2026-06-10,226-04,0.15,design
2026-06-11,226-04,0.15,design
2026-06-12,226-04,0.16,design
2026-06-13,226-04,0.16,design
2026-06-14,226-04,0.16,design
2026-06-08,229-02,0.01,design
2026-06-09,229-02,0.09,design
2026-06-10,229-02,0.07,design
2026-06-11,229-02,0.07,design
2026-06-12,229-02,0.09,design
2026-06-13,229-02,0.1,design
2026-06-14,229-02,0.11,design
2026-06-08,234-01,0.03,design
2026-06-09,234-01,0.21,design
2026-06-10,234-01,0.2,design
2026-06-11,234-01,0.2,design
2026-06-12,234-01,0.21,design
2026-06-13,234-01,0.21,design
2026-06-14,234-01,0.24,design
2026-06-08,234-02,0.06,design
2026-06-09,234-02,0.28,design
2026-06-10,234-02,0.26,design
2026-06-11,234-02,0.26,design
2026-06-12,234-02,0.28,design
2026-06-13,234-02,0.28,design
2026-06-14,234-02,0.32,design
2026-06-08,234-03,0.05,design
2026-06-09,234-03,0.28,design
2026-06-10,234-03,0.26,design
2026-06-11,234-03,0.26,design
2026-06-12,234-03,0.28,design
2026-06-13,234-03,0.28,design
2026-06-14,234-03,0.31,design
2026-06-08,234-04,0.04,design
2026-06-09,234-04,0.22,design
2026-06-10,234-04,0.21,design
2026-06-11,234-04,0.21,design
2026-06-12,234-04,0.22,design
2026-06-13,234-04,0.23,design
2026-06-14,234-04,0.26,design
2026-06-08,234-05,0.04,design
2026-06-09,234-05,0.22,design
2026-06-10,234-05,0.21,design
2026-06-11,234-05,0.21,design
2026-06-12,234-05,0.22,design
2026-06-13,234-05,0.23,design
2026-06-14,234-05,0.26,design
2026-06-08,241-01,0.01,design
2026-06-09,241-01,0.1,design
2026-06-10,241-01,0.1,design
2026-06-11,241-01,0.1,design
2026-06-12,241-01,0.1,design
2026-06-13,241-01,0.12,design
2026-06-14,241-01,0.17,design
2026-06-08,241-02,0.01,design
2026-06-09,241-02,0.1,design
2026-06-10,241-02,0.1,design
2026-06-11,241-02,0.1,design
2026-06-12,241-02,0.1,design
2026-06-13,241-02,0.12,design
2026-06-14,241-02,0.17,design
2026-06-08,241-03,0.01,design
2026-06-09,241-03,0.12,design
2026-06-10,241-03,0.11,design
2026-06-11,241-03,0.11,design
2026-06-12,241-03,0.12,design
2026-06-13,241-03,0.13,design
2026-06-14,241-03,0.18,design
2026-06-08,241-04,0.01,design
2026-06-09,241-04,0.12,design
2026-06-10,241-04,0.11,design
2026-06-11,241-04,0.11,design
2026-06-12,241-04,0.12,design
2026-06-13,241-04,0.13,design
2026-06-14,241-04,0.18,design
2026-06-08,241-05,0.01,design
2026-06-09,241-05,0.12,design
2026-06-10,241-05,0.11,design
2026-06-11,241-05,0.11,design
2026-06-12,241-05,0.12,design
2026-06-13,241-05,0.13,design
2026-06-14,241-05,0.18,design
2026-06-08,244-01,0.01,design
2026-06-09,244-01,0.11,design
2026-06-10,244-01,0.1,design
2026-06-11,244-01,0.1,design
2026-06-12,244-01,0.11,design
2026-06-13,244-01,0.11,design
2026-06-14,244-01,0.12,design
2026-06-08,244-02,0.01,design
2026-06-09,244-02,0.11,design
2026-06-10,244-02,0.1,design
2026-06-11,244-02,0.1,design
2026-06-12,244-02,0.11,design
2026-06-13,244-02,0.11,design
2026-06-14,244-02,0.11,design
2026-06-08,244-03,0.01,design
2026-06-09,244-03,0.11,design
2026-06-10,244-03,0.1,design
2026-06-11,244-03,0.1,design
2026-06-12,244-03,0.11,design
2026-06-13,244-03,0.11,design
2026-06-14,244-03,0.12,design
2026-06-08,244-04,0.01,design
2026-06-09,244-04,0.1,design
2026-06-10,244-04,0.1,design
2026-06-11,244-04,0.1,design
2026-06-12,244-04,0.1,design
2026-06-13,244-04,0.1,design
2026-06-14,244-04,0.1,design
2026-06-08,244-05,0.01,design
2026-06-09,244-05,0.11,design
2026-06-10,244-05,0.1,design
2026-06-11,244-05,0.1,design
2026-06-12,244-05,0.11,design
2026-06-13,244-05,0.11,design
2026-06-14,244-05,0.12,design
2026-06-08,250-01,0.06,design
2026-06-09,250-01,0.3,design
2026-06-10,250-01,0.28,design
2026-06-11,250-01,0.28,design
2026-06-12,250-01,0.3,design
2026-06-13,250-01,0.33,design
2026-06-14,250-01,0.34,design
2026-06-08,250-02,0.05,design
2026-06-09,250-02,0.28,design
2026-06-10,250-02,0.26,design
2026-06-11,250-02,0.26,design
2026-06-12,250-02,0.28,design
2026-06-13,250-02,0.31,design
2026-06-14,250-02,0.33,design
2026-06-08,250-03,0.04,design
2026-06-09,250-03,0.23,design
2026-06-10,250-03,0.22,design
2026-06-11,250-03,0.22,design
2026-06-12,250-03,0.23,design
2026-06-13,250-03,0.26,design
2026-06-14,250-03,0.28,design
2026-06-08,250-04,0.04,design
2026-06-09,250-04,0.23,design
2026-06-10,250-04,0.22,design
2026-06-11,250-04,0.22,design
2026-06-12,250-04,0.23,design
2026-06-13,250-04,0.26,design
2026-06-14,250-04,0.27,design
2026-06-08,255-01,0.01,design
2026-06-09,255-01,0.12,design
2026-06-10,255-01,0.1,design
2026-06-11,255-01,0.1,design
2026-06-12,255-01,0.12,design
2026-06-13,255-01,0.14,design
2026-06-14,255-01,0.16,design
2026-06-08,255-02,0.01,design
2026-06-09,255-02,0.11,design
2026-06-10,255-02,0.1,design
2026-06-11,255-02,0.1,design
2026-06-12,255-02,0.11,design
2026-06-13,255-02,0.14,design
2026-06-14,255-02,0.16,design
2026-06-08,255-03,0.01,design
2026-06-09,255-03,0.11,design
2026-06-10,255-03,0.1,design
2026-06-11,255-03,0.1,design
2026-06-12,255-03,0.11,design
2026-06-13,255-03,0.14,design
2026-06-14,255-03,0.16,design
2026-06-08,255-04,0.01,design
2026-06-09,255-04,0.11,design
2026-06-10,255-04,0.1,design
2026-06-11,255-04,0.1,design
2026-06-12,255-04,0.11,design
2026-06-13,255-04,0.14,design
2026-06-14,255-04,0.15,design
2026-06-08,256-01,0.01,design
2026-06-09,256-01,0.09,design
2026-06-10,256-01,0.08,design
2026-06-11,256-01,0.08,design
2026-06-12,256-01,0.09,design
2026-06-13,256-01,0.1,design
2026-06-14,256-01,0.12,design
2026-06-08,256-02,0.01,design
2026-06-09,256-02,0.09,design
2026-06-10,256-02,0.08,design
2026-06-11,256-02,0.08,design
2026-06-12,256-02,0.09,design
2026-06-13,256-02,0.1,design
2026-06-14,256-02,0.12,design
2026-06-08,260-01,0.01,design
2026-06-09,260-01,0.09,design
2026-06-10,260-01,0.08,design
2026-06-11,260-01,0.08,design
2026-06-12,260-01,0.09,design
2026-06-13,260-01,0.1,design
2026-06-14,260-01,0.12,design
2026-06-08,260-02,0.01,design
2026-06-09,260-02,0.09,design
2026-06-10,260-02,0.08,design
2026-06-11,260-02,0.08,design
2026-06-12,260-02,0.09,design
2026-06-13,260-02,0.1,design
2026-06-14,260-02,0.12,design
2026-06-08,260-03,0.01,design
2026-06-09,260-03,0.07,design
2026-06-10,260-03,0.07,design
2026-06-11,260-03,0.07,design
2026-06-12,260-03,0.07,design
2026-06-13,260-03,0.08,design
2026-06-14,260-03,0.1,design
2026-06-08,260-04,0.01,design
2026-06-09,260-04,0.09,design
2026-06-10,260-04,0.08,design
2026-06-11,260-04,0.08,design
2026-06-12,260-04,0.09,design
2026-06-13,260-04,0.1,design
2026-06-14,260-04,0.12,design
2026-06-08,265-01,0.01,design
2026-06-09,265-01,0.11,design
2026-06-10,265-01,0.1,design
2026-06-11,265-01,0.1,design
2026-06-12,265-01,0.11,design
2026-06-13,265-01,0.11,design
2026-06-14,265-01,0.12,design
2026-06-08,265-03,0.01,design
2026-06-09,265-03,0.1,design
2026-06-10,265-03,0.09,design
2026-06-11,265-03,0.09,design
2026-06-12,265-03,0.1,design
2026-06-13,265-03,0.1,design
2026-06-14,265-03,0.12,design
2026-06-08,269-01,0.01,design
2026-06-09,269-01,0.09,design
2026-06-10,269-01,0.08,design
2026-06-11,269-01,0.08,design
2026-06-12,269-01,0.09,design
2026-06-13,269-01,0.1,design
2026-06-14,269-01,0.12,design
2026-06-08,269-02,0.01,design
2026-06-09,269-02,0.09,design
2026-06-10,269-02,0.08,design
2026-06-11,269-02,0.08,design
2026-06-12,269-02,0.09,design
2026-06-13,269-02,0.1,design
2026-06-14,269-02,0.12,design
2026-06-08,269-03,0.01,design
2026-06-09,269-03,0.08,design
2026-06-10,269-03,0.07,design
2026-06-11,269-03,0.07,design
2026-06-12,269-03,0.08,design
2026-06-13,269-03,0.1,design
2026-06-14,269-03,0.12,design
2026-06-08,269-04,0.01,design
2026-06-09,269-04,0.07,design
2026-06-10,269-04,0.07,design
2026-06-11,269-04,0.07,design
2026-06-12,269-04,0.07,design
2026-06-13,269-04,0.08,design
2026-06-14,269-04,0.1,design
2026-06-08,269-05,0.01,design
2026-06-09,269-05,0.08,design
2026-06-10,269-05,0.07,design
2026-06-11,269-05,0.07,design
2026-06-12,269-05,0.08,design
2026-06-13,269-05,0.09,design
2026-06-14,269-05,0.11,design
2026-06-08,271-01,0.01,design
2026-06-09,271-01,0.08,design
2026-06-10,271-01,0.07,design
2026-06-11,271-01,0.07,design
2026-06-12,271-01,0.08,design
2026-06-13,271-01,0.09,design
2026-06-14,271-01,0.12,design
2026-06-08,271-02,0.01,design
2026-06-09,271-02,0.07,design
2026-06-10,271-02,0.07,design
2026-06-11,271-02,0.07,design
2026-06-12,271-02,0.07,design
2026-06-13,271-02,0.08,design
2026-06-14,271-02,0.1,design
2026-06-08,271-03,0.01,design
2026-06-09,271-03,0.08,design
2026-06-10,271-03,0.07,design
2026-06-11,271-03,0.07,design
2026-06-12,271-03,0.08,design
2026-06-13,271-03,0.1,design
2026-06-14,271-03,0.12,design
2026-06-08,271-04,0.01,design
2026-06-09,271-04,0.08,design
2026-06-10,271-04,0.07,design
2026-06-11,271-04,0.07,design
2026-06-12,271-04,0.08,design
2026-06-13,271-04,0.09,design
2026-06-14,271-04,0.11,design
2026-06-08,272-02,0.01,design
2026-06-09,272-02,0.08,design
2026-06-10,272-02,0.07,design
2026-06-11,272-02,0.07,design
2026-06-12,272-02,0.08,design
2026-06-13,272-02,0.1,design
2026-06-14,272-02,0.12,design
2026-06-08,272-04,0.01,design
2026-06-09,272-04,0.08,design
2026-06-10,272-04,0.07,design
2026-06-11,272-04,0.07,design
2026-06-12,272-04,0.08,design
2026-06-13,272-04,0.1,design
2026-06-14,272-04,0.12,design
2026-06-08,272-05,0.01,design
2026-06-09,272-05,0.08,design
2026-06-10,272-05,0.08,design
2026-06-11,272-05,0.08,design
2026-06-12,272-05,0.08,design
2026-06-13,272-05,0.09,design
2026-06-14,272-05,0.1,design
2026-06-08,272-06,0.01,design
2026-06-09,272-06,0.08,design
2026-06-10,272-06,0.07,design
2026-06-11,272-06,0.07,design
2026-06-12,272-06,0.08,design
2026-06-13,272-06,0.09,design
2026-06-14,272-06,0.11,design
2026-06-08,274-02,0.01,design
2026-06-09,274-02,0.09,design
2026-06-10,274-02,0.08,design
2026-06-11,274-02,0.08,design
2026-06-12,274-02,0.09,design
2026-06-13,274-02,0.1,design
2026-06-14,274-02,0.12,design
2026-06-08,277-01,0.01,design
2026-06-09,277-01,0.1,design
2026-06-10,277-01,0.09,design
2026-06-11,277-01,0.09,design
2026-06-12,277-01,0.1,design
2026-06-13,277-01,0.1,design
2026-06-14,277-01,0.12,design
2026-06-08,277-03,0.01,design
2026-06-09,277-03,0.11,design
2026-06-10,277-03,0.1,design
2026-06-11,277-03,0.1,design
2026-06-12,277-03,0.11,design
2026-06-13,277-03,0.11,design
2026-06-14,277-03,0.12,design
2026-06-08,277-04,0.01,design
2026-06-09,277-04,0.1,design
2026-06-10,277-04,0.09,design
2026-06-11,277-04,0.09,design
2026-06-12,277-04,0.1,design
2026-06-13,277-04,0.11,design
2026-06-14,277-04,0.12,design
2026-06-08,277-05,0.01,design
2026-06-09,277-05,0.1,design
2026-06-10,277-05,0.09,design
2026-06-11,277-05,0.09,design
2026-06-12,277-05,0.1,design
2026-06-13,277-05,0.1,design
2026-06-14,277-05,0.11,design
2026-06-08,277-06,0.01,design
2026-06-09,277-06,0.11,design
2026-06-10,277-06,0.1,design
2026-06-11,277-06,0.1,design
2026-06-12,277-06,0.11,design
2026-06-13,277-06,0.11,design
2026-06-14,277-06,0.12,design
2026-06-08,277-07,0.01,design
2026-06-09,277-07,0.1,design
2026-06-10,277-07,0.1,design
2026-06-11,277-07,0.1,design
2026-06-12,277-07,0.1,design
2026-06-13,277-07,0.1,design
2026-06-14,277-07,0.11,design
2026-06-08,277-08,0.01,design
2026-06-09,277-08,0.1,design
2026-06-10,277-08,0.09,design
2026-06-11,277-08,0.09,design
2026-06-12,277-08,0.1,design
2026-06-13,277-08,0.1,design
2026-06-14,277-08,0.11,design
2026-06-08,278-06,0.01,design
2026-06-09,278-06,0.09,design
2026-06-10,278-06,0.08,design
2026-06-11,278-06,0.08,design
2026-06-12,278-06,0.09,design
2026-06-13,278-06,0.1,design
2026-06-14,278-06,0.12,design
2026-06-08,281-02,0.01,design
2026-06-09,281-02,0.09,design
2026-06-10,281-02,0.08,design
2026-06-11,281-02,0.08,design
2026-06-12,281-02,0.09,design
2026-06-13,281-02,0.1,design
2026-06-14,281-02,0.12,design
2026-06-08,281-03,0.01,design
2026-06-09,281-03,0.08,design
2026-06-10,281-03,0.07,design
2026-06-11,281-03,0.07,design
2026-06-12,281-03,0.08,design
2026-06-13,281-03,0.09,design
2026-06-14,281-03,0.12,design
2026-06-08,281-04,0.01,design
2026-06-09,281-04,0.08,design
2026-06-10,281-04,0.07,design
2026-06-11,281-04,0.07,design
2026-06-12,281-04,0.08,design
2026-06-13,281-04,0.09,design
2026-06-14,281-04,0.11,design
2026-06-08,284-01,0.02,design
2026-06-09,284-01,0.1,design
2026-06-10,284-01,0.09,design
2026-06-11,284-01,0.09,design
2026-06-12,284-01,0.1,design
2026-06-13,284-01,0.11,design
2026-06-14,284-01,0.12,design
2026-06-08,284-02,0.02,design
2026-06-09,284-02,0.1,design
2026-06-10,284-02,0.08,design
2026-06-11,284-02,0.08,design
2026-06-12,284-02,0.1,design
2026-06-13,284-02,0.11,design
2026-06-14,284-02,0.13,design
2026-06-08,284-03,0.02,design
2026-06-09,284-03,0.09,design
2026-06-10,284-03,0.08,design
2026-06-11,284-03,0.08,design
2026-06-12,284-03,0.09,design
2026-06-13,284-03,0.1,design
2026-06-14,284-03,0.13,design
2026-06-08,284-04,0.02,design
2026-06-09,284-04,0.09,design
2026-06-10,284-04,0.08,design
2026-06-11,284-04,0.08,design
2026-06-12,284-04,0.09,design
2026-06-13,284-04,0.1,design
2026-06-14,284-04,0.12,design
2026-06-08,284-05,0.03,design
2026-06-09,284-05,0.11,design
2026-06-10,284-05,0.1,design
2026-06-11,284-05,0.1,design
2026-06-12,284-05,0.11,design
2026-06-13,284-05,0.13,design
2026-06-14,284-05,0.14,design
2026-06-08,287-01,0.01,design
2026-06-09,287-01,0.08,design
2026-06-10,287-01,0.07,design
2026-06-11,287-01,0.07,design
2026-06-12,287-01,0.08,design
2026-06-13,287-01,0.09,design
2026-06-14,287-01,0.12,design
2026-06-08,287-02,0.01,design
2026-06-09,287-02,0.08,design
2026-06-10,287-02,0.07,design
2026-06-11,287-02,0.07,design
2026-06-12,287-02,0.08,design
2026-06-13,287-02,0.1,design
2026-06-14,287-02,0.12,design
2026-06-08,287-04,0.01,design
2026-06-09,287-04,0.08,design
2026-06-10,287-04,0.07,design
2026-06-11,287-04,0.07,design
2026-06-12,287-04,0.08,design
2026-06-13,287-04,0.09,design
2026-06-14,287-04,0.11,design
2026-06-08,287-05,0.01,design
2026-06-09,287-05,0.08,design
2026-06-10,287-05,0.07,design
2026-06-11,287-05,0.07,design
2026-06-12,287-05,0.08,design
2026-06-13,287-05,0.09,design
2026-06-14,287-05,0.11,design
2026-06-08,288-01,0.01,design
2026-06-09,288-01,0.08,design
2026-06-10,288-01,0.07,design
2026-06-11,288-01,0.07,design
2026-06-12,288-01,0.08,design
2026-06-13,288-01,0.09,design
2026-06-14,288-01,0.12,design
2026-06-08,288-02,0.01,design
2026-06-09,288-02,0.08,design
2026-06-10,288-02,0.07,design
2026-06-11,288-02,0.07,design
2026-06-12,288-02,0.08,design
2026-06-13,288-02,0.1,design
2026-06-14,288-02,0.12,design
2026-06-08,288-03,0.01,design
2026-06-09,288-03,0.09,design
2026-06-10,288-03,0.08,design
2026-06-11,288-03,0.08,design
2026-06-12,288-03,0.09,design
2026-06-13,288-03,0.1,design
2026-06-14,288-03,0.12,design
2026-06-08,288-04,0.01,design
2026-06-09,288-04,0.08,design
2026-06-10,288-04,0.07,design
2026-06-11,288-04,0.07,design
2026-06-12,288-04,0.08,design
2026-06-13,288-04,0.09,design
2026-06-14,288-04,0.11,design
2026-06-08,288-05,0.01,design
2026-06-09,288-05,0.08,design
2026-06-10,288-05,0.07,design
2026-06-11,288-05,0.07,design
2026-06-12,288-05,0.08,design
2026-06-13,288-05,0.09,design
2026-06-14,288-05,0.11,design
2026-06-08,289-01,0.01,design
2026-06-09,289-01,0.1,design
2026-06-10,289-01,0.09,design
2026-06-11,289-01,0.09,design
2026-06-12,289-01,0.1,design
2026-06-13,289-01,0.11,design
2026-06-14,289-01,0.13,design
2026-06-08,289-02,0.01,design
2026-06-09,289-02,0.1,design
2026-06-10,289-02,0.09,design
2026-06-11,289-02,0.09,design
2026-06-12,289-02,0.1,design
2026-06-13,289-02,0.11,design
2026-06-14,289-02,0.13,design
2026-06-08,289-03,0.01,design
2026-06-09,289-03,0.11,design
2026-06-10,289-03,0.09,design
2026-06-11,289-03,0.09,design
2026-06-12,289-03,0.11,design
2026-06-13,289-03,0.12,design
2026-06-14,289-03,0.13,design
2026-06-08,289-04,0.01,design
2026-06-09,289-04,0.1,design
2026-06-10,289-04,0.09,design
2026-06-11,289-04,0.09,design
2026-06-12,289-04,0.1,design
2026-06-13,289-04,0.11,design
2026-06-14,289-04,0.13,design
2026-06-08,290-01,0.01,design
2026-06-09,290-01,0.09,design
2026-06-10,290-01,0.08,design
2026-06-11,290-01,0.08,design
2026-06-12,290-01,0.09,design
2026-06-13,290-01,0.1,design
2026-06-14,290-01,0.12,design
2026-06-08,290-02,0.01,design
2026-06-09,290-02,0.09,design
2026-06-10,290-02,0.08,design
2026-06-11,290-02,0.08,design
2026-06-12,290-02,0.09,design
2026-06-13,290-02,0.1,design
2026-06-14,290-02,0.12,design
2026-06-08,290-03,0.01,design
2026-06-09,290-03,0.08,design
2026-06-10,290-03,0.08,design
2026-06-11,290-03,0.08,design
2026-06-12,290-03,0.08,design
2026-06-13,290-03,0.09,design
2026-06-14,290-03,0.11,design
2026-06-08,290-04,0.01,design
2026-06-09,290-04,0.09,design
2026-06-10,290-04,0.08,design
2026-06-11,290-04,0.08,design
2026-06-12,290-04,0.09,design
2026-06-13,290-04,0.1,design
2026-06-14,290-04,0.12,design
2026-06-08,308-01,0.01,design
2026-06-09,308-01,0.09,design
2026-06-10,308-01,0.08,design
2026-06-11,308-01,0.08,design
2026-06-12,308-01,0.09,design
2026-06-13,308-01,0.1,design
2026-06-14,308-01,0.11,design
2026-06-08,308-02,0.01,design
2026-06-09,308-02,0.08,design
2026-06-10,308-02,0.08,design
2026-06-11,308-02,0.08,design
2026-06-12,308-02,0.08,design
2026-06-13,308-02,0.09,design
2026-06-14,308-02,0.1,design
2026-06-08,308-03,0.01,design
2026-06-09,308-03,0.08,design
2026-06-10,308-03,0.08,design
2026-06-11,308-03,0.08,design
2026-06-12,308-03,0.08,design
2026-06-13,308-03,0.09,design
2026-06-14,308-03,0.1,design
2026-06-08,308-04,0.01,design
2026-06-09,308-04,0.09,design
2026-06-10,308-04,0.08,design
2026-06-11,308-04,0.08,design
2026-06-12,308-04,0.09,design
2026-06-13,308-04,0.1,design
2026-06-14,308-04,0.11,design
2026-06-08,309-01,0.01,design
2026-06-09,309-01,0.08,design
2026-06-10,309-01,0.08,design
2026-06-11,309-01,0.08,design
2026-06-12,309-01,0.08,design
2026-06-13,309-01,0.1,design
2026-06-14,309-01,0.11,design
2026-06-08,309-02,0.01,design
2026-06-09,309-02,0.08,design
2026-06-10,309-02,0.07,design
2026-06-11,309-02,0.07,design
2026-06-12,309-02,0.08,design
2026-06-13,309-02,0.1,design
2026-06-14,309-02,0.12,design
2026-06-08,309-03,0.01,design
2026-06-09,309-03,0.09,design
2026-06-10,309-03,0.08,design
2026-06-11,309-03,0.08,design
2026-06-12,309-03,0.09,design
2026-06-13,309-03,0.1,design
2026-06-14,309-03,0.12,design
2026-06-08,309-05,0.01,design
2026-06-09,309-05,0.07,design
2026-06-10,309-05,0.07,design
2026-06-11,309-05,0.07,design
2026-06-12,309-05,0.07,design
2026-06-13,309-05,0.08,design
2026-06-14,309-05,0.1,design
2026-06-08,310-01,0.01,design
2026-06-09,310-01,0.08,design
2026-06-10,310-01,0.07,design
2026-06-11,310-01,0.07,design
2026-06-12,310-01,0.08,design
2026-06-13,310-01,0.09,design
2026-06-14,310-01,0.11,design
2026-06-08,311-01,0.01,design
2026-06-09,311-01,0.08,design
2026-06-10,311-01,0.07,design
2026-06-11,311-01,0.07,design
2026-06-12,311-01,0.08,design
2026-06-13,311-01,0.09,design
2026-06-14,311-01,0.12,design
2026-06-08,311-02,0.01,design
2026-06-09,311-02,0.08,design
2026-06-10,311-02,0.07,design
2026-06-11,311-02,0.07,design
2026-06-12,311-02,0.08,design
2026-06-13,311-02,0.09,design
2026-06-14,311-02,0.12,design
2026-06-08,311-03,0.01,design
2026-06-09,311-03,0.08,design
2026-06-10,311-03,0.07,design
2026-06-11,311-03,0.07,design
2026-06-12,311-03,0.08,design
2026-06-13,311-03,0.09,design
2026-06-14,311-03,0.11,design
2026-06-08,311-04,0.01,design
2026-06-09,311-04,0.08,design
2026-06-10,311-04,0.07,design
2026-06-11,311-04,0.07,design
2026-06-12,311-04,0.08,design
2026-06-13,311-04,0.09,design
2026-06-14,311-04,0.11,design
2026-06-08,313-01,0.01,design
2026-06-09,313-01,0.08,design
2026-06-10,313-01,0.08,design
2026-06-11,313-01,0.08,design
2026-06-12,313-01,0.08,design
2026-06-13,313-01,0.1,design
2026-06-14,313-01,0.12,design
2026-06-08,313-02,0.01,design
2026-06-09,313-02,0.09,design
2026-06-10,313-02,0.08,design
2026-06-11,313-02,0.08,design
2026-06-12,313-02,0.09,design
2026-06-13,313-02,0.1,design
2026-06-14,313-02,0.12,design
2026-06-08,313-03,0.01,design
2026-06-09,313-03,0.08,design
2026-06-10,313-03,0.07,design
2026-06-11,313-03,0.07,design
2026-06-12,313-03,0.08,design
2026-06-13,313-03,0.09,design
2026-06-14,313-03,0.11,design
2026-06-08,313-04,0.01,design
2026-06-09,313-04,0.08,design
2026-06-10,313-04,0.08,design
2026-06-11,313-04,0.08,design
2026-06-12,313-04,0.08,design
2026-06-13,313-04,0.1,design
2026-06-14,313-04,0.12,design
2026-06-08,314-01,0.01,design
2026-06-09,314-01,0.09,design
2026-06-10,314-01,0.08,design
2026-06-11,314-01,0.08,design
2026-06-12,314-01,0.09,design
2026-06-13,314-01,0.1,design
2026-06-14,314-01,0.12,design
2026-06-08,314-02,0.01,design
2026-06-09,314-02,0.08,design
2026-06-10,314-02,0.08,design
2026-06-11,314-02,0.08,design
2026-06-12,314-02,0.08,design
2026-06-13,314-02,0.1,design
2026-06-14,314-02,0.12,design
2026-06-08,314-03,0.01,design
2026-06-09,314-03,0.08,design
2026-06-10,314-03,0.07,design
2026-06-11,314-03,0.07,design
2026-06-12,314-03,0.08,design
2026-06-13,314-03,0.09,design
2026-06-14,314-03,0.11,design
2026-06-08,314-04,0.01,design
2026-06-09,314-04,0.08,design
2026-06-10,314-04,0.08,design
2026-06-11,314-04,0.08,design
2026-06-12,314-04,0.08,design
2026-06-13,314-04,0.1,design
2026-06-14,314-04,0.12,design
2026-06-08,315-02,0.01,design
2026-06-09,315-02,0.09,design
2026-06-10,315-02,0.08,design
2026-06-11,315-02,0.08,design
2026-06-12,315-02,0.09,design
2026-06-13,315-02,0.1,design
2026-06-14,315-02,0.12,design
2026-06-08,315-03,0.01,design
2026-06-09,315-03,0.08,design
2026-06-10,315-03,0.07,design
2026-06-11,315-03,0.07,design
2026-06-12,315-03,0.08,design
2026-06-13,315-03,0.09,design
2026-06-14,315-03,0.12,design
2026-06-08,316-01,0.01,design
2026-06-09,316-01,0.09,design
2026-06-10,316-01,0.08,design
2026-06-11,316-01,0.08,design
2026-06-12,316-01,0.09,design
2026-06-13,316-01,0.1,design
2026-06-14,316-01,0.12,design
2026-06-08,316-02,0.01,design
2026-06-09,316-02,0.09,design
2026-06-10,316-02,0.08,design
2026-06-11,316-02,0.08,design
2026-06-12,316-02,0.09,design
2026-06-13,316-02,0.11,design
2026-06-14,316-02,0.12,design
2026-06-08,316-03,0.01,design
2026-06-09,316-03,0.09,design
2026-06-10,316-03,0.08,design
2026-06-11,316-03,0.08,design
2026-06-12,316-03,0.09,design
2026-06-13,316-03,0.1,design
2026-06-14,316-03,0.12,design
2026-06-08,316-04,0.01,design
2026-06-09,316-04,0.08,design
2026-06-10,316-04,0.08,design
2026-06-11,316-04,0.08,design
2026-06-12,316-04,0.08,design
2026-06-13,316-04,0.09,design
2026-06-14,316-04,0.1,design
2026-06-08,317-01,0.01,design
2026-06-09,317-01,0.09,design
2026-06-10,317-01,0.08,design
2026-06-11,317-01,0.08,design
2026-06-12,317-01,0.09,design
2026-06-13,317-01,0.1,design
2026-06-14,317-01,0.12,design
2026-06-08,317-02,0.01,design
2026-06-09,317-02,0.08,design
2026-06-10,317-02,0.07,design
2026-06-11,317-02,0.07,design
2026-06-12,317-02,0.08,design
2026-06-13,317-02,0.09,design
2026-06-14,317-02,0.11,design
2026-06-08,317-03,0.01,design
2026-06-09,317-03,0.08,design
2026-06-10,317-03,0.08,design
2026-06-11,317-03,0.08,design
2026-06-12,317-03,0.08,design
2026-06-13,317-03,0.1,design
2026-06-14,317-03,0.11,design
2026-06-08,317-04,0.01,design
2026-06-09,317-04,0.08,design
2026-06-10,317-04,0.08,design
2026-06-11,317-04,0.08,design
2026-06-12,317-04,0.08,design
2026-06-13,317-04,0.1,design
2026-06-14,317-04,0.12,design
2026-06-08,318-01,0.01,design
2026-06-09,318-01,0.08,design
2026-06-10,318-01,0.07,design
2026-06-11,318-01,0.07,design
2026-06-12,318-01,0.08,design
2026-06-13,318-01,0.09,design
2026-06-14,318-01,0.11,design
2026-06-08,318-02,0.01,design
2026-06-09,318-02,0.08,design
2026-06-10,318-02,0.08,design
2026-06-11,318-02,0.08,design
2026-06-12,318-02,0.08,design
2026-06-13,318-02,0.1,design
2026-06-14,318-02,0.12,design
2026-06-08,318-03,0.01,design
2026-06-09,318-03,0.08,design
2026-06-10,318-03,0.08,design
2026-06-11,318-03,0.08,design
2026-06-12,318-03,0.08,design
2026-06-13,318-03,0.1,design
2026-06-14,318-03,0.12,design
2026-06-08,318-04,0.01,design
2026-06-09,318-04,0.09,design
2026-06-10,318-04,0.08,design
2026-06-11,318-04,0.08,design
2026-06-12,318-04,0.09,design
2026-06-13,318-04,0.1,design
2026-06-14,318-04,0.12,design
2026-06-08,319-01,0.45,design
2026-06-09,319-01,0.51,design
2026-06-10,319-01,0.48,design
2026-06-11,319-01,0.43,design
2026-06-12,319-01,0.41,design
2026-06-13,319-01,0.43,design
2026-06-14,319-01,0.5,design
2026-06-08,319-02,0.18,design
2026-06-09,319-02,0.31,design
2026-06-10,319-02,0.3,design
2026-06-11,319-02,0.3,design
2026-06-12,319-02,0.3,design
2026-06-13,319-02,0.33,design
2026-06-14,319-02,0.4,design
2026-06-08,319-03,1.54,design
2026-06-09,319-03,1.8,design
2026-06-10,319-03,1.57,design
2026-06-11,319-03,1.3,design
2026-06-12,319-03,1.31,design
2026-06-13,319-03,1.49,design
2026-06-14,319-03,1.54,design
2026-06-08,319-04,1.14,design
2026-06-09,319-04,1.17,design
2026-06-10,319-04,0.82,design
2026-06-11,319-04,0.89,design
2026-06-12,319-04,0.99,design
2026-06-13,319-04,0.98,design
2026-06-14,319-04,1.15,design
2026-06-08,319-05,0.49,design
2026-06-09,319-05,0.71,design
2026-06-10,319-05,0.73,design
2026-06-11,319-05,0.6,design
2026-06-12,319-05,0.65,design
2026-06-13,319-05,0.56,design
2026-06-14,319-05,0.75,design
2026-06-08,319-06,2.02,design
2026-06-09,319-06,2.36,design
2026-06-10,319-06,1.84,design
2026-06-11,319-06,1.9,design
2026-06-12,319-06,1.75,design
2026-06-13,319-06,1.75,design
2026-06-14,319-06,1.96,design
2026-06-08,320-01,0.42,design
2026-06-09,320-01,0.5,design
2026-06-10,320-01,0.48,design
2026-06-11,320-01,0.43,design
2026-06-12,320-01,0.42,design
2026-06-13,320-01,0.47,design
2026-06-14,320-01,0.53,design
2026-06-08,320-02,1.68,design
2026-06-09,320-02,3.85,design
2026-06-10,320-02,4.08,design
2026-06-11,320-02,3.66,design
2026-06-12,320-02,3.6,design
2026-06-13,320-02,3.67,design
2026-06-14,320-02,4.3,design
2026-06-08,320-03,2.8,design
2026-06-09,320-03,3.66,design
2026-06-10,320-03,3.56,design
2026-06-11,320-03,3.78,design
2026-06-12,320-03,3.67,design
2026-06-13,320-03,4.33,design
2026-06-14,320-03,4.05,design
2026-06-08,320-04,2.02,design
2026-06-09,320-04,2.16,design
2026-06-10,320-04,1.72,design
2026-06-11,320-04,1.78,design
2026-06-12,320-04,1.75,design
2026-06-13,320-04,1.66,design
2026-06-14,320-04,1.83,design
2026-06-08,320-05,0.71,design
2026-06-09,320-05,0.59,design
2026-06-10,320-05,0.48,design
2026-06-11,320-05,0.53,design
2026-06-12,320-05,0.55,design
2026-06-13,320-05,0.6,design
2026-06-14,320-05,0.66,design
2026-06-08,320-06,0.57,design
2026-06-09,320-06,0.65,design
2026-06-10,320-06,0.65,design
2026-06-11,320-06,0.6,design
2026-06-12,320-06,0.59,design
2026-06-13,320-06,0.64,design
2026-06-14,320-06,0.63,design
2026-06-08,320-07,2.02,design
2026-06-09,320-07,1.92,design
2026-06-10,320-07,1.74,design
2026-06-11,320-07,1.44,design
2026-06-12,320-07,1.34,design
2026-06-13,320-07,1.31,design
2026-06-14,320-07,1.49,design
2026-06-08,320-08,0.62,design
2026-06-09,320-08,0.73,design
2026-06-10,320-08,0.77,design
2026-06-11,320-08,0.76,design
2026-06-12,320-08,0.68,design
2026-06-13,320-08,0.65,design
2026-06-14,320-08,0.84,design
2026-06-08,320-09,2.64,design
2026-06-09,320-09,3.25,design
2026-06-10,320-09,2.77,design
2026-06-11,320-09,2.52,design
2026-06-12,320-09,2.62,design
2026-06-13,320-09,2.69,design
2026-06-14,320-09,2.99,design
2026-06-08,320-10,0.15,design
2026-06-09,320-10,0.3,design
2026-06-10,320-10,0.28,design
2026-06-11,320-10,0.28,design
2026-06-12,320-10,0.3,design
2026-06-13,320-10,0.34,design
2026-06-14,320-10,0.43,design
2026-06-08,321-01,0.01,design
2026-06-09,321-01,0.08,design
2026-06-10,321-01,0.07,design
2026-06-11,321-01,0.07,design
2026-06-12,321-01,0.08,design
2026-06-13,321-01,0.09,design
2026-06-14,321-01,0.12,design
2026-06-08,321-02,0.01,design
2026-06-09,321-02,0.08,design
2026-06-10,321-02,0.08,design
2026-06-11,321-02,0.08,design
2026-06-12,321-02,0.08,design
2026-06-13,321-02,0.1,design
2026-06-14,321-02,0.11,design
2026-06-08,321-03,0.01,design
2026-06-09,321-03,0.08,design
2026-06-10,321-03,0.07,design
2026-06-11,321-03,0.07,design
2026-06-12,321-03,0.08,design
2026-06-13,321-03,0.09,design
2026-06-14,321-03,0.11,design
2026-06-08,321-04,0.01,design
2026-06-09,321-04,0.07,design
2026-06-10,321-04,0.07,design
2026-06-11,321-04,0.07,design
2026-06-12,321-04,0.07,design
2026-06-13,321-04,0.08,design
2026-06-14,321-04,0.1,design
2026-06-08,322-02,0.01,design
2026-06-09,322-02,0.09,design
2026-06-10,322-02,0.08,design
2026-06-11,322-02,0.08,design
2026-06-12,322-02,0.09,design
2026-06-13,322-02,0.1,design
2026-06-14,322-02,0.12,design
2026-06-08,322-03,0.01,design
2026-06-09,322-03,0.09,design
2026-06-10,322-03,0.08,design
2026-06-11,322-03,0.08,design
2026-06-12,322-03,0.09,design
2026-06-13,322-03,0.11,design
2026-06-14,322-03,0.12,design
2026-06-08,322-04,0.01,design
2026-06-09,322-04,0.08,design
2026-06-10,322-04,0.07,design
2026-06-11,322-04,0.07,design
2026-06-12,322-04,0.08,design
2026-06-13,322-04,0.09,design
2026-06-14,322-04,0.11,design
2026-06-08,323-01,0.01,design
2026-06-09,323-01,0.07,design
2026-06-10,323-01,0.07,design
2026-06-11,323-01,0.07,design
2026-06-12,323-01,0.07,design
2026-06-13,323-01,0.08,design
2026-06-14,323-01,0.1,design
2026-06-08,323-02,0.01,design
2026-06-09,323-02,0.09,design
2026-06-10,323-02,0.08,design
2026-06-11,323-02,0.08,design
2026-06-12,323-02,0.09,design
2026-06-13,323-02,0.1,design
2026-06-14,323-02,0.12,design
2026-06-08,323-03,0.01,design
2026-06-09,323-03,0.08,design
2026-06-10,323-03,0.07,design
2026-06-11,323-03,0.07,design
2026-06-12,323-03,0.08,design
2026-06-13,323-03,0.09,design
2026-06-14,323-03,0.12,design
2026-06-08,324-01,1.86,design
2026-06-09,324-01,2.13,design
2026-06-10,324-01,1.53,design
2026-06-11,324-01,1.31,design
2026-06-12,324-01,0.98,design
2026-06-13,324-01,1.1,design
2026-06-14,324-01,1.26,design
2026-06-08,324-02,1.18,design
2026-06-09,324-02,1.34,design
2026-06-10,324-02,1.04,design
2026-06-11,324-02,0.81,design
2026-06-12,324-02,0.88,design
2026-06-13,324-02,0.92,design
2026-06-14,324-02,1.13,design
2026-06-08,324-03,0.12,design
2026-06-09,324-03,0.27,design
2026-06-10,324-03,0.25,design
2026-06-11,324-03,0.25,design
2026-06-12,324-03,0.27,design
2026-06-13,324-03,0.28,design
2026-06-14,324-03,0.38,design
2026-06-08,324-04,0.13,design
2026-06-09,324-04,0.29,design
2026-06-10,324-04,0.27,design
2026-06-11,324-04,0.27,design
2026-06-12,324-04,0.29,design
2026-06-13,324-04,0.3,design
2026-06-14,324-04,0.4,design
2026-06-08,324-05,0.17,design
2026-06-09,324-05,0.34,design
2026-06-10,324-05,0.32,design
2026-06-11,324-05,0.29,design
2026-06-12,324-05,0.31,design
2026-06-13,324-05,0.35,design
2026-06-14,324-05,0.45,design
2026-06-08,324-06,0.12,design
2026-06-09,324-06,0.27,design
2026-06-10,324-06,0.24,design
2026-06-11,324-06,0.24,design
2026-06-12,324-06,0.26,design
2026-06-13,324-06,0.28,design
2026-06-14,324-06,0.38,design
2026-06-08,325-01,0.6,design
2026-06-09,325-01,0.61,design
2026-06-10,325-01,0.61,design
2026-06-11,325-01,0.58,design
2026-06-12,325-01,0.59,design
2026-06-13,325-01,0.6,design
2026-06-14,325-01,0.57,design
2026-06-08,325-02,0.23,design
2026-06-09,325-02,0.35,design
2026-06-10,325-02,0.34,design
2026-06-11,325-02,0.34,design
2026-06-12,325-02,0.35,design
2026-06-13,325-02,0.38,design
2026-06-14,325-02,0.41,design
2026-06-08,325-03,0.53,design
2026-06-09,325-03,0.61,design
2026-06-10,325-03,0.58,design
2026-06-11,325-03,0.43,design
2026-06-12,325-03,0.47,design
2026-06-13,325-03,0.53,design
2026-06-14,325-03,0.57,design
2026-06-08,325-04,0.53,design
2026-06-09,325-04,0.63,design
2026-06-10,325-04,0.53,design
2026-06-11,325-04,0.54,design
2026-06-12,325-04,0.55,design
2026-06-13,325-04,0.56,design
2026-06-14,325-04,0.54,design
2026-06-08,326-01,0.54,design
2026-06-09,326-01,0.56,design
2026-06-10,326-01,0.54,design
2026-06-11,326-01,0.51,design
2026-06-12,326-01,0.52,design
2026-06-13,326-01,0.54,design
2026-06-14,326-01,0.45,design
2026-06-08,326-02,0.63,design
2026-06-09,326-02,0.67,design
2026-06-10,326-02,0.53,design
2026-06-11,326-02,0.51,design
2026-06-12,326-02,0.52,design
2026-06-13,326-02,0.52,design
2026-06-14,326-02,0.54,design
2026-06-08,326-03,0.8,design
2026-06-09,326-03,0.87,design
2026-06-10,326-03,0.65,design
2026-06-11,326-03,0.64,design
2026-06-12,326-03,0.67,design
2026-06-13,326-03,0.66,design
2026-06-14,326-03,0.68,design
2026-06-08,327-01,0.16,design
2026-06-09,327-01,0.33,design
2026-06-10,327-01,0.31,design
2026-06-11,327-01,0.31,design
2026-06-12,327-01,0.33,design
2026-06-13,327-01,0.35,design
2026-06-14,327-01,0.39,design
2026-06-08,327-02,0.88,design
2026-06-09,327-02,0.87,design
2026-06-10,327-02,0.65,design
2026-06-11,327-02,0.65,design
2026-06-12,327-02,0.59,design
2026-06-13,327-02,0.54,design
2026-06-14,327-02,0.63,design
2026-06-08,327-03,0.14,design
2026-06-09,327-03,0.33,design
2026-06-10,327-03,0.32,design
2026-06-11,327-03,0.32,design
2026-06-12,327-03,0.33,design
2026-06-13,327-03,0.36,design
2026-06-14,327-03,0.4,design
2026-06-08,328-01,0.41,design
2026-06-09,328-01,0.56,design
2026-06-10,328-01,0.56,design
2026-06-11,328-01,0.51,design
2026-06-12,328-01,0.51,design
2026-06-13,328-01,0.53,design
2026-06-14,328-01,0.59,design
2026-06-08,328-02,1.14,design
2026-06-09,328-02,1.25,design
2026-06-10,328-02,1.04,design
2026-06-11,328-02,0.76,design
2026-06-12,328-02,0.81,design
2026-06-13,328-02,0.85,design
2026-06-14,328-02,0.95,design
2026-06-08,328-03,0.52,design
2026-06-09,328-03,0.71,design
2026-06-10,328-03,0.67,design
2026-06-11,328-03,0.7,design
2026-06-12,328-03,0.66,design
2026-06-13,328-03,0.63,design
2026-06-14,328-03,0.7,design
2026-06-08,329-01,0.04,design
2026-06-09,329-01,0.05,design
2026-06-10,329-01,0.04,design
2026-06-11,329-01,0.04,design
2026-06-12,329-01,0.05,design
2026-06-13,329-01,0.06,design
2026-06-14,329-01,0.1,design
2026-06-08,329-02,0.0,design
2026-06-09,329-02,0.0,design
2026-06-10,329-02,0.0,design
2026-06-11,329-02,0.0,design
2026-06-12,329-02,0.0,design
2026-06-13,329-02,0.0,design
2026-06-14,329-02,0.0,design
2026-06-08,329-03,0.08,design
2026-06-09,329-03,0.18,design
2026-06-10,329-03,0.11,design
2026-06-11,329-03,0.11,design
2026-06-12,329-03,0.12,design
2026-06-13,329-03,0.13,design
2026-06-14,329-03,0.19,design
2026-06-08,329-04,0.0,design
2026-06-09,329-04,0.0,design
2026-06-10,329-04,0.0,design
2026-06-11,329-04,0.0,design
2026-06-12,329-04,0.0,design
2026-06-13,329-04,0.0,design
2026-06-14,329-04,0.0,design
2026-06-08,330-01,0.32,design
2026-06-09,330-01,0.44,design
2026-06-10,330-01,0.39,design
2026-06-11,330-01,0.37,design
2026-06-12,330-01,0.39,design
2026-06-13,330-01,0.42,design
2026-06-14,330-01,0.45,design
2026-06-08,330-02,0.48,design
2026-06-09,330-02,0.57,design
2026-06-10,330-02,0.53,design
2026-06-11,330-02,0.47,design
2026-06-12,330-02,0.51,design
2026-06-13,330-02,0.51,design
2026-06-14,330-02,0.51,design
2026-06-08,330-03,0.44,design
2026-06-09,330-03,0.5,design
2026-06-10,330-03,0.42,design
2026-06-11,330-03,0.49,design
2026-06-12,330-03,0.42,design
2026-06-13,330-03,0.44,design
2026-06-14,330-03,0.46,design
2026-06-08,331-01,0.01,design
2026-06-09,331-01,0.09,design
2026-06-10,331-01,0.08,design
2026-06-11,331-01,0.08,design
2026-06-12,331-01,0.09,design
2026-06-13,331-01,0.1,design
2026-06-14,331-01,0.12,design
2026-06-08,331-02,0.01,design
2026-06-09,331-02,0.08,design
2026-06-10,331-02,0.07,design
2026-06-11,331-02,0.07,design
2026-06-12,331-02,0.08,design
2026-06-13,331-02,0.1,design
2026-06-14,331-02,0.12,design
2026-06-08,331-03,0.01,design
2026-06-09,331-03,0.08,design
2026-06-10,331-03,0.07,design
2026-06-11,331-03,0.07,design
2026-06-12,331-03,0.08,design
2026-06-13,331-03,0.09,design
2026-06-14,331-03,0.11,design
2026-06-08,331-04,0.01,design
2026-06-09,331-04,0.08,design
2026-06-10,331-04,0.08,design
2026-06-11,331-04,0.08,design
2026-06-12,331-04,0.08,design
2026-06-13,331-04,0.09,design
2026-06-14,331-04,0.11,design
2026-06-08,332-01,0.22,design
2026-06-09,332-01,0.35,design
2026-06-10,332-01,0.34,design
2026-06-11,332-01,0.34,design
2026-06-12,332-01,0.35,design
2026-06-13,332-01,0.38,design
2026-06-14,332-01,0.41,design
2026-06-08,332-02,0.24,design
2026-06-09,332-02,0.36,design
2026-06-10,332-02,0.34,design
2026-06-11,332-02,0.34,design
2026-06-12,332-02,0.35,design
2026-06-13,332-02,0.38,design
2026-06-14,332-02,0.42,design
2026-06-08,333-01,0.13,design
2026-06-09,333-01,0.22,design
2026-06-10,333-01,0.21,design
2026-06-11,333-01,0.21,design
2026-06-12,333-01,0.21,design
2026-06-13,333-01,0.23,design
2026-06-14,333-01,0.25,design
2026-06-08,333-02,0.14,design
2026-06-09,333-02,0.23,design
2026-06-10,333-02,0.22,design
2026-06-11,333-02,0.22,design
2026-06-12,333-02,0.24,design
2026-06-13,333-02,0.24,design
2026-06-14,333-02,0.28,design
2026-06-08,333-03,0.35,design
2026-06-09,333-03,0.31,design
2026-06-10,333-03,0.26,design
2026-06-11,333-03,0.29,design
2026-06-12,333-03,0.27,design
2026-06-13,333-03,0.29,design
2026-06-14,333-03,0.33,design
2026-06-08,333-04,0.13,design
2026-06-09,333-04,0.23,design
2026-06-10,333-04,0.21,design
2026-06-11,333-04,0.22,design
2026-06-12,333-04,0.22,design
2026-06-13,333-04,0.23,design
2026-06-14,333-04,0.26,design
2026-06-08,334-01,0.13,design
2026-06-09,334-01,0.17,design
2026-06-10,334-01,0.11,design
2026-06-11,334-01,0.11,design
2026-06-12,334-01,0.13,design
2026-06-13,334-01,0.17,design
2026-06-14,334-01,0.17,design
2026-06-08,334-02,0.06,design
2026-06-09,334-02,0.15,design
2026-06-10,334-02,0.14,design
2026-06-11,334-02,0.14,design
2026-06-12,334-02,0.15,design
2026-06-13,334-02,0.16,design
2026-06-14,334-02,0.18,design
2026-06-08,334-03,0.03,design
2026-06-09,334-03,0.1,design
2026-06-10,334-03,0.09,design
2026-06-11,334-03,0.09,design
2026-06-12,334-03,0.1,design
2026-06-13,334-03,0.12,design
2026-06-14,334-03,0.14,design
2026-06-08,334-04,0.04,design
2026-06-09,334-04,0.12,design
2026-06-10,334-04,0.11,design
2026-06-11,334-04,0.11,design
2026-06-12,334-04,0.12,design
2026-06-13,334-04,0.13,design
2026-06-14,334-04,0.16,design
2026-06-08,335-01,1.22,design
2026-06-09,335-01,1.35,design
2026-06-10,335-01,1.18,design
2026-06-11,335-01,0.97,design
2026-06-12,335-01,0.95,design
2026-06-13,335-01,1.01,design
2026-06-14,335-01,1.12,design
2026-06-08,335-02,2.05,design
2026-06-09,335-02,2.39,design
2026-06-10,335-02,2.04,design
2026-06-11,335-02,1.76,design
2026-06-12,335-02,1.74,design
2026-06-13,335-02,1.78,design
2026-06-14,335-02,2.21,design
2026-06-08,335-03,1.41,design
2026-06-09,335-03,1.52,design
2026-06-10,335-03,1.56,design
2026-06-11,335-03,1.34,design
2026-06-12,335-03,1.26,design
2026-06-13,335-03,1.24,design
2026-06-14,335-03,1.47,design
2026-06-08,335-04,2.05,design
2026-06-09,335-04,2.84,design
2026-06-10,335-04,2.65,design
2026-06-11,335-04,2.5,design
2026-06-12,335-04,2.15,design
2026-06-13,335-04,2.27,design
2026-06-14,335-04,2.4,design
2026-06-08,336-01,1.21,design
2026-06-09,336-01,1.13,design
2026-06-10,336-01,0.95,design
2026-06-11,336-01,1.11,design
2026-06-12,336-01,1.14,design
2026-06-13,336-01,1.0,design
2026-06-14,336-01,1.12,design
2026-06-08,336-02,1.97,design
2026-06-09,336-02,2.11,design
2026-06-10,336-02,1.75,design
2026-06-11,336-02,1.39,design
2026-06-12,336-02,1.32,design
2026-06-13,336-02,1.36,design
2026-06-14,336-02,1.47,design
2026-06-08,336-03,1.6,design
2026-06-09,336-03,1.71,design
2026-06-10,336-03,1.38,design
2026-06-11,336-03,1.25,design
2026-06-12,336-03,1.22,design
2026-06-13,336-03,1.25,design
2026-06-14,336-03,1.23,design
2026-06-08,336-04,0.0,design
2026-06-09,336-04,0.09,design
2026-06-10,336-04,2.83,design
2026-06-11,336-04,2.68,design
2026-06-12,336-04,3.76,design
2026-06-13,336-04,5.25,design
2026-06-14,336-04,4.47,design
2026-06-08,336-05,2.56,design
2026-06-09,336-05,3.14,design
2026-06-10,336-05,2.77,design
2026-06-11,336-05,2.52,design
2026-06-12,336-05,2.36,design
2026-06-13,336-05,2.19,design
2026-06-14,336-05,2.59,design
2026-06-08,336-06,1.36,design
2026-06-09,336-06,1.5,design
2026-06-10,336-06,1.49,design
2026-06-11,336-06,1.22,design
2026-06-12,336-06,1.36,design
2026-06-13,336-06,1.11,design
2026-06-14,336-06,1.31,design
2026-06-08,336-07,2.49,design
2026-06-09,336-07,2.73,design
2026-06-10,336-07,2.45,design
2026-06-11,336-07,1.93,design
2026-06-12,336-07,2.04,design
2026-06-13,336-07,2.38,design
2026-06-14,336-07,2.41,design
2026-06-08,337-01,0.07,design
2026-06-09,337-01,0.2,design
2026-06-10,337-01,0.19,design
2026-06-11,337-01,0.19,design
2026-06-12,337-01,0.2,design
2026-06-13,337-01,0.2,design
2026-06-14,337-01,0.2,design
2026-06-08,337-02,0.08,design
2026-06-09,337-02,0.21,design
2026-06-10,337-02,0.2,design
2026-06-11,337-02,0.2,design
2026-06-12,337-02,0.21,design
2026-06-13,337-02,0.21,design
2026-06-14,337-02,0.2,design
2026-06-08,337-03,0.07,design
2026-06-09,337-03,0.18,design
2026-06-10,337-03,0.18,design
2026-06-11,337-03,0.18,design
2026-06-12,337-03,0.18,design
2026-06-13,337-03,0.19,design
2026-06-14,337-03,0.19,design
2026-06-08,337-04,0.07,design
2026-06-09,337-04,0.18,design
2026-06-10,337-04,0.18,design
2026-06-11,337-04,0.18,design
2026-06-12,337-04,0.18,design
2026-06-13,337-04,0.19,design
2026-06-14,337-04,0.18,design
2026-06-08,337-05,0.08,design
2026-06-09,337-05,0.2,design
2026-06-10,337-05,0.19,design
2026-06-11,337-05,0.19,design
2026-06-12,337-05,0.2,design
2026-06-13,337-05,0.21,design
2026-06-14,337-05,0.2,design
2026-06-08,338-01,0.05,design
2026-06-09,338-01,0.14,design
2026-06-10,338-01,0.13,design
2026-06-11,338-01,0.13,design
2026-06-12,338-01,0.14,design
2026-06-13,338-01,0.15,design
2026-06-14,338-01,0.18,design
2026-06-08,338-02,0.04,design
2026-06-09,338-02,0.12,design
2026-06-10,338-02,0.11,design
2026-06-11,338-02,0.11,design
2026-06-12,338-02,0.11,design
2026-06-13,338-02,0.12,design
2026-06-14,338-02,0.15,design
2026-06-08,338-03,0.05,design
2026-06-09,338-03,0.16,design
2026-06-10,338-03,0.14,design
2026-06-11,338-03,0.14,design
2026-06-12,338-03,0.15,design
2026-06-13,338-03,0.16,design
2026-06-14,338-03,0.18,design
2026-06-08,339-01,0.6,design
2026-06-09,339-01,0.75,design
2026-06-10,339-01,0.67,design
2026-06-11,339-01,0.61,design
2026-06-12,339-01,0.57,design
2026-06-13,339-01,0.59,design
2026-06-14,339-01,0.7,design
2026-06-08,339-02,1.61,design
2026-06-09,339-02,1.63,design
2026-06-10,339-02,1.42,design
2026-06-11,339-02,0.9,design
2026-06-12,339-02,0.88,design
2026-06-13,339-02,0.92,design
2026-06-14,339-02,1.03,design
2026-06-08,339-03,0.84,design
2026-06-09,339-03,0.9,design
2026-06-10,339-03,0.69,design
2026-06-11,339-03,0.79,design
2026-06-12,339-03,0.8,design
2026-06-13,339-03,0.72,design
2026-06-14,339-03,0.82,design
2026-06-08,340-01,1.35,design
2026-06-09,340-01,2.02,design
2026-06-10,340-01,6.62,design
2026-06-11,340-01,6.28,design
2026-06-12,340-01,4.91,design
2026-06-13,340-01,5.2,design
2026-06-14,340-01,4.62,design
2026-06-08,340-02,1.51,design
2026-06-09,340-02,2.3,design
2026-06-10,340-02,2.21,design
2026-06-11,340-02,1.67,design
2026-06-12,340-02,1.43,design
2026-06-13,340-02,1.43,design
2026-06-14,340-02,1.41,design
2026-06-08,340-03,1.46,design
2026-06-09,340-03,1.59,design
2026-06-10,340-03,1.9,design
2026-06-11,340-03,1.96,design
2026-06-12,340-03,2.07,design
2026-06-13,340-03,1.9,design
2026-06-14,340-03,1.95,design
2026-06-08,340-04,1.26,design
2026-06-09,340-04,1.32,design
2026-06-10,340-04,1.0,design
2026-06-11,340-04,0.99,design
2026-06-12,340-04,0.97,design
2026-06-13,340-04,0.99,design
2026-06-14,340-04,1.15,design
2026-06-08,341-01,0.01,design
2026-06-09,341-01,0.08,design
2026-06-10,341-01,0.07,design
2026-06-11,341-01,0.07,design
2026-06-12,341-01,0.08,design
2026-06-13,341-01,0.09,design
2026-06-14,341-01,0.11,design
2026-06-08,341-02,0.01,design
2026-06-09,341-02,0.07,design
2026-06-10,341-02,0.07,design
2026-06-11,341-02,0.07,design
2026-06-12,341-02,0.07,design
2026-06-13,341-02,0.08,design
2026-06-14,341-02,0.1,design
2026-06-08,341-03,0.01,design
2026-06-09,341-03,0.08,design
2026-06-10,341-03,0.08,design
2026-06-11,341-03,0.08,design
2026-06-12,341-03,0.08,design
2026-06-13,341-03,0.1,design
2026-06-14,341-03,0.12,design
2026-06-08,341-04,0.01,design
2026-06-09,341-04,0.09,design
2026-06-10,341-04,0.08,design
2026-06-11,341-04,0.08,design
2026-06-12,341-04,0.09,design
2026-06-13,341-04,0.11,design
2026-06-14,341-04,0.12,design
2026-06-08,342-01,0.28,design
2026-06-09,342-01,0.38,design
2026-06-10,342-01,0.29,design
2026-06-11,342-01,0.29,design
2026-06-12,342-01,0.25,design
2026-06-13,342-01,0.31,design
2026-06-14,342-01,0.38,design
2026-06-08,342-02,0.13,design
2026-06-09,342-02,0.17,design
2026-06-10,342-02,0.18,design
2026-06-11,342-02,0.18,design
2026-06-12,342-02,0.17,design
2026-06-13,342-02,0.22,design
2026-06-14,342-02,0.28,design
2026-06-08,342-03,0.09,design
2026-06-09,342-03,0.21,design
2026-06-10,342-03,0.19,design
2026-06-11,342-03,0.19,design
2026-06-12,342-03,0.21,design
2026-06-13,342-03,0.25,design
2026-06-14,342-03,0.31,design
2026-06-08,342-04,0.11,design
2026-06-09,342-04,0.23,design
2026-06-10,342-04,0.21,design
2026-06-11,342-04,0.21,design
2026-06-12,342-04,0.25,design
2026-06-13,342-04,0.29,design
2026-06-14,342-04,0.36,design
2026-06-08,343-01,0.01,design
2026-06-09,343-01,0.08,design
2026-06-10,343-01,0.07,design
2026-06-11,343-01,0.07,design
2026-06-12,343-01,0.08,design
2026-06-13,343-01,0.09,design
2026-06-14,343-01,0.11,design
2026-06-08,343-02,0.01,design
2026-06-09,343-02,0.08,design
2026-06-10,343-02,0.07,design
2026-06-11,343-02,0.07,design
2026-06-12,343-02,0.08,design
2026-06-13,343-02,0.09,design
2026-06-14,343-02,0.11,design
2026-06-08,343-03,0.01,design
2026-06-09,343-03,0.09,design
2026-06-10,343-03,0.07,design
2026-06-11,343-03,0.07,design
2026-06-12,343-03,0.09,design
2026-06-13,343-03,0.1,design
2026-06-14,343-03,0.12,design
2026-06-08,343-04,0.01,design
2026-06-09,343-04,0.08,design
2026-06-10,343-04,0.07,design
2026-06-11,343-04,0.07,design
2026-06-12,343-04,0.08,design
2026-06-13,343-04,0.09,design
2026-06-14,343-04,0.11,design
2026-06-08,344-01,0.29,design
2026-06-09,344-01,0.28,design
2026-06-10,344-01,0.27,design
2026-06-11,344-01,0.31,design
2026-06-12,344-01,0.32,design
2026-06-13,344-01,0.29,design
2026-06-14,344-01,0.33,design
2026-06-08,344-02,0.21,design
2026-06-09,344-02,0.25,design
2026-06-10,344-02,0.21,design
2026-06-11,344-02,0.17,design
2026-06-12,344-02,0.15,design
2026-06-13,344-02,0.18,design
2026-06-14,344-02,0.19,design
2026-06-08,344-03,0.32,design
2026-06-09,344-03,0.38,design
2026-06-10,344-03,0.3,design
2026-06-11,344-03,0.2,design
2026-06-12,344-03,0.2,design
2026-06-13,344-03,0.22,design
2026-06-14,344-03,0.31,design
2026-06-08,344-04,0.04,design
2026-06-09,344-04,0.09,design
2026-06-10,344-04,0.09,design
2026-06-11,344-04,0.09,design
2026-06-12,344-04,0.08,design
2026-06-13,344-04,0.09,design
2026-06-14,344-04,0.11,design
2026-06-08,345-01,0.03,design
2026-06-09,345-01,0.1,design
2026-06-10,345-01,0.09,design
2026-06-11,345-01,0.09,design
2026-06-12,345-01,0.1,design
2026-06-13,345-01,0.11,design
2026-06-14,345-01,0.14,design
2026-06-08,345-03,0.03,design
2026-06-09,345-03,0.11,design
2026-06-10,345-03,0.1,design
2026-06-11,345-03,0.1,design
2026-06-12,345-03,0.11,design
2026-06-13,345-03,0.12,design
2026-06-14,345-03,0.14,design
2026-06-08,345-04,0.03,design
2026-06-09,345-04,0.1,design
2026-06-10,345-04,0.09,design
2026-06-11,345-04,0.09,design
2026-06-12,345-04,0.1,design
2026-06-13,345-04,0.11,design
2026-06-14,345-04,0.13,design
2026-06-08,345-05,0.03,design
2026-06-09,345-05,0.1,design
2026-06-10,345-05,0.09,design
2026-06-11,345-05,0.09,design
2026-06-12,345-05,0.1,design
2026-06-13,345-05,0.11,design
2026-06-14,345-05,0.13,design
2026-06-08,346-01,0.1,design
2026-06-09,346-01,0.16,design
2026-06-10,346-01,0.15,design
2026-06-11,346-01,0.14,design
2026-06-12,346-01,0.16,design
2026-06-13,346-01,0.2,design
2026-06-14,346-01,0.23,design
2026-06-08,346-02,0.05,design
2026-06-09,346-02,0.13,design
2026-06-10,346-02,0.11,design
2026-06-11,346-02,0.11,design
2026-06-12,346-02,0.13,design
2026-06-13,346-02,0.17,design
2026-06-14,346-02,0.19,design
2026-06-08,346-03,0.09,design
2026-06-09,346-03,0.15,design
2026-06-10,346-03,0.14,design
2026-06-11,346-03,0.14,design
2026-06-12,346-03,0.12,design
2026-06-13,346-03,0.16,design
2026-06-14,346-03,0.19,design
2026-06-08,346-04,0.04,design
2026-06-09,346-04,0.11,design
2026-06-10,346-04,0.11,design
2026-06-11,346-04,0.11,design
2026-06-12,346-04,0.11,design
2026-06-13,346-04,0.15,design
2026-06-14,346-04,0.18,design
2026-06-08,347-01,0.07,design
2026-06-09,347-01,0.18,design
2026-06-10,347-01,0.17,design
2026-06-11,347-01,0.17,design
2026-06-12,347-01,0.18,design
2026-06-13,347-01,0.19,design
2026-06-14,347-01,0.2,design
2026-06-08,347-02,0.37,design
2026-06-09,347-02,0.44,design
2026-06-10,347-02,0.35,design
2026-06-11,347-02,0.25,design
2026-06-12,347-02,0.32,design
2026-06-13,347-02,0.36,design
2026-06-14,347-02,0.31,design
2026-06-08,347-03,0.39,design
2026-06-09,347-03,0.43,design
2026-06-10,347-03,0.36,design
2026-06-11,347-03,0.35,design
2026-06-12,347-03,0.36,design
2026-06-13,347-03,0.33,design
2026-06-14,347-03,0.35,design
2026-06-08,347-04,0.08,design
2026-06-09,347-04,0.16,design
2026-06-10,347-04,0.16,design
2026-06-11,347-04,0.16,design
2026-06-12,347-04,0.16,design
2026-06-13,347-04,0.17,design
2026-06-14,347-04,0.19,design
2026-06-08,348-01,0.03,design
2026-06-09,348-01,0.18,design
2026-06-10,348-01,0.17,design
2026-06-11,348-01,0.17,design
2026-06-12,348-01,0.18,design
2026-06-13,348-01,0.19,design
2026-06-14,348-01,0.2,design
2026-06-08,348-02,0.02,design
2026-06-09,348-02,0.16,design
2026-06-10,348-02,0.15,design
2026-06-11,348-02,0.15,design
2026-06-12,348-02,0.16,design
2026-06-13,348-02,0.17,design
2026-06-14,348-02,0.18,design
2026-06-08,348-03,0.02,design
2026-06-09,348-03,0.14,design
2026-06-10,348-03,0.13,design
2026-06-11,348-03,0.13,design
2026-06-12,348-03,0.14,design
2026-06-13,348-03,0.15,design
2026-06-14,348-03,0.16,design
2026-06-08,348-04,0.03,design
2026-06-09,348-04,0.14,design
2026-06-10,348-04,0.14,design
2026-06-11,348-04,0.14,design
2026-06-12,348-04,0.14,design
2026-06-13,348-04,0.16,design
2026-06-14,348-04,0.17,design
2026-06-08,349-01,0.03,design
2026-06-09,349-01,0.1,design
2026-06-10,349-01,0.08,design
2026-06-11,349-01,0.08,design
2026-06-12,349-01,0.1,design
2026-06-13,349-01,0.11,design
2026-06-14,349-01,0.14,design
2026-06-08,349-02,0.02,design
2026-06-09,349-02,0.08,design
2026-06-10,349-02,0.08,design
2026-06-11,349-02,0.08,design
2026-06-12,349-02,0.08,design
2026-06-13,349-02,0.1,design
2026-06-14,349-02,0.12,design
2026-06-08,349-03,0.03,design
2026-06-09,349-03,0.1,design
2026-06-10,349-03,0.09,design
2026-06-11,349-03,0.09,design
2026-06-12,349-03,0.1,design
2026-06-13,349-03,0.11,design
2026-06-14,349-03,0.13,design
2026-06-08,350-01,0.0,design
2026-06-09,350-01,0.0,design
2026-06-10,350-01,0.0,design
2026-06-11,350-01,0.0,design
2026-06-12,350-01,0.0,design
2026-06-13,350-01,0.0,design
2026-06-14,350-01,0.0,design
2026-06-08,350-02,0.38,design
2026-06-09,350-02,0.35,design
2026-06-10,350-02,0.27,design
2026-06-11,350-02,0.19,design
2026-06-12,350-02,0.21,design
2026-06-13,350-02,0.22,design
2026-06-14,350-02,0.3,design
2026-06-08,350-03,0.01,design
2026-06-09,350-03,0.07,design
2026-06-10,350-03,0.05,design
2026-06-11,350-03,0.05,design
2026-06-12,350-03,0.05,design
2026-06-13,350-03,0.08,design
2026-06-14,350-03,0.08,design
2026-06-08,350-04,0.0,design
2026-06-09,350-04,0.0,design
2026-06-10,350-04,0.0,design
2026-06-11,350-04,0.0,design
2026-06-12,350-04,0.0,design
2026-06-13,350-04,0.0,design
2026-06-14,350-04,0.0,design
2026-06-08,351-01,0.2,design
2026-06-09,351-01,0.21,design
2026-06-10,351-01,0.25,design
2026-06-11,351-01,0.22,design
2026-06-12,351-01,0.18,design
2026-06-13,351-01,0.21,design
2026-06-14,351-01,0.19,design
2026-06-08,351-02,0.14,design
2026-06-09,351-02,0.16,design
2026-06-10,351-02,0.14,design
2026-06-11,351-02,0.15,design
2026-06-12,351-02,0.15,design
2026-06-13,351-02,0.16,design
2026-06-14,351-02,0.18,design
2026-06-08,351-03,0.03,design
2026-06-09,351-03,0.09,design
2026-06-10,351-03,0.08,design
2026-06-11,351-03,0.08,design
2026-06-12,351-03,0.09,design
2026-06-13,351-03,0.11,design
2026-06-14,351-03,0.13,design
2026-06-08,352-01,0.94,design
2026-06-09,352-01,1.1,design
2026-06-10,352-01,0.8,design
2026-06-11,352-01,0.71,design
2026-06-12,352-01,0.71,design
2026-06-13,352-01,0.76,design
2026-06-14,352-01,0.76,design
2026-06-08,352-02,1.14,design
2026-06-09,352-02,1.1,design
2026-06-10,352-02,0.89,design
2026-06-11,352-02,0.79,design
2026-06-12,352-02,0.82,design
2026-06-13,352-02,0.74,design
2026-06-14,352-02,0.77,design
2026-06-08,352-03,0.82,design
2026-06-09,352-03,0.93,design
2026-06-10,352-03,0.7,design
2026-06-11,352-03,0.63,design
2026-06-12,352-03,0.61,design
2026-06-13,352-03,0.58,design
2026-06-14,352-03,0.62,design
2026-06-08,352-04,0.74,design
2026-06-09,352-04,0.65,design
2026-06-10,352-04,0.58,design
2026-06-11,352-04,0.54,design
2026-06-12,352-04,0.55,design
2026-06-13,352-04,0.55,design
2026-06-14,352-04,0.58,design
2026-06-08,353-01,0.16,design
2026-06-09,353-01,0.18,design
2026-06-10,353-01,0.15,design
2026-06-11,353-01,0.14,design
2026-06-12,353-01,0.16,design
2026-06-13,353-01,0.17,design
2026-06-14,353-01,0.2,design
2026-06-08,353-02,0.07,design
2026-06-09,353-02,0.15,design
2026-06-10,353-02,0.14,design
2026-06-11,353-02,0.14,design
2026-06-12,353-02,0.15,design
2026-06-13,353-02,0.14,design
2026-06-14,353-02,0.16,design
2026-06-08,353-03,0.26,design
2026-06-09,353-03,0.26,design
2026-06-10,353-03,0.24,design
2026-06-11,353-03,0.31,design
2026-06-12,353-03,0.25,design
2026-06-13,353-03,0.26,design
2026-06-14,353-03,0.3,design
2026-06-08,353-04,0.4,design
2026-06-09,353-04,0.45,design
2026-06-10,353-04,0.37,design
2026-06-11,353-04,0.33,design
2026-06-12,353-04,0.34,design
2026-06-13,353-04,0.31,design
2026-06-14,353-04,0.29,design
2026-06-08,354-01,0.28,design
2026-06-09,354-01,0.37,design
2026-06-10,354-01,0.27,design
2026-06-11,354-01,0.24,design
2026-06-12,354-01,0.26,design
2026-06-13,354-01,0.24,design
2026-06-14,354-01,0.26,design
2026-06-08,354-02,0.37,design
2026-06-09,354-02,0.45,design
2026-06-10,354-02,0.26,design
2026-06-11,354-02,0.27,design
2026-06-12,354-02,0.31,design
2026-06-13,354-02,0.31,design
2026-06-14,354-02,0.33,design
2026-06-08,354-03,0.26,design
2026-06-09,354-03,0.22,design
2026-06-10,354-03,0.2,design
2026-06-11,354-03,0.2,design
2026-06-12,354-03,0.19,design
2026-06-13,354-03,0.21,design
2026-06-14,354-03,0.23,design
2026-06-08,355-01,0.59,design
2026-06-09,355-01,0.46,design
2026-06-10,355-01,0.45,design
2026-06-11,355-01,0.39,design
2026-06-12,355-01,0.4,design
2026-06-13,355-01,0.39,design
2026-06-14,355-01,0.42,design
2026-06-08,355-02,0.17,design
2026-06-09,355-02,0.25,design
2026-06-10,355-02,0.16,design
2026-06-11,355-02,0.16,design
2026-06-12,355-02,0.18,design
2026-06-13,355-02,0.18,design
2026-06-14,355-02,0.19,design
2026-06-08,356-01,0.04,design
2026-06-09,356-01,0.17,design
2026-06-10,356-01,0.17,design
2026-06-11,356-01,0.17,design
2026-06-12,356-01,0.17,design
2026-06-13,356-01,0.19,design
2026-06-14,356-01,0.21,design
2026-06-08,356-02,0.03,design
2026-06-09,356-02,0.17,design
2026-06-10,356-02,0.16,design
2026-06-11,356-02,0.16,design
2026-06-12,356-02,0.17,design
2026-06-13,356-02,0.19,design
2026-06-14,356-02,0.2,design
2026-06-08,356-03,0.05,design
2026-06-09,356-03,0.2,design
2026-06-10,356-03,0.2,design
2026-06-11,356-03,0.2,design
2026-06-12,356-03,0.2,design
2026-06-13,356-03,0.22,design
2026-06-14,356-03,0.23,design
2026-06-08,356-04,0.03,design
2026-06-09,356-04,0.18,design
2026-06-10,356-04,0.18,design
2026-06-11,356-04,0.18,design
2026-06-12,356-04,0.18,design
2026-06-13,356-04,0.2,design
2026-06-14,356-04,0.21,design
2026-06-08,357-01,0.0,design
2026-06-09,357-01,0.08,design
2026-06-10,357-01,0.06,design
2026-06-11,357-01,0.06,design
2026-06-12,357-01,0.06,design
2026-06-13,357-01,0.06,design
2026-06-14,357-01,0.09,design
2026-06-08,357-02,0.2,design
2026-06-09,357-02,0.32,design
2026-06-10,357-02,0.26,design
2026-06-11,357-02,0.26,design
2026-06-12,357-02,0.23,design
2026-06-13,357-02,0.18,design
2026-06-14,357-02,0.18,design
2026-06-08,357-03,0.39,design
2026-06-09,357-03,0.42,design
2026-06-10,357-03,0.31,design
2026-06-11,357-03,0.22,design
2026-06-12,357-03,0.22,design
2026-06-13,357-03,0.21,design
2026-06-14,357-03,0.18,design
2026-06-08,358-01,0.05,design
2026-06-09,358-01,0.08,design
2026-06-10,358-01,0.07,design
2026-06-11,358-01,0.07,design
2026-06-12,358-01,0.08,design
2026-06-13,358-01,0.09,design
2026-06-14,358-01,0.1,design
2026-06-08,358-02,0.3,design
2026-06-09,358-02,0.38,design
2026-06-10,358-02,0.31,design
2026-06-11,358-02,0.3,design
2026-06-12,358-02,0.31,design
2026-06-13,358-02,0.34,design
2026-06-14,358-02,0.27,design
2026-06-08,358-03,0.01,design
2026-06-09,358-03,0.08,design
2026-06-10,358-03,0.07,design
2026-06-11,358-03,0.07,design
2026-06-12,358-03,0.09,design
2026-06-13,358-03,0.09,design
2026-06-14,358-03,0.11,design
2026-06-08,359-01,0.04,design
2026-06-09,359-01,0.16,design
2026-06-10,359-01,0.14,design
2026-06-11,359-01,0.14,design
2026-06-12,359-01,0.15,design
2026-06-13,359-01,0.18,design
2026-06-14,359-01,0.19,design
2026-06-08,359-02,0.07,design
2026-06-09,359-02,0.17,design
2026-06-10,359-02,0.18,design
2026-06-11,359-02,0.15,design
2026-06-12,359-02,0.18,design
2026-06-13,359-02,0.19,design
2026-06-14,359-02,0.2,design
2026-06-08,359-03,0.02,design
2026-06-09,359-03,0.13,design
2026-06-10,359-03,0.11,design
2026-06-11,359-03,0.11,design
2026-06-12,359-03,0.12,design
2026-06-13,359-03,0.15,design
2026-06-14,359-03,0.17,design
2026-06-08,360-01,0.07,design
2026-06-09,360-01,0.2,design
2026-06-10,360-01,0.19,design
2026-06-11,360-01,0.18,design
2026-06-12,360-01,0.17,design
2026-06-13,360-01,0.18,design
2026-06-14,360-01,0.2,design
2026-06-08,360-02,0.38,design
2026-06-09,360-02,0.52,design
2026-06-10,360-02,0.48,design
2026-06-11,360-02,0.34,design
2026-06-12,360-02,0.34,design
2026-06-13,360-02,0.31,design
2026-06-14,360-02,0.38,design
2026-06-08,360-03,0.28,design
2026-06-09,360-03,0.41,design
2026-06-10,360-03,0.34,design
2026-06-11,360-03,0.34,design
2026-06-12,360-03,0.35,design
2026-06-13,360-03,0.36,design
2026-06-14,360-03,0.34,design
2026-06-08,361-01,0.21,design
2026-06-09,361-01,0.28,design
2026-06-10,361-01,0.18,design
2026-06-11,361-01,0.09,design
2026-06-12,361-01,0.1,design
2026-06-13,361-01,0.1,design
2026-06-14,361-01,0.12,design
2026-06-08,361-02,0.53,design
2026-06-09,361-02,0.6,design
2026-06-10,361-02,0.33,design
2026-06-11,361-02,0.22,design
2026-06-12,361-02,0.19,design
2026-06-13,361-02,0.25,design
2026-06-14,361-02,0.33,design
2026-06-08,361-03,0.0,design
2026-06-09,361-03,0.0,design
2026-06-10,361-03,0.0,design
2026-06-11,361-03,0.0,design
2026-06-12,361-03,0.0,design
2026-06-13,361-03,0.0,design
2026-06-14,361-03,0.0,design
2026-06-08,361-04,0.21,design
2026-06-09,361-04,0.2,design
2026-06-10,361-04,0.2,design
2026-06-11,361-04,0.12,design
2026-06-12,361-04,0.09,design
2026-06-13,361-04,0.09,design
2026-06-14,361-04,0.12,design
2026-06-08,362-01,0.22,design
2026-06-09,362-01,0.27,design
2026-06-10,362-01,0.25,design
2026-06-11,362-01,0.25,design
2026-06-12,362-01,0.28,design
2026-06-13,362-01,0.28,design
2026-06-14,362-01,0.34,design
2026-06-08,362-02,0.38,design
2026-06-09,362-02,0.4,design
2026-06-10,362-02,0.27,design
2026-06-11,362-02,0.27,design
2026-06-12,362-02,0.33,design
2026-06-13,362-02,0.32,design
2026-06-14,362-02,0.37,design
2026-06-08,362-03,0.06,design
2026-06-09,362-03,0.27,design
2026-06-10,362-03,0.25,design
2026-06-11,362-03,0.25,design
2026-06-12,362-03,0.26,design
2026-06-13,362-03,0.28,design
2026-06-14,362-03,0.32,design
2026-06-08,363-01,0.04,design
2026-06-09,363-01,0.1,design
2026-06-10,363-01,0.06,design
2026-06-11,363-01,0.06,design
2026-06-12,363-01,0.07,design
2026-06-13,363-01,0.1,design
2026-06-14,363-01,0.11,design
2026-06-08,363-02,0.0,design
2026-06-09,363-02,0.0,design
2026-06-10,363-02,0.0,design
2026-06-11,363-02,0.0,design
2026-06-12,363-02,0.0,design
2026-06-13,363-02,0.0,design
2026-06-14,363-02,0.0,design
2026-06-08,363-03,0.0,design
2026-06-09,363-03,0.0,design
2026-06-10,363-03,0.0,design
2026-06-11,363-03,0.0,design
2026-06-12,363-03,0.0,design
2026-06-13,363-03,0.0,design
2026-06-14,363-03,0.0,design
2026-06-08,364-01,0.04,design
2026-06-09,364-01,0.13,design
2026-06-10,364-01,0.11,design
2026-06-11,364-01,0.11,design
2026-06-12,364-01,0.11,design
2026-06-13,364-01,0.14,design
2026-06-14,364-01,0.21,design
2026-06-08,364-02,0.26,design
2026-06-09,364-02,0.35,design
2026-06-10,364-02,0.34,design
2026-06-11,364-02,0.24,design
2026-06-12,364-02,0.23,design
2026-06-13,364-02,0.24,design
2026-06-14,364-02,0.32,design
2026-06-08,364-03,0.1,design
2026-06-09,364-03,0.21,design
2026-06-10,364-03,0.19,design
2026-06-11,364-03,0.19,design
2026-06-12,364-03,0.2,design
2026-06-13,364-03,0.19,design
2026-06-14,364-03,0.26,design
2026-06-08,364-04,0.41,design
2026-06-09,364-04,0.47,design
2026-06-10,364-04,0.39,design
2026-06-11,364-04,0.3,design
2026-06-12,364-04,0.31,design
2026-06-13,364-04,0.25,design
2026-06-14,364-04,0.35,design
2026-06-08,365-01,0.0,design
2026-06-09,365-01,0.0,design
2026-06-10,365-01,0.0,design
2026-06-11,365-01,0.0,design
2026-06-12,365-01,0.0,design
2026-06-13,365-01,0.0,design
2026-06-14,365-01,0.0,design
2026-06-08,365-02,0.0,design
2026-06-09,365-02,0.0,design
2026-06-10,365-02,0.0,design
2026-06-11,365-02,0.0,design
2026-06-12,365-02,0.0,design
2026-06-13,365-02,0.0,design
2026-06-14,365-02,0.0,design
2026-06-08,365-03,0.0,design
2026-06-09,365-03,0.0,design
2026-06-10,365-03,0.0,design
2026-06-11,365-03,0.0,design
2026-06-12,365-03,0.0,design
2026-06-13,365-03,0.0,design
2026-06-14,365-03,0.0,design
2026-06-08,365-04,0.01,design
2026-06-09,365-04,0.07,design
2026-06-10,365-04,0.02,design
2026-06-11,365-04,0.04,design
2026-06-12,365-04,0.12,design
2026-06-13,365-04,0.05,design
2026-06-14,365-04,0.06,design
2026-06-08,366-01,0.0,design
2026-06-09,366-01,0.0,design
2026-06-10,366-01,0.0,design
2026-06-11,366-01,0.0,design
2026-06-12,366-01,0.0,design
2026-06-13,366-01,0.0,design
2026-06-14,366-01,0.0,design
2026-06-08,366-02,0.0,design
2026-06-09,366-02,0.0,design
2026-06-10,366-02,0.0,design
2026-06-11,366-02,0.0,design
2026-06-12,366-02,0.0,design
2026-06-13,366-02,0.0,design
2026-06-14,366-02,0.0,design
2026-06-08,366-04,0.0,design
2026-06-09,366-04,0.0,design
2026-06-10,366-04,0.04,design
2026-06-11,366-04,0.04,design
2026-06-12,366-04,0.05,design
2026-06-13,366-04,0.06,design
2026-06-14,366-04,0.08,design
2026-06-08,367-01,0.73,design
2026-06-09,367-01,0.63,design
2026-06-10,367-01,0.49,design
2026-06-11,367-01,0.39,design
2026-06-12,367-01,0.41,design
2026-06-13,367-01,0.41,design
2026-06-14,367-01,0.44,design
2026-06-08,367-02,0.04,design
2026-06-09,367-02,0.13,design
2026-06-10,367-02,0.11,design
2026-06-11,367-02,0.11,design
2026-06-12,367-02,0.13,design
2026-06-13,367-02,0.14,design
2026-06-14,367-02,0.16,design
2026-06-08,367-03,0.09,design
2026-06-09,367-03,0.15,design
2026-06-10,367-03,0.14,design
2026-06-11,367-03,0.13,design
2026-06-12,367-03,0.14,design
2026-06-13,367-03,0.15,design
2026-06-14,367-03,0.16,design
2026-06-08,367-04,0.4,design
2026-06-09,367-04,0.4,design
2026-06-10,367-04,0.36,design
2026-06-11,367-04,0.35,design
2026-06-12,367-04,0.36,design
2026-06-13,367-04,0.33,design
2026-06-14,367-04,0.32,design
2026-06-08,368-02,0.07,design
2026-06-09,368-02,0.08,design
2026-06-10,368-02,0.07,design
2026-06-11,368-02,0.07,design
2026-06-12,368-02,0.08,design
2026-06-13,368-02,0.09,design
2026-06-14,368-02,0.11,design
2026-06-08,371-01,0.6,design
2026-06-09,371-01,0.59,design
2026-06-10,371-01,0.46,design
2026-06-11,371-01,0.38,design
2026-06-12,371-01,0.38,design
2026-06-13,371-01,0.4,design
2026-06-14,371-01,0.39,design
2026-06-08,371-02,0.37,design
2026-06-09,371-02,0.35,design
2026-06-10,371-02,0.32,design
2026-06-11,371-02,0.23,design
2026-06-12,371-02,0.18,design
2026-06-13,371-02,0.2,design
2026-06-14,371-02,0.24,design
2026-06-08,371-03,0.24,design
2026-06-09,371-03,0.32,design
2026-06-10,371-03,0.33,design
2026-06-11,371-03,0.33,design
2026-06-12,371-03,0.22,design
2026-06-13,371-03,0.23,design
2026-06-14,371-03,0.25,design
2026-06-08,371-04,0.33,design
2026-06-09,371-04,0.29,design
2026-06-10,371-04,0.28,design
2026-06-11,371-04,0.28,design
2026-06-12,371-04,0.24,design
2026-06-13,371-04,0.24,design
2026-06-14,371-04,0.28,design
2026-06-08,372-01,0.46,design
2026-06-09,372-01,0.64,design
2026-06-10,372-01,0.62,design
2026-06-11,372-01,0.63,design
2026-06-12,372-01,0.59,design
2026-06-13,372-01,0.53,design
2026-06-14,372-01,0.45,design
2026-06-08,372-02,0.51,design
2026-06-09,372-02,0.62,design
2026-06-10,372-02,0.54,design
2026-06-11,372-02,0.4,design
2026-06-12,372-02,0.37,design
2026-06-13,372-02,0.38,design
2026-06-14,372-02,0.38,design
2026-06-08,372-03,0.36,design
2026-06-09,372-03,0.41,design
2026-06-10,372-03,0.39,design
2026-06-11,372-03,0.27,design
2026-06-12,372-03,0.28,design
2026-06-13,372-03,0.31,design
2026-06-14,372-03,0.23,design
2026-06-08,373-01,0.08,design
2026-06-09,373-01,0.15,design
2026-06-10,373-01,0.07,design
2026-06-11,373-01,0.07,design
2026-06-12,373-01,0.08,design
2026-06-13,373-01,0.1,design
2026-06-14,373-01,0.11,design
2026-06-08,373-02,0.02,design
2026-06-09,373-02,0.09,design
2026-06-10,373-02,0.08,design
2026-06-11,373-02,0.08,design
2026-06-12,373-02,0.09,design
2026-06-13,373-02,0.1,design
2026-06-14,373-02,0.12,design
2026-06-08,373-03,0.02,design
2026-06-09,373-03,0.09,design
2026-06-10,373-03,0.08,design
2026-06-11,373-03,0.08,design
2026-06-12,373-03,0.09,design
2026-06-13,373-03,0.11,design
2026-06-14,373-03,0.13,design
2026-06-08,373-04,0.03,design
2026-06-09,373-04,0.09,design
2026-06-10,373-04,0.09,design
2026-06-11,373-04,0.11,design
2026-06-12,373-04,0.12,design
2026-06-13,373-04,0.12,design
2026-06-14,373-04,0.12,design
2026-06-08,374-01,0.05,design
2026-06-09,374-01,0.13,design
2026-06-10,374-01,0.12,design
2026-06-11,374-01,0.12,design
2026-06-12,374-01,0.11,design
2026-06-13,374-01,0.12,design
2026-06-14,374-01,0.13,design
2026-06-08,374-02,0.01,design
2026-06-09,374-02,0.08,design
2026-06-10,374-02,0.07,design
2026-06-11,374-02,0.07,design
2026-06-12,374-02,0.08,design
2026-06-13,374-02,0.09,design
2026-06-14,374-02,0.11,design
2026-06-08,374-03,0.02,design
2026-06-09,374-03,0.09,design
2026-06-10,374-03,0.08,design
2026-06-11,374-03,0.08,design
2026-06-12,374-03,0.09,design
2026-06-13,374-03,0.11,design
2026-06-14,374-03,0.12,design
2026-06-08,375-01,0.08,design
2026-06-09,375-01,0.16,design
2026-06-10,375-01,0.15,design
2026-06-11,375-01,0.09,design
2026-06-12,375-01,0.08,design
2026-06-13,375-01,0.1,design
2026-06-14,375-01,0.11,design
2026-06-08,375-02,0.05,design
2026-06-09,375-02,0.11,design
2026-06-10,375-02,0.11,design
2026-06-11,375-02,0.09,design
2026-06-12,375-02,0.09,design
2026-06-13,375-02,0.1,design
2026-06-14,375-02,0.12,design
2026-06-08,375-03,0.03,design
2026-06-09,375-03,0.08,design
2026-06-10,375-03,0.08,design
2026-06-11,375-03,0.08,design
2026-06-12,375-03,0.08,design
2026-06-13,375-03,0.1,design
2026-06-14,375-03,0.12,design
2026-06-08,375-04,0.01,design
2026-06-09,375-04,0.08,design
2026-06-10,375-04,0.07,design
2026-06-11,375-04,0.07,design
2026-06-12,375-04,0.08,design
2026-06-13,375-04,0.09,design
2026-06-14,375-04,0.11,design
2026-06-08,376-01,0.09,design
2026-06-09,376-01,0.18,design
2026-06-10,376-01,0.17,design
2026-06-11,376-01,0.14,design
2026-06-12,376-01,0.16,design
2026-06-13,376-01,0.15,design
2026-06-14,376-01,0.16,design
2026-06-08,376-02,0.62,design
2026-06-09,376-02,0.49,design
2026-06-10,376-02,0.37,design
2026-06-11,376-02,0.31,design
2026-06-12,376-02,0.32,design
2026-06-13,376-02,0.34,design
2026-06-14,376-02,0.36,design
2026-06-08,376-03,0.42,design
2026-06-09,376-03,0.48,design
2026-06-10,376-03,0.41,design
2026-06-11,376-03,0.4,design
2026-06-12,376-03,0.35,design
2026-06-13,376-03,0.36,design
2026-06-14,376-03,0.39,design
2026-06-08,377-01,0.35,design
2026-06-09,377-01,0.36,design
2026-06-10,377-01,0.33,design
2026-06-11,377-01,0.33,design
2026-06-12,377-01,0.35,design
2026-06-13,377-01,0.33,design
2026-06-14,377-01,0.31,design
2026-06-08,377-02,0.57,design
2026-06-09,377-02,0.44,design
2026-06-10,377-02,0.42,design
2026-06-11,377-02,0.36,design
2026-06-12,377-02,0.37,design
2026-06-13,377-02,0.36,design
2026-06-14,377-02,0.38,design
2026-06-08,377-03,0.57,design
2026-06-09,377-03,0.51,design
2026-06-10,377-03,0.42,design
2026-06-11,377-03,0.34,design
2026-06-12,377-03,0.35,design
2026-06-13,377-03,0.37,design
2026-06-14,377-03,0.38,design
2026-06-08,377-04,0.12,design
2026-06-09,377-04,0.15,design
2026-06-10,377-04,0.11,design
2026-06-11,377-04,0.11,design
2026-06-12,377-04,0.11,design
2026-06-13,377-04,0.12,design
2026-06-14,377-04,0.15,design
2026-06-08,378-01,0.41,design
2026-06-09,378-01,0.37,design
2026-06-10,378-01,0.33,design
2026-06-11,378-01,0.32,design
2026-06-12,378-01,0.33,design
2026-06-13,378-01,0.36,design
2026-06-14,378-01,0.33,design
2026-06-08,378-02,0.09,design
2026-06-09,378-02,0.17,design
2026-06-10,378-02,0.1,design
2026-06-11,378-02,0.1,design
2026-06-12,378-02,0.1,design
2026-06-13,378-02,0.11,design
2026-06-14,378-02,0.13,design
2026-06-08,379-01,0.02,design
2026-06-09,379-01,0.08,design
2026-06-10,379-01,0.07,design
2026-06-11,379-01,0.07,design
2026-06-12,379-01,0.08,design
2026-06-13,379-01,0.09,design
2026-06-14,379-01,0.11,design
2026-06-08,379-02,0.08,design
2026-06-09,379-02,0.13,design
2026-06-10,379-02,0.13,design
2026-06-11,379-02,0.12,design
2026-06-12,379-02,0.1,design
2026-06-13,379-02,0.12,design
2026-06-14,379-02,0.14,design
2026-06-08,379-03,0.45,design
2026-06-09,379-03,0.61,design
2026-06-10,379-03,0.55,design
2026-06-11,379-03,0.4,design
2026-06-12,379-03,0.36,design
2026-06-13,379-03,0.37,design
2026-06-14,379-03,0.38,design
2026-06-08,380-01,0.25,design
2026-06-09,380-01,0.33,design
2026-06-10,380-01,0.23,design
2026-06-11,380-01,0.21,design
2026-06-12,380-01,0.17,design
2026-06-13,380-01,0.2,design
2026-06-14,380-01,0.23,design
2026-06-08,380-02,0.03,design
2026-06-09,380-02,0.09,design
2026-06-10,380-02,0.08,design
2026-06-11,380-02,0.08,design
2026-06-12,380-02,0.09,design
2026-06-13,380-02,0.1,design
2026-06-14,380-02,0.12,design
2026-06-08,381-01,0.25,design
2026-06-09,381-01,0.16,design
2026-06-10,381-01,0.13,design
2026-06-11,381-01,0.17,design
2026-06-12,381-01,0.17,design
2026-06-13,381-01,0.15,design
2026-06-14,381-01,0.17,design
2026-06-08,381-02,0.23,design
2026-06-09,381-02,0.2,design
2026-06-10,381-02,0.17,design
2026-06-11,381-02,0.19,design
2026-06-12,381-02,0.28,design
2026-06-13,381-02,0.34,design
2026-06-14,381-02,0.26,design
2026-06-08,381-04,0.12,design
2026-06-09,381-04,0.25,design
2026-06-10,381-04,0.24,design
2026-06-11,381-04,0.23,design
2026-06-12,381-04,0.24,design
2026-06-13,381-04,0.26,design
2026-06-14,381-04,0.27,design
2026-06-08,382-01,0.41,design
2026-06-09,382-01,0.36,design
2026-06-10,382-01,0.32,design
2026-06-11,382-01,0.32,design
2026-06-12,382-01,0.31,design
2026-06-13,382-01,0.23,design
2026-06-14,382-01,0.25,design
2026-06-08,382-02,0.03,design
2026-06-09,382-02,0.1,design
2026-06-10,382-02,0.09,design
2026-06-11,382-02,0.09,design
2026-06-12,382-02,0.1,design
2026-06-13,382-02,0.11,design
2026-06-14,382-02,0.13,design
2026-06-08,382-03,0.01,design
2026-06-09,382-03,0.08,design
2026-06-10,382-03,0.07,design
2026-06-11,382-03,0.07,design
2026-06-12,382-03,0.08,design
2026-06-13,382-03,0.09,design
2026-06-14,382-03,0.11,design
2026-06-08,382-04,0.22,design
2026-06-09,382-04,0.35,design
2026-06-10,382-04,0.29,design
2026-06-11,382-04,0.23,design
2026-06-12,382-04,0.18,design
2026-06-13,382-04,0.2,design
2026-06-14,382-04,0.21,design
2026-06-08,383-03,0.76,design
2026-06-09,383-03,0.72,design
2026-06-10,383-03,0.69,design
2026-06-11,383-03,0.65,design
2026-06-12,383-03,0.59,design
2026-06-13,383-03,0.59,design
2026-06-14,383-03,0.61,design
2026-06-08,383-04,1.34,design
2026-06-09,383-04,1.22,design
2026-06-10,383-04,0.81,design
2026-06-11,383-04,0.67,design
2026-06-12,383-04,0.68,design
2026-06-13,383-04,0.68,design
2026-06-14,383-04,0.72,design
2026-06-08,401-01,0.01,design
2026-06-09,401-01,0.08,design
2026-06-10,401-01,0.08,design
2026-06-11,401-01,0.08,design
2026-06-12,401-01,0.08,design
2026-06-13,401-01,0.1,design
2026-06-14,401-01,0.11,design
2026-06-08,401-02,0.01,design
2026-06-09,401-02,0.08,design
2026-06-10,401-02,0.07,design
2026-06-11,401-02,0.07,design
2026-06-12,401-02,0.08,design
2026-06-13,401-02,0.1,design
2026-06-14,401-02,0.12,design
2026-06-08,401-03,0.01,design
2026-06-09,401-03,0.09,design
2026-06-10,401-03,0.08,design
2026-06-11,401-03,0.08,design
2026-06-12,401-03,0.09,design
2026-06-13,401-03,0.1,design
2026-06-14,401-03,0.12,design
2026-06-08,401-04,0.01,design
2026-06-09,401-04,0.08,design
2026-06-10,401-04,0.07,design
2026-06-11,401-04,0.07,design
2026-06-12,401-04,0.08,design
2026-06-13,401-04,0.09,design
2026-06-14,401-04,0.11,design
2026-06-08,402-01,0.03,design
2026-06-09,402-01,0.18,design
2026-06-10,402-01,0.17,design
2026-06-11,402-01,0.17,design
2026-06-12,402-01,0.18,design
2026-06-13,402-01,0.21,design
2026-06-14,402-01,0.28,design
2026-06-08,402-02,0.03,design
2026-06-09,402-02,0.15,design
2026-06-10,402-02,0.15,design
2026-06-11,402-02,0.15,design
2026-06-12,402-02,0.15,design
2026-06-13,402-02,0.18,design
2026-06-14,402-02,0.26,design
2026-06-08,402-03,0.14,design
2026-06-09,402-03,0.15,design
2026-06-10,402-03,0.14,design
2026-06-11,402-03,0.14,design
2026-06-12,402-03,0.15,design
2026-06-13,402-03,0.18,design
2026-06-14,402-03,0.25,design
2026-06-08,402-04,0.03,design
2026-06-09,402-04,0.18,design
2026-06-10,402-04,0.16,design
2026-06-11,402-04,0.16,design
2026-06-12,402-04,0.18,design
2026-06-13,402-04,0.2,design
2026-06-14,402-04,0.28,design
2026-06-08,402-06,0.03,design
2026-06-09,402-06,0.17,design
2026-06-10,402-06,0.17,design
2026-06-11,402-06,0.17,design
2026-06-12,402-06,0.17,design
2026-06-13,402-06,0.2,design
2026-06-14,402-06,0.27,design
2026-06-08,404-01,0.01,design
2026-06-09,404-01,0.15,design
2026-06-10,404-01,0.15,design
2026-06-11,404-01,0.15,design
2026-06-12,404-01,0.15,design
2026-06-13,404-01,0.18,design
2026-06-14,404-01,0.18,design
2026-06-08,404-03,0.01,design
2026-06-09,404-03,0.16,design
2026-06-10,404-03,0.16,design
2026-06-11,404-03,0.16,design
2026-06-12,404-03,0.16,design
2026-06-13,404-03,0.19,design
2026-06-14,404-03,0.19,design
2026-06-08,404-04,0.01,design
2026-06-09,404-04,0.17,design
2026-06-10,404-04,0.16,design
2026-06-11,404-04,0.16,design
2026-06-12,404-04,0.17,design
2026-06-13,404-04,0.2,design
2026-06-14,404-04,0.2,design
2026-06-08,404-05,0.01,design
2026-06-09,404-05,0.15,design
2026-06-10,404-05,0.15,design
2026-06-11,404-05,0.15,design
2026-06-12,404-05,0.15,design
2026-06-13,404-05,0.17,design
2026-06-14,404-05,0.18,design
2026-06-08,404-06,0.01,design
2026-06-09,404-06,0.17,design
2026-06-10,404-06,0.16,design
2026-06-11,404-06,0.16,design
2026-06-12,404-06,0.17,design
2026-06-13,404-06,0.2,design
2026-06-14,404-06,0.2,design
2026-06-08,404-07,0.01,design
2026-06-09,404-07,0.16,design
2026-06-10,404-07,0.16,design
2026-06-11,404-07,0.16,design
2026-06-12,404-07,0.16,design
2026-06-13,404-07,0.19,design
2026-06-14,404-07,0.19,design
2026-06-08,407-01,0.01,design
2026-06-09,407-01,0.08,design
2026-06-10,407-01,0.07,design
2026-06-11,407-01,0.07,design
2026-06-12,407-01,0.08,design
2026-06-13,407-01,0.09,design
2026-06-14,407-01,0.11,design
2026-06-08,408-03,0.01,design
2026-06-09,408-03,0.09,design
2026-06-10,408-03,0.08,design
2026-06-11,408-03,0.08,design
2026-06-12,408-03,0.09,design
2026-06-13,408-03,0.1,design
2026-06-14,408-03,0.12,design
2026-06-08,409-02,0.01,design
2026-06-09,409-02,0.08,design
2026-06-10,409-02,0.08,design
2026-06-11,409-02,0.08,design
2026-06-12,409-02,0.08,design
2026-06-13,409-02,0.1,design
2026-06-14,409-02,0.12,design
2026-06-08,409-03,0.01,design
2026-06-09,409-03,0.08,design
2026-06-10,409-03,0.07,design
2026-06-11,409-03,0.07,design
2026-06-12,409-03,0.08,design
2026-06-13,409-03,0.09,design
2026-06-14,409-03,0.11,design
2026-06-08,409-04,0.01,design
2026-06-09,409-04,0.08,design
2026-06-10,409-04,0.08,design
2026-06-11,409-04,0.08,design
2026-06-12,409-04,0.08,design
2026-06-13,409-04,0.1,design
2026-06-14,409-04,0.12,design
2026-06-08,410-01,0.0,design
2026-06-09,410-01,0.0,design
2026-06-10,410-01,0.0,design
2026-06-11,410-01,0.0,design
2026-06-12,410-01,0.0,design
2026-06-13,410-01,0.0,design
2026-06-14,410-01,0.0,design
2026-06-08,410-04,0.0,design
2026-06-09,410-04,0.0,design
2026-06-10,410-04,0.0,design
2026-06-11,410-04,0.0,design
2026-06-12,410-04,0.0,design
2026-06-13,410-04,0.0,design
2026-06-14,410-04,0.0,design
2026-06-08,412-01,0.09,design
2026-06-09,412-01,0.27,design
2026-06-10,412-01,0.26,design
2026-06-11,412-01,0.26,design
2026-06-12,412-01,0.27,design
2026-06-13,412-01,0.3,design
2026-06-14,412-01,0.39,design
2026-06-08,412-02,0.09,design
2026-06-09,412-02,0.26,design
2026-06-10,412-02,0.24,design
2026-06-11,412-02,0.24,design
2026-06-12,412-02,0.27,design
2026-06-13,412-02,0.28,design
2026-06-14,412-02,0.37,design
2026-06-08,412-03,1.77,design
2026-06-09,412-03,1.85,design
2026-06-10,412-03,1.53,design
2026-06-11,412-03,1.37,design
2026-06-12,412-03,1.18,design
2026-06-13,412-03,1.07,design
2026-06-14,412-03,1.3,design
2026-06-08,412-04,0.09,design
2026-06-09,412-04,0.26,design
2026-06-10,412-04,0.24,design
2026-06-11,412-04,0.24,design
2026-06-12,412-04,0.24,design
2026-06-13,412-04,0.27,design
2026-06-14,412-04,0.36,design
2026-06-08,413-01,0.04,design
2026-06-09,413-01,0.16,design
2026-06-10,413-01,0.14,design
2026-06-11,413-01,0.14,design
2026-06-12,413-01,0.15,design
2026-06-13,413-01,0.18,design
2026-06-14,413-01,0.2,design
2026-06-08,413-02,0.02,design
2026-06-09,413-02,0.1,design
2026-06-10,413-02,0.09,design
2026-06-11,413-02,0.09,design
2026-06-12,413-02,0.1,design
2026-06-13,413-02,0.12,design
2026-06-14,413-02,0.14,design
2026-06-08,413-03,0.03,design
2026-06-09,413-03,0.11,design
2026-06-10,413-03,0.1,design
2026-06-11,413-03,0.1,design
2026-06-12,413-03,0.11,design
2026-06-13,413-03,0.14,design
2026-06-14,413-03,0.15,design
2026-06-08,413-04,0.02,design
2026-06-09,413-04,0.11,design
2026-06-10,413-04,0.1,design
2026-06-11,413-04,0.1,design
2026-06-12,413-04,0.11,design
2026-06-13,413-04,0.14,design
2026-06-14,413-04,0.15,design
2026-06-08,414-01,0.1,design
2026-06-09,414-01,0.18,design
2026-06-10,414-01,0.18,design
2026-06-11,414-01,0.18,design
2026-06-12,414-01,0.18,design
2026-06-13,414-01,0.19,design
2026-06-14,414-01,0.2,design
2026-06-08,414-02,0.12,design
2026-06-09,414-02,0.23,design
2026-06-10,414-02,0.21,design
2026-06-11,414-02,0.21,design
2026-06-12,414-02,0.22,design
2026-06-13,414-02,0.24,design
2026-06-14,414-02,0.26,design
2026-06-08,414-03,0.12,design
2026-06-09,414-03,0.22,design
2026-06-10,414-03,0.21,design
2026-06-11,414-03,0.21,design
2026-06-12,414-03,0.21,design
2026-06-13,414-03,0.22,design
2026-06-14,414-03,0.23,design
2026-06-08,414-04,0.23,design
2026-06-09,414-04,0.26,design
2026-06-10,414-04,0.24,design
2026-06-11,414-04,0.24,design
2026-06-12,414-04,0.26,design
2026-06-13,414-04,0.25,design
2026-06-14,414-04,0.28,design
2026-06-08,414-05,0.11,design
2026-06-09,414-05,0.21,design
2026-06-10,414-05,0.2,design
2026-06-11,414-05,0.19,design
2026-06-12,414-05,0.2,design
2026-06-13,414-05,0.21,design
2026-06-14,414-05,0.23,design
2026-06-08,415-01,0.01,design
2026-06-09,415-01,0.1,design
2026-06-10,415-01,0.1,design
2026-06-11,415-01,0.1,design
2026-06-12,415-01,0.1,design
2026-06-13,415-01,0.11,design
2026-06-14,415-01,0.1,design
2026-06-08,415-02,0.01,design
2026-06-09,415-02,0.11,design
2026-06-10,415-02,0.1,design
2026-06-11,415-02,0.1,design
2026-06-12,415-02,0.11,design
2026-06-13,415-02,0.12,design
2026-06-14,415-02,0.11,design
2026-06-08,415-03,0.01,design
2026-06-09,415-03,0.11,design
2026-06-10,415-03,0.1,design
2026-06-11,415-03,0.1,design
2026-06-12,415-03,0.11,design
2026-06-13,415-03,0.13,design
2026-06-14,415-03,0.12,design
2026-06-08,415-04,0.01,design
2026-06-09,415-04,0.11,design
2026-06-10,415-04,0.1,design
2026-06-11,415-04,0.1,design
2026-06-12,415-04,0.11,design
2026-06-13,415-04,0.12,design
2026-06-14,415-04,0.12,design
2026-06-08,416-01,0.13,design
2026-06-09,416-01,0.27,design
2026-06-10,416-01,0.26,design
2026-06-11,416-01,0.26,design
2026-06-12,416-01,0.27,design
2026-06-13,416-01,0.27,design
2026-06-14,416-01,0.3,design
2026-06-08,416-02,0.14,design
2026-06-09,416-02,0.28,design
2026-06-10,416-02,0.27,design
2026-06-11,416-02,0.27,design
2026-06-12,416-02,0.28,design
2026-06-13,416-02,0.28,design
2026-06-14,416-02,0.31,design
2026-06-08,416-03,0.13,design
2026-06-09,416-03,0.26,design
2026-06-10,416-03,0.25,design
2026-06-11,416-03,0.25,design
2026-06-12,416-03,0.26,design
2026-06-13,416-03,0.27,design
2026-06-14,416-03,0.29,design
2026-06-08,416-04,0.12,design
2026-06-09,416-04,0.26,design
2026-06-10,416-04,0.24,design
2026-06-11,416-04,0.24,design
2026-06-12,416-04,0.26,design
2026-06-13,416-04,0.26,design
2026-06-14,416-04,0.29,design
2026-06-08,416-05,0.11,design
2026-06-09,416-05,0.22,design
2026-06-10,416-05,0.22,design
2026-06-11,416-05,0.22,design
2026-06-12,416-05,0.22,design
2026-06-13,416-05,0.22,design
2026-06-14,416-05,0.24,design
2026-06-08,417-01,0.1,design
2026-06-09,417-01,0.3,design
2026-06-10,417-01,0.28,design
2026-06-11,417-01,0.28,design
2026-06-12,417-01,0.3,design
2026-06-13,417-01,0.31,design
2026-06-14,417-01,0.36,design
2026-06-08,417-02,0.1,design
2026-06-09,417-02,0.3,design
2026-06-10,417-02,0.29,design
2026-06-11,417-02,0.29,design
2026-06-12,417-02,0.29,design
2026-06-13,417-02,0.31,design
2026-06-14,417-02,0.36,design
2026-06-08,417-03,2.99,design
2026-06-09,417-03,3.22,design
2026-06-10,417-03,2.65,design
2026-06-11,417-03,2.57,design
2026-06-12,417-03,2.67,design
2026-06-13,417-03,2.01,design
2026-06-14,417-03,2.46,design
2026-06-08,417-04,2.42,design
2026-06-09,417-04,2.55,design
2026-06-10,417-04,2.36,design
2026-06-11,417-04,1.97,design
2026-06-12,417-04,2.13,design
2026-06-13,417-04,2.17,design
2026-06-14,417-04,2.33,design
2026-06-08,417-05,2.13,design
2026-06-09,417-05,2.6,design
2026-06-10,417-05,2.5,design
2026-06-11,417-05,1.95,design
2026-06-12,417-05,2.14,design
2026-06-13,417-05,2.27,design
2026-06-14,417-05,2.5,design
2026-06-08,417-06,0.66,design
2026-06-09,417-06,2.69,design
2026-06-10,417-06,3.61,design
2026-06-11,417-06,4.76,design
2026-06-12,417-06,5.76,design
2026-06-13,417-06,5.56,design
2026-06-14,417-06,5.36,design
2026-06-08,417-07,1.14,design
2026-06-09,417-07,0.94,design
2026-06-10,417-07,0.82,design
2026-06-11,417-07,0.84,design
2026-06-12,417-07,0.83,design
2026-06-13,417-07,0.95,design
2026-06-14,417-07,0.92,design
2026-06-08,418-01,0.02,design
2026-06-09,418-01,0.1,design
2026-06-10,418-01,0.09,design
2026-06-11,418-01,0.09,design
2026-06-12,418-01,0.1,design
2026-06-13,418-01,0.11,design
2026-06-14,418-01,0.13,design
2026-06-08,418-02,0.02,design
2026-06-09,418-02,0.11,design
2026-06-10,418-02,0.1,design
2026-06-11,418-02,0.1,design
2026-06-12,418-02,0.11,design
2026-06-13,418-02,0.12,design
2026-06-14,418-02,0.14,design
2026-06-08,418-03,0.02,design
2026-06-09,418-03,0.11,design
2026-06-10,418-03,0.1,design
2026-06-11,418-03,0.1,design
2026-06-12,418-03,0.11,design
2026-06-13,418-03,0.13,design
2026-06-14,418-03,0.15,design
2026-06-08,418-04,0.02,design
2026-06-09,418-04,0.11,design
2026-06-10,418-04,0.09,design
2026-06-11,418-04,0.09,design
2026-06-12,418-04,0.1,design
2026-06-13,418-04,0.12,design
2026-06-14,418-04,0.14,design
2026-06-08,419-01,0.03,design
2026-06-09,419-01,0.16,design
2026-06-10,419-01,0.14,design
2026-06-11,419-01,0.14,design
2026-06-12,419-01,0.16,design
2026-06-13,419-01,0.16,design
2026-06-14,419-01,0.17,design
2026-06-08,419-02,0.03,design
2026-06-09,419-02,0.16,design
2026-06-10,419-02,0.14,design
2026-06-11,419-02,0.14,design
2026-06-12,419-02,0.16,design
2026-06-13,419-02,0.16,design
2026-06-14,419-02,0.16,design
2026-06-08,419-03,0.03,design
2026-06-09,419-03,0.15,design
2026-06-10,419-03,0.14,design
2026-06-11,419-03,0.14,design
2026-06-12,419-03,0.15,design
2026-06-13,419-03,0.16,design
2026-06-14,419-03,0.16,design
2026-06-08,419-04,0.03,design
2026-06-09,419-04,0.16,design
2026-06-10,419-04,0.14,design
2026-06-11,419-04,0.14,design
2026-06-12,419-04,0.16,design
2026-06-13,419-04,0.16,design
2026-06-14,419-04,0.17,design
2026-06-08,420-01,0.01,design
2026-06-09,420-01,0.09,design
2026-06-10,420-01,0.08,design
2026-06-11,420-01,0.08,design
2026-06-12,420-01,0.09,design
2026-06-13,420-01,0.1,design
2026-06-14,420-01,0.12,design
2026-06-08,420-02,0.01,design
2026-06-09,420-02,0.08,design
2026-06-10,420-02,0.08,design
2026-06-11,420-02,0.08,design
2026-06-12,420-02,0.08,design
2026-06-13,420-02,0.09,design
2026-06-14,420-02,0.1,design
2026-06-08,420-03,0.01,design
2026-06-09,420-03,0.08,design
2026-06-10,420-03,0.08,design
2026-06-11,420-03,0.08,design
2026-06-12,420-03,0.08,design
2026-06-13,420-03,0.1,design
2026-06-14,420-03,0.11,design
2026-06-08,420-04,0.01,design
2026-06-09,420-04,0.09,design
2026-06-10,420-04,0.08,design
2026-06-11,420-04,0.08,design
2026-06-12,420-04,0.09,design
2026-06-13,420-04,0.1,design
2026-06-14,420-04,0.12,design
2026-06-08,421-01,0.01,design
2026-06-09,421-01,0.09,design
2026-06-10,421-01,0.08,design
2026-06-11,421-01,0.08,design
2026-06-12,421-01,0.09,design
2026-06-13,421-01,0.1,design
2026-06-14,421-01,0.12,design
2026-06-08,421-02,0.01,design
2026-06-09,421-02,0.08,design
2026-06-10,421-02,0.07,design
2026-06-11,421-02,0.07,design
2026-06-12,421-02,0.08,design
2026-06-13,421-02,0.09,design
2026-06-14,421-02,0.11,design
2026-06-08,421-03,0.01,design
2026-06-09,421-03,0.08,design
2026-06-10,421-03,0.08,design
2026-06-11,421-03,0.08,design
2026-06-12,421-03,0.08,design
2026-06-13,421-03,0.09,design
2026-06-14,421-03,0.1,design
2026-06-08,421-04,0.01,design
2026-06-09,421-04,0.09,design
2026-06-10,421-04,0.08,design
2026-06-11,421-04,0.08,design
2026-06-12,421-04,0.09,design
2026-06-13,421-04,0.1,design
2026-06-14,421-04,0.12,design
2026-06-08,422-01,0.01,design
2026-06-09,422-01,0.09,design
2026-06-10,422-01,0.08,design
2026-06-11,422-01,0.08,design
2026-06-12,422-01,0.09,design
2026-06-13,422-01,0.1,design
2026-06-14,422-01,0.12,design
2026-06-08,422-02,0.0,design
2026-06-09,422-02,0.08,design
2026-06-10,422-02,0.07,design
2026-06-11,422-02,0.07,design
2026-06-12,422-02,0.08,design
2026-06-13,422-02,0.09,design
2026-06-14,422-02,0.11,design
2026-06-08,422-03,0.01,design
2026-06-09,422-03,0.07,design
2026-06-10,422-03,0.07,design
2026-06-11,422-03,0.07,design
2026-06-12,422-03,0.07,design
2026-06-13,422-03,0.08,design
2026-06-14,422-03,0.1,design
2026-06-08,422-04,0.01,design
2026-06-09,422-04,0.08,design
2026-06-10,422-04,0.08,design
2026-06-11,422-04,0.08,design
2026-06-12,422-04,0.08,design
2026-06-13,422-04,0.1,design
2026-06-14,422-04,0.12,design
2026-06-08,423-01,0.12,design
2026-06-09,423-01,0.33,design
2026-06-10,423-01,0.31,design
2026-06-11,423-01,0.31,design
2026-06-12,423-01,0.31,design
2026-06-13,423-01,0.32,design
2026-06-14,423-01,0.35,design
2026-06-08,423-02,0.54,design
2026-06-09,423-02,0.75,design
2026-06-10,423-02,0.73,design
2026-06-11,423-02,0.76,design
2026-06-12,423-02,0.63,design
2026-06-13,423-02,0.64,design
2026-06-14,423-02,0.64,design
2026-06-08,423-03,0.11,design
2026-06-09,423-03,0.31,design
2026-06-10,423-03,0.32,design
2026-06-11,423-03,0.31,design
2026-06-12,423-03,0.31,design
2026-06-13,423-03,0.32,design
2026-06-14,423-03,0.34,design
2026-06-08,423-04,0.11,design
2026-06-09,423-04,0.31,design
2026-06-10,423-04,0.31,design
2026-06-11,423-04,0.31,design
2026-06-12,423-04,0.31,design
2026-06-13,423-04,0.33,design
2026-06-14,423-04,0.36,design
2026-06-08,424-01,0.01,design
2026-06-09,424-01,0.09,design
2026-06-10,424-01,0.08,design
2026-06-11,424-01,0.08,design
2026-06-12,424-01,0.09,design
2026-06-13,424-01,0.1,design
2026-06-14,424-01,0.12,design
2026-06-08,424-02,0.01,design
2026-06-09,424-02,0.1,design
2026-06-10,424-02,0.09,design
2026-06-11,424-02,0.09,design
2026-06-12,424-02,0.1,design
2026-06-13,424-02,0.11,design
2026-06-14,424-02,0.13,design
2026-06-08,424-03,0.01,design
2026-06-09,424-03,0.1,design
2026-06-10,424-03,0.09,design
2026-06-11,424-03,0.09,design
2026-06-12,424-03,0.1,design
2026-06-13,424-03,0.11,design
2026-06-14,424-03,0.12,design
2026-06-08,424-04,0.01,design
2026-06-09,424-04,0.09,design
2026-06-10,424-04,0.08,design
2026-06-11,424-04,0.08,design
2026-06-12,424-04,0.09,design
2026-06-13,424-04,0.1,design
2026-06-14,424-04,0.13,design
2026-06-08,425-01,0.06,design
2026-06-09,425-01,0.18,design
2026-06-10,425-01,0.17,design
2026-06-11,425-01,0.17,design
2026-06-12,425-01,0.18,design
2026-06-13,425-01,0.2,design
2026-06-14,425-01,0.22,design
2026-06-08,425-02,0.05,design
2026-06-09,425-02,0.16,design
2026-06-10,425-02,0.14,design
2026-06-11,425-02,0.14,design
2026-06-12,425-02,0.15,design
2026-06-13,425-02,0.18,design
2026-06-14,425-02,0.18,design
2026-06-08,425-03,0.05,design
2026-06-09,425-03,0.15,design
2026-06-10,425-03,0.14,design
2026-06-11,425-03,0.14,design
2026-06-12,425-03,0.14,design
2026-06-13,425-03,0.17,design
2026-06-14,425-03,0.17,design
2026-06-08,425-04,0.07,design
2026-06-09,425-04,0.2,design
2026-06-10,425-04,0.18,design
2026-06-11,425-04,0.18,design
2026-06-12,425-04,0.2,design
2026-06-13,425-04,0.22,design
2026-06-14,425-04,0.24,design
2026-06-08,426-01,0.01,design
2026-06-09,426-01,0.12,design
2026-06-10,426-01,0.11,design
2026-06-11,426-01,0.11,design
2026-06-12,426-01,0.12,design
2026-06-13,426-01,0.17,design
2026-06-14,426-01,0.17,design
2026-06-08,426-02,0.01,design
2026-06-09,426-02,0.12,design
2026-06-10,426-02,0.11,design
2026-06-11,426-02,0.11,design
2026-06-12,426-02,0.12,design
2026-06-13,426-02,0.16,design
2026-06-14,426-02,0.16,design
2026-06-08,426-03,0.01,design
2026-06-09,426-03,0.12,design
2026-06-10,426-03,0.11,design
2026-06-11,426-03,0.11,design
2026-06-12,426-03,0.12,design
2026-06-13,426-03,0.16,design
2026-06-14,426-03,0.17,design
2026-06-08,426-04,0.01,design
2026-06-09,426-04,0.12,design
2026-06-10,426-04,0.11,design
2026-06-11,426-04,0.11,design
2026-06-12,426-04,0.12,design
2026-06-13,426-04,0.17,design
2026-06-14,426-04,0.17,design
2026-06-08,427-01,0.08,design
2026-06-09,427-01,0.17,design
2026-06-10,427-01,0.15,design
2026-06-11,427-01,0.15,design
2026-06-12,427-01,0.16,design
2026-06-13,427-01,0.18,design
2026-06-14,427-01,0.23,design
2026-06-08,427-02,0.08,design
2026-06-09,427-02,0.16,design
2026-06-10,427-02,0.14,design
2026-06-11,427-02,0.14,design
2026-06-12,427-02,0.15,design
2026-06-13,427-02,0.17,design
2026-06-14,427-02,0.22,design
2026-06-08,427-03,0.15,design
2026-06-09,427-03,0.2,design
2026-06-10,427-03,0.17,design
2026-06-11,427-03,0.18,design
2026-06-12,427-03,0.18,design
2026-06-13,427-03,0.19,design
2026-06-14,427-03,0.24,design
2026-06-08,427-04,0.09,design
2026-06-09,427-04,0.18,design
2026-06-10,427-04,0.16,design
2026-06-11,427-04,0.16,design
2026-06-12,427-04,0.17,design
2026-06-13,427-04,0.19,design
2026-06-14,427-04,0.23,design
2026-06-08,428-01,0.01,design
2026-06-09,428-01,0.09,design
2026-06-10,428-01,0.08,design
2026-06-11,428-01,0.08,design
2026-06-12,428-01,0.09,design
2026-06-13,428-01,0.1,design
2026-06-14,428-01,0.11,design
2026-06-08,428-02,0.01,design
2026-06-09,428-02,0.09,design
2026-06-10,428-02,0.08,design
2026-06-11,428-02,0.08,design
2026-06-12,428-02,0.09,design
2026-06-13,428-02,0.11,design
2026-06-14,428-02,0.12,design
2026-06-08,428-03,0.08,design
2026-06-09,428-03,0.18,design
2026-06-10,428-03,0.15,design
2026-06-11,428-03,0.15,design
2026-06-12,428-03,0.16,design
2026-06-13,428-03,0.15,design
2026-06-14,428-03,0.16,design
2026-06-08,428-04,0.01,design
2026-06-09,428-04,0.09,design
2026-06-10,428-04,0.08,design
2026-06-11,428-04,0.08,design
2026-06-12,428-04,0.09,design
2026-06-13,428-04,0.1,design
2026-06-14,428-04,0.11,design
2026-06-08,429-01,0.03,design
2026-06-09,429-01,0.13,design
2026-06-10,429-01,0.12,design
2026-06-11,429-01,0.12,design
2026-06-12,429-01,0.13,design
2026-06-13,429-01,0.16,design
2026-06-14,429-01,0.23,design
2026-06-08,429-02,0.03,design
2026-06-09,429-02,0.17,design
2026-06-10,429-02,0.16,design
2026-06-11,429-02,0.16,design
2026-06-12,429-02,0.16,design
2026-06-13,429-02,0.19,design
2026-06-14,429-02,0.27,design
2026-06-08,429-03,0.04,design
2026-06-09,429-03,0.18,design
2026-06-10,429-03,0.16,design
2026-06-11,429-03,0.16,design
2026-06-12,429-03,0.18,design
2026-06-13,429-03,0.21,design
2026-06-14,429-03,0.28,design
2026-06-08,429-04,0.04,design
2026-06-09,429-04,0.2,design
2026-06-10,429-04,0.18,design
2026-06-11,429-04,0.18,design
2026-06-12,429-04,0.2,design
2026-06-13,429-04,0.23,design
2026-06-14,429-04,0.3,design
2026-06-08,430-01,0.02,design
2026-06-09,430-01,0.11,design
2026-06-10,430-01,0.1,design
2026-06-11,430-01,0.1,design
2026-06-12,430-01,0.11,design
2026-06-13,430-01,0.12,design
2026-06-14,430-01,0.19,design
2026-06-08,430-02,0.02,design
2026-06-09,430-02,0.1,design
2026-06-10,430-02,0.09,design
2026-06-11,430-02,0.09,design
2026-06-12,430-02,0.1,design
2026-06-13,430-02,0.12,design
2026-06-14,430-02,0.18,design
2026-06-08,430-03,0.03,design
2026-06-09,430-03,0.09,design
2026-06-10,430-03,0.09,design
2026-06-11,430-03,0.09,design
2026-06-12,430-03,0.09,design
2026-06-13,430-03,0.1,design
2026-06-14,430-03,0.17,design
2026-06-08,430-04,0.03,design
2026-06-09,430-04,0.12,design
2026-06-10,430-04,0.11,design
2026-06-11,430-04,0.11,design
2026-06-12,430-04,0.12,design
2026-06-13,430-04,0.14,design
2026-06-14,430-04,0.2,design
2026-06-08,431-01,0.05,design
2026-06-09,431-01,0.16,design
2026-06-10,431-01,0.14,design
2026-06-11,431-01,0.14,design
2026-06-12,431-01,0.16,design
2026-06-13,431-01,0.2,design
2026-06-14,431-01,0.24,design
2026-06-08,431-02,0.04,design
2026-06-09,431-02,0.14,design
2026-06-10,431-02,0.13,design
2026-06-11,431-02,0.13,design
2026-06-12,431-02,0.14,design
2026-06-13,431-02,0.19,design
2026-06-14,431-02,0.22,design
2026-06-08,431-03,0.04,design
2026-06-09,431-03,0.14,design
2026-06-10,431-03,0.13,design
2026-06-11,431-03,0.13,design
2026-06-12,431-03,0.14,design
2026-06-13,431-03,0.19,design
2026-06-14,431-03,0.23,design
2026-06-08,431-04,0.04,design
2026-06-09,431-04,0.15,design
2026-06-10,431-04,0.13,design
2026-06-11,431-04,0.13,design
2026-06-12,431-04,0.15,design
2026-06-13,431-04,0.19,design
2026-06-14,431-04,0.23,design
2026-06-08,432-01,0.1,design
2026-06-09,432-01,0.18,design
2026-06-10,432-01,0.17,design
2026-06-11,432-01,0.17,design
2026-06-12,432-01,0.18,design
2026-06-13,432-01,0.19,design
2026-06-14,432-01,0.22,design
2026-06-08,432-02,0.02,design
2026-06-09,432-02,0.09,design
2026-06-10,432-02,0.09,design
2026-06-11,432-02,0.09,design
2026-06-12,432-02,0.09,design
2026-06-13,432-02,0.1,design
2026-06-14,432-02,0.12,design
2026-06-08,432-03,0.02,design
2026-06-09,432-03,0.09,design
2026-06-10,432-03,0.09,design
2026-06-11,432-03,0.09,design
2026-06-12,432-03,0.09,design
2026-06-13,432-03,0.1,design
2026-06-14,432-03,0.12,design
2026-06-08,432-04,0.02,design
2026-06-09,432-04,0.09,design
2026-06-10,432-04,0.09,design
2026-06-11,432-04,0.09,design
2026-06-12,432-04,0.09,design
2026-06-13,432-04,0.11,design
2026-06-14,432-04,0.13,design
2026-06-08,433-01,0.01,design
2026-06-09,433-01,0.07,design
2026-06-10,433-01,0.07,design
2026-06-11,433-01,0.07,design
2026-06-12,433-01,0.07,design
2026-06-13,433-01,0.08,design
2026-06-14,433-01,0.1,design
2026-06-08,433-02,0.01,design
2026-06-09,433-02,0.07,design
2026-06-10,433-02,0.07,design
2026-06-11,433-02,0.07,design
2026-06-12,433-02,0.07,design
2026-06-13,433-02,0.08,design
2026-06-14,433-02,0.1,design
2026-06-08,433-03,0.01,design
2026-06-09,433-03,0.08,design
2026-06-10,433-03,0.08,design
2026-06-11,433-03,0.08,design
2026-06-12,433-03,0.08,design
2026-06-13,433-03,0.1,design
2026-06-14,433-03,0.11,design
2026-06-08,433-04,0.01,design
2026-06-09,433-04,0.08,design
2026-06-10,433-04,0.08,design
2026-06-11,433-04,0.08,design
2026-06-12,433-04,0.08,design
2026-06-13,433-04,0.09,design
2026-06-14,433-04,0.1,design
2026-06-08,434-01,0.01,design
2026-06-09,434-01,0.09,design
2026-06-10,434-01,0.08,design
2026-06-11,434-01,0.08,design
2026-06-12,434-01,0.09,design
2026-06-13,434-01,0.1,design
2026-06-14,434-01,0.12,design
2026-06-08,434-02,0.01,design
2026-06-09,434-02,0.09,design
2026-06-10,434-02,0.08,design
2026-06-11,434-02,0.08,design
2026-06-12,434-02,0.09,design
2026-06-13,434-02,0.1,design
2026-06-14,434-02,0.12,design
2026-06-08,434-03,0.01,design
2026-06-09,434-03,0.08,design
2026-06-10,434-03,0.07,design
2026-06-11,434-03,0.07,design
2026-06-12,434-03,0.08,design
2026-06-13,434-03,0.1,design
2026-06-14,434-03,0.12,design
2026-06-08,434-04,0.01,design
2026-06-09,434-04,0.07,design
2026-06-10,434-04,0.07,design
2026-06-11,434-04,0.07,design
2026-06-12,434-04,0.07,design
2026-06-13,434-04,0.08,design
2026-06-14,434-04,0.1,design
2026-06-08,435-01,0.01,design
2026-06-09,435-01,0.09,design
2026-06-10,435-01,0.08,design
2026-06-11,435-01,0.08,design
2026-06-12,435-01,0.09,design
2026-06-13,435-01,0.1,design
2026-06-14,435-01,0.12,design
2026-06-08,435-02,0.01,design
2026-06-09,435-02,0.08,design
2026-06-10,435-02,0.08,design
2026-06-11,435-02,0.08,design
2026-06-12,435-02,0.08,design
2026-06-13,435-02,0.09,design
2026-06-14,435-02,0.1,design
2026-06-08,435-03,0.01,design
2026-06-09,435-03,0.09,design
2026-06-10,435-03,0.08,design
2026-06-11,435-03,0.08,design
2026-06-12,435-03,0.09,design
2026-06-13,435-03,0.1,design
2026-06-14,435-03,0.12,design
2026-06-08,435-04,0.01,design
2026-06-09,435-04,0.08,design
2026-06-10,435-04,0.07,design
2026-06-11,435-04,0.07,design
2026-06-12,435-04,0.08,design
2026-06-13,435-04,0.1,design
2026-06-14,435-04,0.11,design
2026-06-08,436-01,0.01,design
2026-06-09,436-01,0.1,design
2026-06-10,436-01,0.1,design
2026-06-11,436-01,0.1,design
2026-06-12,436-01,0.1,design
2026-06-13,436-01,0.1,design
2026-06-14,436-01,0.1,design
2026-06-08,436-02,0.01,design
2026-06-09,436-02,0.1,design
2026-06-10,436-02,0.1,design
2026-06-11,436-02,0.1,design
2026-06-12,436-02,0.1,design
2026-06-13,436-02,0.1,design
2026-06-14,436-02,0.1,design
2026-06-08,436-03,0.01,design
2026-06-09,436-03,0.11,design
2026-06-10,436-03,0.1,design
2026-06-11,436-03,0.1,design
2026-06-12,436-03,0.11,design
2026-06-13,436-03,0.11,design
2026-06-14,436-03,0.12,design
2026-06-08,436-04,0.01,design
2026-06-09,436-04,0.11,design
2026-06-10,436-04,0.1,design
2026-06-11,436-04,0.1,design
2026-06-12,436-04,0.11,design
2026-06-13,436-04,0.11,design
2026-06-14,436-04,0.12,design
2026-06-08,437-01,0.01,design
2026-06-09,437-01,0.07,design
2026-06-10,437-01,0.07,design
2026-06-11,437-01,0.07,design
2026-06-12,437-01,0.07,design
2026-06-13,437-01,0.08,design
2026-06-14,437-01,0.1,design
2026-06-08,437-02,0.01,design
2026-06-09,437-02,0.09,design
2026-06-10,437-02,0.08,design
2026-06-11,437-02,0.08,design
2026-06-12,437-02,0.09,design
2026-06-13,437-02,0.1,design
2026-06-14,437-02,0.12,design
2026-06-08,437-03,0.01,design
2026-06-09,437-03,0.08,design
2026-06-10,437-03,0.08,design
2026-06-11,437-03,0.08,design
2026-06-12,437-03,0.08,design
2026-06-13,437-03,0.1,design
2026-06-14,437-03,0.12,design
2026-06-08,437-04,0.01,design
2026-06-09,437-04,0.08,design
2026-06-10,437-04,0.08,design
2026-06-11,437-04,0.08,design
2026-06-12,437-04,0.08,design
2026-06-13,437-04,0.09,design
2026-06-14,437-04,0.1,design
2026-06-08,438-01,0.01,design
2026-06-09,438-01,0.09,design
2026-06-10,438-01,0.08,design
2026-06-11,438-01,0.08,design
2026-06-12,438-01,0.09,design
2026-06-13,438-01,0.1,design
2026-06-14,438-01,0.12,design
2026-06-08,438-02,0.01,design
2026-06-09,438-02,0.08,design
2026-06-10,438-02,0.07,design
2026-06-11,438-02,0.07,design
2026-06-12,438-02,0.08,design
2026-06-13,438-02,0.09,design
2026-06-14,438-02,0.11,design
2026-06-08,438-03,0.01,design
2026-06-09,438-03,0.07,design
2026-06-10,438-03,0.07,design
2026-06-11,438-03,0.07,design
2026-06-12,438-03,0.07,design
2026-06-13,438-03,0.08,design
2026-06-14,438-03,0.1,design
2026-06-08,438-04,0.01,design
2026-06-09,438-04,0.08,design
2026-06-10,438-04,0.07,design
2026-06-11,438-04,0.07,design
2026-06-12,438-04,0.08,design
2026-06-13,438-04,0.1,design
2026-06-14,438-04,0.12,design
2026-06-08,439-01,0.0,design
2026-06-09,439-01,0.0,design
2026-06-10,439-01,0.0,design
2026-06-11,439-01,0.0,design
2026-06-12,439-01,0.0,design
2026-06-13,439-01,0.0,design
2026-06-14,439-01,0.0,design
2026-06-08,439-02,0.0,design
2026-06-09,439-02,0.0,design
2026-06-10,439-02,0.0,design
2026-06-11,439-02,0.0,design
2026-06-12,439-02,0.0,design
2026-06-13,439-02,0.0,design
2026-06-14,439-02,0.0,design
2026-06-08,439-03,0.0,design
2026-06-09,439-03,0.0,design
2026-06-10,439-03,0.0,design
2026-06-11,439-03,0.0,design
2026-06-12,439-03,0.0,design
2026-06-13,439-03,0.0,design
2026-06-14,439-03,0.0,design
2026-06-08,439-04,0.0,design
2026-06-09,439-04,0.0,design
2026-06-10,439-04,0.0,design
2026-06-11,439-04,0.0,design
2026-06-12,439-04,0.0,design
2026-06-13,439-04,0.0,design
2026-06-14,439-04,0.0,design
2026-06-08,440-01,0.04,design
2026-06-09,440-01,0.13,design
2026-06-10,440-01,0.12,design
2026-06-11,440-01,0.12,design
2026-06-12,440-01,0.13,design
2026-06-13,440-01,0.14,design
2026-06-14,440-01,0.16,design
2026-06-08,440-02,0.04,design
2026-06-09,440-02,0.11,design
2026-06-10,440-02,0.11,design
2026-06-11,440-02,0.11,design
2026-06-12,440-02,0.11,design
2026-06-13,440-02,0.12,design
2026-06-14,440-02,0.14,design
2026-06-08,440-03,0.04,design
2026-06-09,440-03,0.11,design
2026-06-10,440-03,0.11,design
2026-06-11,440-03,0.11,design
2026-06-12,440-03,0.11,design
2026-06-13,440-03,0.12,design
2026-06-14,440-03,0.13,design
2026-06-08,440-04,0.04,design
2026-06-09,440-04,0.11,design
2026-06-10,440-04,0.11,design
2026-06-11,440-04,0.11,design
2026-06-12,440-04,0.11,design
2026-06-13,440-04,0.11,design
2026-06-14,440-04,0.13,design
2026-06-08,441-01,0.01,design
2026-06-09,441-01,0.09,design
2026-06-10,441-01,0.08,design
2026-06-11,441-01,0.08,design
2026-06-12,441-01,0.09,design
2026-06-13,441-01,0.1,design
2026-06-14,441-01,0.12,design
2026-06-08,441-02,0.01,design
2026-06-09,441-02,0.08,design
2026-06-10,441-02,0.08,design
2026-06-11,441-02,0.08,design
2026-06-12,441-02,0.08,design
2026-06-13,441-02,0.1,design
2026-06-14,441-02,0.11,design
2026-06-08,441-03,0.01,design
2026-06-09,441-03,0.1,design
2026-06-10,441-03,0.08,design
2026-06-11,441-03,0.08,design
2026-06-12,441-03,0.1,design
2026-06-13,441-03,0.11,design
2026-06-14,441-03,0.13,design
2026-06-08,441-04,0.01,design
2026-06-09,441-04,0.09,design
2026-06-10,441-04,0.08,design
2026-06-11,441-04,0.08,design
2026-06-12,441-04,0.09,design
2026-06-13,441-04,0.1,design
2026-06-14,441-04,0.13,design
2026-06-08,442-01,0.24,design
2026-06-09,442-01,0.32,design
2026-06-10,442-01,0.32,design
2026-06-11,442-01,0.31,design
2026-06-12,442-01,0.32,design
2026-06-13,442-01,0.23,design
2026-06-14,442-01,0.23,design
2026-06-08,442-02,0.01,design
2026-06-09,442-02,0.09,design
2026-06-10,442-02,0.08,design
2026-06-11,442-02,0.08,design
2026-06-12,442-02,0.09,design
2026-06-13,442-02,0.1,design
2026-06-14,442-02,0.12,design
2026-06-08,442-03,0.18,design
2026-06-09,442-03,0.19,design
2026-06-10,442-03,0.19,design
2026-06-11,442-03,0.16,design
2026-06-12,442-03,0.13,design
2026-06-13,442-03,0.09,design
2026-06-14,442-03,0.12,design
2026-06-08,442-04,0.03,design
2026-06-09,442-04,0.08,design
2026-06-10,442-04,0.09,design
2026-06-11,442-04,0.09,design
2026-06-12,442-04,0.09,design
2026-06-13,442-04,0.1,design
2026-06-14,442-04,0.11,design
2026-06-08,443-01,0.07,design
2026-06-09,443-01,0.27,design
2026-06-10,443-01,0.25,design
2026-06-11,443-01,0.25,design
2026-06-12,443-01,0.27,design
2026-06-13,443-01,0.29,design
2026-06-14,443-01,0.38,design
2026-06-08,443-02,0.07,design
2026-06-09,443-02,0.25,design
2026-06-10,443-02,0.25,design
2026-06-11,443-02,0.25,design
2026-06-12,443-02,0.25,design
2026-06-13,443-02,0.27,design
2026-06-14,443-02,0.36,design
2026-06-08,443-03,0.06,design
2026-06-09,443-03,0.25,design
2026-06-10,443-03,0.24,design
2026-06-11,443-03,0.24,design
2026-06-12,443-03,0.25,design
2026-06-13,443-03,0.27,design
2026-06-14,443-03,0.36,design
2026-06-08,443-04,0.07,design
2026-06-09,443-04,0.25,design
2026-06-10,443-04,0.25,design
2026-06-11,443-04,0.25,design
2026-06-12,443-04,0.25,design
2026-06-13,443-04,0.27,design
2026-06-14,443-04,0.35,design
2026-06-08,444-01,1.22,design
2026-06-09,444-01,1.52,design
2026-06-10,444-01,1.71,design
2026-06-11,444-01,1.62,design
2026-06-12,444-01,1.46,design
2026-06-13,444-01,1.33,design
2026-06-14,444-01,1.34,design
2026-06-08,444-02,0.2,design
2026-06-09,444-02,0.41,design
2026-06-10,444-02,0.39,design
2026-06-11,444-02,0.39,design
2026-06-12,444-02,0.42,design
2026-06-13,444-02,0.47,design
2026-06-14,444-02,0.55,design
2026-06-08,444-03,0.25,design
2026-06-09,444-03,0.44,design
2026-06-10,444-03,0.41,design
2026-06-11,444-03,0.41,design
2026-06-12,444-03,0.43,design
2026-06-13,444-03,0.49,design
2026-06-14,444-03,0.58,design
2026-06-08,444-04,1.5,design
2026-06-09,444-04,2.91,design
2026-06-10,444-04,4.15,design
2026-06-11,444-04,5.11,design
2026-06-12,444-04,5.16,design
2026-06-13,444-04,5.59,design
2026-06-14,444-04,6.73,design
2026-06-08,444-05,3.33,design
2026-06-09,444-05,3.34,design
2026-06-10,444-05,4.94,design
2026-06-11,444-05,4.37,design
2026-06-12,444-05,4.45,design
2026-06-13,444-05,4.63,design
2026-06-14,444-05,5.82,design
2026-06-08,444-06,1.46,design
2026-06-09,444-06,1.95,design
2026-06-10,444-06,2.27,design
2026-06-11,444-06,1.77,design
2026-06-12,444-06,1.84,design
2026-06-13,444-06,2.04,design
2026-06-14,444-06,2.37,design
2026-06-08,444-07,2.15,design
2026-06-09,444-07,3.0,design
2026-06-10,444-07,2.9,design
2026-06-11,444-07,2.63,design
2026-06-12,444-07,2.76,design
2026-06-13,444-07,3.1,design
2026-06-14,444-07,3.46,design
2026-06-08,444-08,1.93,design
2026-06-09,444-08,3.08,design
2026-06-10,444-08,3.15,design
2026-06-11,444-08,2.98,design
2026-06-12,444-08,3.02,design
2026-06-13,444-08,3.01,design
2026-06-14,444-08,3.43,design
2026-06-08,445-01,0.01,design
2026-06-09,445-01,0.08,design
2026-06-10,445-01,0.08,design
2026-06-11,445-01,0.08,design
2026-06-12,445-01,0.08,design
2026-06-13,445-01,0.09,design
2026-06-14,445-01,0.1,design
2026-06-08,445-02,0.0,design
2026-06-09,445-02,0.08,design
2026-06-10,445-02,0.06,design
2026-06-11,445-02,0.06,design
2026-06-12,445-02,0.08,design
2026-06-13,445-02,0.09,design
2026-06-14,445-02,0.11,design
2026-06-08,445-03,0.01,design
2026-06-09,445-03,0.08,design
2026-06-10,445-03,0.07,design
2026-06-11,445-03,0.07,design
2026-06-12,445-03,0.08,design
2026-06-13,445-03,0.09,design
2026-06-14,445-03,0.11,design
2026-06-08,445-04,0.01,design
2026-06-09,445-04,0.08,design
2026-06-10,445-04,0.07,design
2026-06-11,445-04,0.07,design
2026-06-12,445-04,0.08,design
2026-06-13,445-04,0.09,design
2026-06-14,445-04,0.11,design
2026-06-08,446-01,0.01,design
2026-06-09,446-01,0.08,design
2026-06-10,446-01,0.08,design
2026-06-11,446-01,0.08,design
2026-06-12,446-01,0.08,design
2026-06-13,446-01,0.1,design
2026-06-14,446-01,0.11,design
2026-06-08,446-02,0.01,design
2026-06-09,446-02,0.09,design
2026-06-10,446-02,0.08,design
2026-06-11,446-02,0.08,design
2026-06-12,446-02,0.09,design
2026-06-13,446-02,0.1,design
2026-06-14,446-02,0.12,design
2026-06-08,446-03,0.01,design
2026-06-09,446-03,0.07,design
2026-06-10,446-03,0.07,design
2026-06-11,446-03,0.07,design
2026-06-12,446-03,0.07,design
2026-06-13,446-03,0.08,design
2026-06-14,446-03,0.1,design
2026-06-08,446-04,0.01,design
2026-06-09,446-04,0.08,design
2026-06-10,446-04,0.07,design
2026-06-11,446-04,0.07,design
2026-06-12,446-04,0.08,design
2026-06-13,446-04,0.1,design
2026-06-14,446-04,0.12,design
2026-06-08,447-01,0.01,design
2026-06-09,447-01,0.08,design
2026-06-10,447-01,0.07,design
2026-06-11,447-01,0.07,design
2026-06-12,447-01,0.08,design
2026-06-13,447-01,0.09,design
2026-06-14,447-01,0.12,design
2026-06-08,447-02,0.01,design
2026-06-09,447-02,0.09,design
2026-06-10,447-02,0.08,design
2026-06-11,447-02,0.08,design
2026-06-12,447-02,0.09,design
2026-06-13,447-02,0.1,design
2026-06-14,447-02,0.12,design
2026-06-08,447-03,0.01,design
2026-06-09,447-03,0.07,design
2026-06-10,447-03,0.07,design
2026-06-11,447-03,0.07,design
2026-06-12,447-03,0.07,design
2026-06-13,447-03,0.08,design
2026-06-14,447-03,0.1,design
2026-06-08,447-04,0.01,design
2026-06-09,447-04,0.08,design
2026-06-10,447-04,0.07,design
2026-06-11,447-04,0.07,design
2026-06-12,447-04,0.08,design
2026-06-13,447-04,0.09,design
2026-06-14,447-04,0.11,design
2026-06-08,448-01,0.01,design
2026-06-09,448-01,0.08,design
2026-06-10,448-01,0.07,design
2026-06-11,448-01,0.07,design
2026-06-12,448-01,0.08,design
2026-06-13,448-01,0.09,design
2026-06-14,448-01,0.11,design
2026-06-08,448-02,0.0,design
2026-06-09,448-02,0.08,design
2026-06-10,448-02,0.07,design
2026-06-11,448-02,0.07,design
2026-06-12,448-02,0.08,design
2026-06-13,448-02,0.09,design
2026-06-14,448-02,0.1,design
2026-06-08,448-03,0.01,design
2026-06-09,448-03,0.08,design
2026-06-10,448-03,0.07,design
2026-06-11,448-03,0.07,design
2026-06-12,448-03,0.08,design
2026-06-13,448-03,0.09,design
2026-06-14,448-03,0.11,design
2026-06-08,448-04,0.01,design
2026-06-09,448-04,0.09,design
2026-06-10,448-04,0.07,design
2026-06-11,448-04,0.07,design
2026-06-12,448-04,0.09,design
2026-06-13,448-04,0.1,design
2026-06-14,448-04,0.12,design
2026-06-08,449-01,0.01,design
2026-06-09,449-01,0.07,design
2026-06-10,449-01,0.07,design
2026-06-11,449-01,0.07,design
2026-06-12,449-01,0.07,design
2026-06-13,449-01,0.08,design
2026-06-14,449-01,0.1,design
2026-06-08,449-02,0.01,design
2026-06-09,449-02,0.07,design
2026-06-10,449-02,0.07,design
2026-06-11,449-02,0.07,design
2026-06-12,449-02,0.07,design
2026-06-13,449-02,0.08,design
2026-06-14,449-02,0.11,design
2026-06-08,449-03,0.01,design
2026-06-09,449-03,0.08,design
2026-06-10,449-03,0.08,design
2026-06-11,449-03,0.08,design
2026-06-12,449-03,0.08,design
2026-06-13,449-03,0.09,design
2026-06-14,449-03,0.1,design
2026-06-08,450-01,0.01,design
2026-06-09,450-01,0.07,design
2026-06-10,450-01,0.07,design
2026-06-11,450-01,0.07,design
2026-06-12,450-01,0.07,design
2026-06-13,450-01,0.08,design
2026-06-14,450-01,0.1,design
2026-06-08,450-02,0.01,design
2026-06-09,450-02,0.09,design
2026-06-10,450-02,0.08,design
2026-06-11,450-02,0.08,design
2026-06-12,450-02,0.09,design
2026-06-13,450-02,0.1,design
2026-06-14,450-02,0.12,design
2026-06-08,450-03,0.01,design
2026-06-09,450-03,0.08,design
2026-06-10,450-03,0.07,design
2026-06-11,450-03,0.07,design
2026-06-12,450-03,0.08,design
2026-06-13,450-03,0.1,design
2026-06-14,450-03,0.12,design
2026-06-08,450-04,0.01,design
2026-06-09,450-04,0.07,design
2026-06-10,450-04,0.07,design
2026-06-11,450-04,0.07,design
2026-06-12,450-04,0.07,design
2026-06-13,450-04,0.08,design
2026-06-14,450-04,0.11,design
2026-06-08,451-01,0.12,design
2026-06-09,451-01,0.3,design
2026-06-10,451-01,0.28,design
2026-06-11,451-01,0.28,design
2026-06-12,451-01,0.3,design
2026-06-13,451-01,0.31,design
2026-06-14,451-01,0.38,design
2026-06-08,451-02,0.12,design
2026-06-09,451-02,0.27,design
2026-06-10,451-02,0.27,design
2026-06-11,451-02,0.27,design
2026-06-12,451-02,0.27,design
2026-06-13,451-02,0.28,design
2026-06-14,451-02,0.33,design
2026-06-08,451-03,1.05,design
2026-06-09,451-03,0.88,design
2026-06-10,451-03,0.81,design
2026-06-11,451-03,0.82,design
2026-06-12,451-03,0.8,design
2026-06-13,451-03,0.83,design
2026-06-14,451-03,0.84,design
2026-06-08,451-04,0.16,design
2026-06-09,451-04,0.33,design
2026-06-10,451-04,0.34,design
2026-06-11,451-04,0.3,design
2026-06-12,451-04,0.32,design
2026-06-13,451-04,0.34,design
2026-06-14,451-04,0.4,design
2026-06-08,452-01,0.01,design
2026-06-09,452-01,0.08,design
2026-06-10,452-01,0.07,design
2026-06-11,452-01,0.07,design
2026-06-12,452-01,0.08,design
2026-06-13,452-01,0.09,design
2026-06-14,452-01,0.12,design
2026-06-08,452-02,0.01,design
2026-06-09,452-02,0.08,design
2026-06-10,452-02,0.07,design
2026-06-11,452-02,0.07,design
2026-06-12,452-02,0.08,design
2026-06-13,452-02,0.09,design
2026-06-14,452-02,0.11,design
2026-06-08,452-03,0.01,design
2026-06-09,452-03,0.09,design
2026-06-10,452-03,0.08,design
2026-06-11,452-03,0.08,design
2026-06-12,452-03,0.09,design
2026-06-13,452-03,0.1,design
2026-06-14,452-03,0.12,design
2026-06-08,453-01,0.01,design
2026-06-09,453-01,0.07,design
2026-06-10,453-01,0.07,design
2026-06-11,453-01,0.07,design
2026-06-12,453-01,0.07,design
2026-06-13,453-01,0.09,design
2026-06-14,453-01,0.1,design
2026-06-08,453-02,0.01,design
2026-06-09,453-02,0.09,design
2026-06-10,453-02,0.08,design
2026-06-11,453-02,0.08,design
2026-06-12,453-02,0.09,design
2026-06-13,453-02,0.1,design
2026-06-14,453-02,0.12,design
2026-06-08,453-03,0.01,design
2026-06-09,453-03,0.08,design
2026-06-10,453-03,0.08,design
2026-06-11,453-03,0.08,design
2026-06-12,453-03,0.08,design
2026-06-13,453-03,0.09,design
2026-06-14,453-03,0.1,design
2026-06-08,454-01,0.01,design
2026-06-09,454-01,0.08,design
2026-06-10,454-01,0.07,design
2026-06-11,454-01,0.07,design
2026-06-12,454-01,0.08,design
2026-06-13,454-01,0.1,design
2026-06-14,454-01,0.12,design
2026-06-08,454-02,0.01,design
2026-06-09,454-02,0.08,design
2026-06-10,454-02,0.08,design
2026-06-11,454-02,0.08,design
2026-06-12,454-02,0.08,design
2026-06-13,454-02,0.09,design
2026-06-14,454-02,0.1,design
2026-06-08,454-03,0.01,design
2026-06-09,454-03,0.08,design
2026-06-10,454-03,0.07,design
2026-06-11,454-03,0.07,design
2026-06-12,454-03,0.08,design
2026-06-13,454-03,0.09,design
2026-06-14,454-03,0.11,design
2026-06-08,454-04,0.01,design
2026-06-09,454-04,0.08,design
2026-06-10,454-04,0.07,design
2026-06-11,454-04,0.07,design
2026-06-12,454-04,0.08,design
2026-06-13,454-04,0.09,design
2026-06-14,454-04,0.11,design
2026-06-08,455-01,0.01,design
2026-06-09,455-01,0.07,design
2026-06-10,455-01,0.07,design
2026-06-11,455-01,0.07,design
2026-06-12,455-01,0.07,design
2026-06-13,455-01,0.08,design
2026-06-14,455-01,0.1,design
2026-06-08,455-02,0.01,design
2026-06-09,455-02,0.08,design
2026-06-10,455-02,0.07,design
2026-06-11,455-02,0.07,design
2026-06-12,455-02,0.08,design
2026-06-13,455-02,0.09,design
2026-06-14,455-02,0.12,design
2026-06-08,455-03,0.01,design
2026-06-09,455-03,0.08,design
2026-06-10,455-03,0.07,design
2026-06-11,455-03,0.07,design
2026-06-12,455-03,0.08,design
2026-06-13,455-03,0.09,design
2026-06-14,455-03,0.11,design
2026-06-08,456-01,0.01,design
2026-06-09,456-01,0.08,design
2026-06-10,456-01,0.07,design
2026-06-11,456-01,0.07,design
2026-06-12,456-01,0.08,design
2026-06-13,456-01,0.09,design
2026-06-14,456-01,0.12,design
2026-06-08,456-02,0.01,design
2026-06-09,456-02,0.08,design
2026-06-10,456-02,0.07,design
2026-06-11,456-02,0.07,design
2026-06-12,456-02,0.08,design
2026-06-13,456-02,0.09,design
2026-06-14,456-02,0.11,design
2026-06-08,457-01,0.01,design
2026-06-09,457-01,0.08,design
2026-06-10,457-01,0.08,design
2026-06-11,457-01,0.08,design
2026-06-12,457-01,0.08,design
2026-06-13,457-01,0.09,design
2026-06-14,457-01,0.1,design
2026-06-08,457-02,0.01,design
2026-06-09,457-02,0.07,design
2026-06-10,457-02,0.07,design
2026-06-11,457-02,0.07,design
2026-06-12,457-02,0.07,design
2026-06-13,457-02,0.08,design
2026-06-14,457-02,0.1,design
2026-06-08,457-03,0.01,design
2026-06-09,457-03,0.09,design
2026-06-10,457-03,0.08,design
2026-06-11,457-03,0.08,design
2026-06-12,457-03,0.09,design
2026-06-13,457-03,0.1,design
2026-06-14,457-03,0.12,design
2026-06-08,457-04,0.01,design
2026-06-09,457-04,0.07,design
2026-06-10,457-04,0.07,design
2026-06-11,457-04,0.07,design
2026-06-12,457-04,0.07,design
2026-06-13,457-04,0.08,design
2026-06-14,457-04,0.1,design
2026-06-08,458-01,0.01,design
2026-06-09,458-01,0.08,design
2026-06-10,458-01,0.08,design
2026-06-11,458-01,0.08,design
2026-06-12,458-01,0.08,design
2026-06-13,458-01,0.1,design
2026-06-14,458-01,0.11,design
2026-06-08,458-02,0.01,design
2026-06-09,458-02,0.07,design
2026-06-10,458-02,0.07,design
2026-06-11,458-02,0.07,design
2026-06-12,458-02,0.07,design
2026-06-13,458-02,0.08,design
2026-06-14,458-02,0.1,design
2026-06-08,458-03,0.01,design
2026-06-09,458-03,0.09,design
2026-06-10,458-03,0.08,design
2026-06-11,458-03,0.08,design
2026-06-12,458-03,0.09,design
2026-06-13,458-03,0.1,design
2026-06-14,458-03,0.12,design
2026-06-08,458-04,0.01,design
2026-06-09,458-04,0.07,design
2026-06-10,458-04,0.07,design
2026-06-11,458-04,0.07,design
2026-06-12,458-04,0.07,design
2026-06-13,458-04,0.08,design
2026-06-14,458-04,0.1,design
2026-06-08,459-01,0.01,design
2026-06-09,459-01,0.09,design
2026-06-10,459-01,0.08,design
2026-06-11,459-01,0.08,design
2026-06-12,459-01,0.09,design
2026-06-13,459-01,0.1,design
2026-06-14,459-01,0.12,design
2026-06-08,459-02,0.01,design
2026-06-09,459-02,0.08,design
2026-06-10,459-02,0.07,design
2026-06-11,459-02,0.07,design
2026-06-12,459-02,0.08,design
2026-06-13,459-02,0.09,design
2026-06-14,459-02,0.12,design
2026-06-08,459-03,0.01,design
2026-06-09,459-03,0.08,design
2026-06-10,459-03,0.07,design
2026-06-11,459-03,0.07,design
2026-06-12,459-03,0.08,design
2026-06-13,459-03,0.1,design
2026-06-14,459-03,0.12,design
2026-06-08,459-04,0.0,design
2026-06-09,459-04,0.07,design
2026-06-10,459-04,0.07,design
2026-06-11,459-04,0.07,design
2026-06-12,459-04,0.07,design
2026-06-13,459-04,0.08,design
2026-06-14,459-04,0.1,design
2026-06-08,460-01,0.0,design
2026-06-09,460-01,0.0,design
2026-06-10,460-01,0.0,design
2026-06-11,460-01,0.0,design
2026-06-12,460-01,0.0,design
2026-06-13,460-01,0.0,design
2026-06-14,460-01,0.0,design
2026-06-08,460-02,0.0,design
2026-06-09,460-02,0.0,design
2026-06-10,460-02,0.0,design
2026-06-11,460-02,0.0,design
2026-06-12,460-02,0.0,design
2026-06-13,460-02,0.0,design
2026-06-14,460-02,0.0,design
2026-06-08,460-03,0.0,design
2026-06-09,460-03,0.0,design
2026-06-10,460-03,0.0,design
2026-06-11,460-03,0.0,design
2026-06-12,460-03,0.0,design
2026-06-13,460-03,0.0,design
2026-06-14,460-03,0.0,design
2026-06-08,460-04,0.0,design
2026-06-09,460-04,0.0,design
2026-06-10,460-04,0.0,design
2026-06-11,460-04,0.0,design
2026-06-12,460-04,0.0,design
2026-06-13,460-04,0.0,design
2026-06-14,460-04,0.0,design
2026-06-08,461-01,0.01,design
2026-06-09,461-01,0.08,design
2026-06-10,461-01,0.07,design
2026-06-11,461-01,0.07,design
2026-06-12,461-01,0.08,design
2026-06-13,461-01,0.1,design
2026-06-14,461-01,0.12,design
2026-06-08,461-02,0.01,design
2026-06-09,461-02,0.09,design
2026-06-10,461-02,0.08,design
2026-06-11,461-02,0.08,design
2026-06-12,461-02,0.09,design
2026-06-13,461-02,0.1,design
2026-06-14,461-02,0.12,design
2026-06-08,461-03,0.01,design
2026-06-09,461-03,0.08,design
2026-06-10,461-03,0.07,design
2026-06-11,461-03,0.07,design
2026-06-12,461-03,0.08,design
2026-06-13,461-03,0.1,design
2026-06-14,461-03,0.12,design
2026-06-08,461-04,0.01,design
2026-06-09,461-04,0.08,design
2026-06-10,461-04,0.07,design
2026-06-11,461-04,0.07,design
2026-06-12,461-04,0.08,design
2026-06-13,461-04,0.09,design
2026-06-14,461-04,0.11,design
2026-06-08,462-01,0.38,design
2026-06-09,462-01,0.46,design
2026-06-10,462-01,0.44,design
2026-06-11,462-01,0.42,design
2026-06-12,462-01,0.46,design
2026-06-13,462-01,0.45,design
2026-06-14,462-01,0.45,design
2026-06-08,462-02,0.36,design
2026-06-09,462-02,0.51,design
2026-06-10,462-02,0.42,design
2026-06-11,462-02,0.43,design
2026-06-12,462-02,0.45,design
2026-06-13,462-02,0.45,design
2026-06-14,462-02,0.48,design
2026-06-08,463-01,0.01,design
2026-06-09,463-01,0.08,design
2026-06-10,463-01,0.07,design
2026-06-11,463-01,0.07,design
2026-06-12,463-01,0.08,design
2026-06-13,463-01,0.1,design
2026-06-14,463-01,0.12,design
2026-06-08,463-02,0.01,design
2026-06-09,463-02,0.08,design
2026-06-10,463-02,0.08,design
2026-06-11,463-02,0.08,design
2026-06-12,463-02,0.08,design
2026-06-13,463-02,0.09,design
2026-06-14,463-02,0.11,design
2026-06-08,463-03,0.01,design
2026-06-09,463-03,0.09,design
2026-06-10,463-03,0.08,design
2026-06-11,463-03,0.08,design
2026-06-12,463-03,0.09,design
2026-06-13,463-03,0.1,design
2026-06-14,463-03,0.12,design
2026-06-08,464-01,0.01,design
2026-06-09,464-01,0.07,design
2026-06-10,464-01,0.07,design
2026-06-11,464-01,0.07,design
2026-06-12,464-01,0.07,design
2026-06-13,464-01,0.08,design
2026-06-14,464-01,0.1,design
2026-06-08,464-02,0.01,design
2026-06-09,464-02,0.07,design
2026-06-10,464-02,0.07,design
2026-06-11,464-02,0.07,design
2026-06-12,464-02,0.07,design
2026-06-13,464-02,0.08,design
2026-06-14,464-02,0.11,design
2026-06-08,465-01,0.01,design
2026-06-09,465-01,0.08,design
2026-06-10,465-01,0.07,design
2026-06-11,465-01,0.07,design
2026-06-12,465-01,0.08,design
2026-06-13,465-01,0.09,design
2026-06-14,465-01,0.11,design
2026-06-08,465-02,0.01,design
2026-06-09,465-02,0.09,design
2026-06-10,465-02,0.08,design
2026-06-11,465-02,0.08,design
2026-06-12,465-02,0.09,design
2026-06-13,465-02,0.1,design
2026-06-14,465-02,0.12,design
2026-06-08,466-01,0.0,design
2026-06-09,466-01,0.08,design
2026-06-10,466-01,0.07,design
2026-06-11,466-01,0.07,design
2026-06-12,466-01,0.08,design
2026-06-13,466-01,0.09,design
2026-06-14,466-01,0.11,design
2026-06-08,466-02,0.0,design
2026-06-09,466-02,0.07,design
2026-06-10,466-02,0.07,design
2026-06-11,466-02,0.07,design
2026-06-12,466-02,0.07,design
2026-06-13,466-02,0.08,design
2026-06-14,466-02,0.09,design
2026-06-08,467-01,0.14,design
2026-06-09,467-01,0.27,design
2026-06-10,467-01,0.26,design
2026-06-11,467-01,0.26,design
2026-06-12,467-01,0.27,design
2026-06-13,467-01,0.28,design
2026-06-14,467-01,0.3,design
2026-06-08,467-02,0.15,design
2026-06-09,467-02,0.31,design
2026-06-10,467-02,0.29,design
2026-06-11,467-02,0.29,design
2026-06-12,467-02,0.3,design
2026-06-13,467-02,0.32,design
2026-06-14,467-02,0.35,design
2026-06-08,467-03,1.48,design
2026-06-09,467-03,1.26,design
2026-06-10,467-03,1.17,design
2026-06-11,467-03,1.21,design
2026-06-12,467-03,1.13,design
2026-06-13,467-03,1.26,design
2026-06-14,467-03,1.32,design
2026-06-08,467-04,0.35,design
2026-06-09,467-04,0.47,design
2026-06-10,467-04,0.43,design
2026-06-11,467-04,0.39,design
2026-06-12,467-04,0.38,design
2026-06-13,467-04,0.39,design
2026-06-14,467-04,0.43,design
2026-06-08,468-01,0.03,design
2026-06-09,468-01,0.11,design
2026-06-10,468-01,0.1,design
2026-06-11,468-01,0.1,design
2026-06-12,468-01,0.11,design
2026-06-13,468-01,0.14,design
2026-06-14,468-01,0.22,design
2026-06-08,468-02,0.02,design
2026-06-09,468-02,0.1,design
2026-06-10,468-02,0.1,design
2026-06-11,468-02,0.1,design
2026-06-12,468-02,0.1,design
2026-06-13,468-02,0.13,design
2026-06-14,468-02,0.2,design
2026-06-08,468-03,0.02,design
2026-06-09,468-03,0.1,design
2026-06-10,468-03,0.09,design
2026-06-11,468-03,0.09,design
2026-06-12,468-03,0.1,design
2026-06-13,468-03,0.12,design
2026-06-14,468-03,0.2,design
2026-06-08,468-04,0.02,design
2026-06-09,468-04,0.09,design
2026-06-10,468-04,0.09,design
2026-06-11,468-04,0.09,design
2026-06-12,468-04,0.09,design
2026-06-13,468-04,0.12,design
2026-06-14,468-04,0.19,design
2026-06-08,469-01,0.01,design
2026-06-09,469-01,0.07,design
2026-06-10,469-01,0.07,design
2026-06-11,469-01,0.07,design
2026-06-12,469-01,0.07,design
2026-06-13,469-01,0.08,design
2026-06-14,469-01,0.12,design
2026-06-08,469-02,0.01,design
2026-06-09,469-02,0.09,design
2026-06-10,469-02,0.08,design
2026-06-11,469-02,0.08,design
2026-06-12,469-02,0.09,design
2026-06-13,469-02,0.1,design
2026-06-14,469-02,0.14,design
2026-06-08,469-03,0.02,design
2026-06-09,469-03,0.08,design
2026-06-10,469-03,0.08,design
2026-06-11,469-03,0.08,design
2026-06-12,469-03,0.08,design
2026-06-13,469-03,0.09,design
2026-06-14,469-03,0.13,design
2026-06-08,469-04,0.01,design
2026-06-09,469-04,0.09,design
2026-06-10,469-04,0.08,design
2026-06-11,469-04,0.08,design
2026-06-12,469-04,0.09,design
2026-06-13,469-04,0.11,design
2026-06-14,469-04,0.15,design
2026-06-08,470-01,0.01,design
2026-06-09,470-01,0.07,design
2026-06-10,470-01,0.07,design
2026-06-11,470-01,0.07,design
2026-06-12,470-01,0.07,design
2026-06-13,470-01,0.08,design
2026-06-14,470-01,0.1,design
2026-06-08,470-02,0.01,design
2026-06-09,470-02,0.09,design
2026-06-10,470-02,0.08,design
2026-06-11,470-02,0.08,design
2026-06-12,470-02,0.09,design
2026-06-13,470-02,0.1,design
2026-06-14,470-02,0.12,design
2026-06-08,471-01,1.07,design
2026-06-09,471-01,1.21,design
2026-06-10,471-01,1.02,design
2026-06-11,471-01,1.06,design
2026-06-12,471-01,0.92,design
2026-06-13,471-01,0.95,design
2026-06-14,471-01,1.11,design
2026-06-08,471-02,1.08,design
2026-06-09,471-02,0.95,design
2026-06-10,471-02,0.79,design
2026-06-11,471-02,0.78,design
2026-06-12,471-02,0.82,design
2026-06-13,471-02,0.84,design
2026-06-14,471-02,0.89,design
2026-06-08,471-03,0.27,design
2026-06-09,471-03,0.5,design
2026-06-10,471-03,0.41,design
2026-06-11,471-03,0.46,design
2026-06-12,471-03,0.48,design
2026-06-13,471-03,0.5,design
2026-06-14,471-03,0.56,design
2026-06-08,471-04,0.16,design
2026-06-09,471-04,0.3,design
2026-06-10,471-04,0.29,design
2026-06-11,471-04,0.29,design
2026-06-12,471-04,0.3,design
2026-06-13,471-04,0.34,design
2026-06-14,471-04,0.41,design
2026-06-08,472-01,0.0,design
2026-06-09,472-01,0.0,design
2026-06-10,472-01,0.0,design
2026-06-11,472-01,0.0,design
2026-06-12,472-01,0.0,design
2026-06-13,472-01,0.0,design
2026-06-14,472-01,0.0,design
2026-06-08,472-02,0.0,design
2026-06-09,472-02,0.0,design
2026-06-10,472-02,0.0,design
2026-06-11,472-02,0.0,design
2026-06-12,472-02,0.0,design
2026-06-13,472-02,0.0,design
2026-06-14,472-02,0.0,design
2026-06-08,473-01,1.16,design
2026-06-09,473-01,0.93,design
2026-06-10,473-01,0.76,design
2026-06-11,473-01,0.8,design
2026-06-12,473-01,0.73,design
2026-06-13,473-01,1.0,design
2026-06-14,473-01,1.01,design
2026-06-08,473-02,0.2,design
2026-06-09,473-02,0.32,design
2026-06-10,473-02,0.38,design
2026-06-11,473-02,0.31,design
2026-06-12,473-02,0.32,design
2026-06-13,473-02,0.39,design
2026-06-14,473-02,0.44,design
2026-06-08,473-03,0.04,design
2026-06-09,473-03,0.16,design
2026-06-10,473-03,0.15,design
2026-06-11,473-03,0.15,design
2026-06-12,473-03,0.16,design
2026-06-13,473-03,0.2,design
2026-06-14,473-03,0.28,design
2026-06-08,474-01,0.0,design
2026-06-09,474-01,1.19,design
2026-06-10,474-01,2.66,design
2026-06-11,474-01,2.83,design
2026-06-12,474-01,2.05,design
2026-06-13,474-01,3.39,design
2026-06-14,474-01,2.54,design
2026-06-08,474-02,0.79,design
2026-06-09,474-02,0.42,design
2026-06-10,474-02,4.53,design
2026-06-11,474-02,4.64,design
2026-06-12,474-02,4.3,design
2026-06-13,474-02,4.27,design
2026-06-14,474-02,6.58,design
2026-06-08,474-03,0.0,design
2026-06-09,474-03,1.11,design
2026-06-10,474-03,3.99,design
2026-06-11,474-03,4.49,design
2026-06-12,474-03,4.97,design
2026-06-13,474-03,6.58,design
2026-06-14,474-03,7.05,design
2026-06-08,474-04,0.14,design
2026-06-09,474-04,0.36,design
2026-06-10,474-04,0.34,design
2026-06-11,474-04,0.34,design
2026-06-12,474-04,0.36,design
2026-06-13,474-04,0.41,design
2026-06-14,474-04,0.51,design
2026-06-08,474-05,0.2,design
2026-06-09,474-05,0.45,design
2026-06-10,474-05,0.53,design
2026-06-11,474-05,0.61,design
2026-06-12,474-05,0.65,design
2026-06-13,474-05,0.59,design
2026-06-14,474-05,0.72,design
2026-06-08,474-06,0.37,design
2026-06-09,474-06,0.54,design
2026-06-10,474-06,0.52,design
2026-06-11,474-06,0.48,design
2026-06-12,474-06,0.43,design
2026-06-13,474-06,0.43,design
2026-06-14,474-06,0.56,design
2026-06-08,474-07,2.8,design
2026-06-09,474-07,3.81,design
2026-06-10,474-07,3.37,design
2026-06-11,474-07,2.49,design
2026-06-12,474-07,2.36,design
2026-06-13,474-07,2.78,design
2026-06-14,474-07,3.22,design
2026-06-08,474-08,0.97,design
2026-06-09,474-08,1.26,design
2026-06-10,474-08,0.86,design
2026-06-11,474-08,0.74,design
2026-06-12,474-08,0.8,design
2026-06-13,474-08,0.93,design
2026-06-14,474-08,1.14,design
2026-06-08,474-09,0.46,design
2026-06-09,474-09,0.66,design
2026-06-10,474-09,0.66,design
2026-06-11,474-09,0.63,design
2026-06-12,474-09,0.67,design
2026-06-13,474-09,0.55,design
2026-06-14,474-09,0.72,design
2026-06-08,475-01,0.04,design
2026-06-09,475-01,0.1,design
2026-06-10,475-01,0.1,design
2026-06-11,475-01,0.1,design
2026-06-12,475-01,0.1,design
2026-06-13,475-01,0.11,design
2026-06-14,475-01,0.14,design
2026-06-08,475-02,0.43,design
2026-06-09,475-02,0.52,design
2026-06-10,475-02,0.49,design
2026-06-11,475-02,0.47,design
2026-06-12,475-02,0.41,design
2026-06-13,475-02,0.43,design
2026-06-14,475-02,0.4,design
2026-06-08,475-03,0.13,design
2026-06-09,475-03,0.21,design
2026-06-10,475-03,0.13,design
2026-06-11,475-03,0.13,design
2026-06-12,475-03,0.13,design
2026-06-13,475-03,0.14,design
2026-06-14,475-03,0.18,design
2026-06-08,476-01,0.06,design
2026-06-09,476-01,0.28,design
2026-06-10,476-01,0.28,design
2026-06-11,476-01,0.28,design
2026-06-12,476-01,0.28,design
2026-06-13,476-01,0.31,design
2026-06-14,476-01,0.34,design
2026-06-08,476-02,0.92,design
2026-06-09,476-02,1.07,design
2026-06-10,476-02,1.13,design
2026-06-11,476-02,0.96,design
2026-06-12,476-02,1.09,design
2026-06-13,476-02,1.15,design
2026-06-14,476-02,1.16,design
2026-06-08,476-03,0.0,design
2026-06-09,476-03,0.06,design
2026-06-10,476-03,1.89,design
2026-06-11,476-03,1.7,design
2026-06-12,476-03,1.69,design
2026-06-13,476-03,2.02,design
2026-06-14,476-03,2.14,design
2026-06-08,477-01,0.01,design
2026-06-09,477-01,0.07,design
2026-06-10,477-01,0.07,design
2026-06-11,477-01,0.07,design
2026-06-12,477-01,0.07,design
2026-06-13,477-01,0.09,design
2026-06-14,477-01,0.11,design
2026-06-08,477-02,0.01,design
2026-06-09,477-02,0.09,design
2026-06-10,477-02,0.08,design
2026-06-11,477-02,0.08,design
2026-06-12,477-02,0.09,design
2026-06-13,477-02,0.1,design
2026-06-14,477-02,0.12,design
2026-06-08,477-03,0.01,design
2026-06-09,477-03,0.08,design
2026-06-10,477-03,0.07,design
2026-06-11,477-03,0.07,design
2026-06-12,477-03,0.08,design
2026-06-13,477-03,0.09,design
2026-06-14,477-03,0.11,design
2026-06-08,477-04,0.01,design
2026-06-09,477-04,0.09,design
2026-06-10,477-04,0.08,design
2026-06-11,477-04,0.08,design
2026-06-12,477-04,0.09,design
2026-06-13,477-04,0.1,design
2026-06-14,477-04,0.12,design
2026-06-08,478-01,0.0,design
2026-06-09,478-01,0.0,design
2026-06-10,478-01,0.0,design
2026-06-11,478-01,0.0,design
2026-06-12,478-01,0.0,design
2026-06-13,478-01,0.0,design
2026-06-14,478-01,0.0,design
2026-06-08,478-02,0.0,design
2026-06-09,478-02,0.08,design
2026-06-10,478-02,0.07,design
2026-06-11,478-02,0.07,design
2026-06-12,478-02,0.08,design
2026-06-13,478-02,0.09,design
2026-06-14,478-02,0.1,design
2026-06-08,479-01,0.01,design
2026-06-09,479-01,0.08,design
2026-06-10,479-01,0.08,design
2026-06-11,479-01,0.08,design
2026-06-12,479-01,0.08,design
2026-06-13,479-01,0.1,design
2026-06-14,479-01,0.11,design
2026-06-08,479-02,0.02,design
2026-06-09,479-02,0.09,design
2026-06-10,479-02,0.08,design
2026-06-11,479-02,0.08,design
2026-06-12,479-02,0.09,design
2026-06-13,479-02,0.1,design
2026-06-14,479-02,0.12,design
2026-06-08,479-03,0.01,design
2026-06-09,479-03,0.08,design
2026-06-10,479-03,0.08,design
2026-06-11,479-03,0.08,design
2026-06-12,479-03,0.08,design
2026-06-13,479-03,0.09,design
2026-06-14,479-03,0.11,design
2026-06-08,479-04,0.01,design
2026-06-09,479-04,0.08,design
2026-06-10,479-04,0.08,design
2026-06-11,479-04,0.08,design
2026-06-12,479-04,0.08,design
2026-06-13,479-04,0.09,design
2026-06-14,479-04,0.11,design
2026-06-08,480-01,0.0,design
2026-06-09,480-01,0.08,design
2026-06-10,480-01,0.06,design
2026-06-11,480-01,0.06,design
2026-06-12,480-01,0.08,design
2026-06-13,480-01,0.09,design
2026-06-14,480-01,0.11,design
2026-06-08,480-02,0.01,design
2026-06-09,480-02,0.08,design
2026-06-10,480-02,0.07,design
2026-06-11,480-02,0.07,design
2026-06-12,480-02,0.08,design
2026-06-13,480-02,0.09,design
2026-06-14,480-02,0.11,design
2026-06-08,480-03,0.0,design
2026-06-09,480-03,0.06,design
2026-06-10,480-03,0.06,design
2026-06-11,480-03,0.06,design
2026-06-12,480-03,0.06,design
2026-06-13,480-03,0.08,design
2026-06-14,480-03,0.09,design
2026-06-08,480-04,0.01,design
2026-06-09,480-04,0.07,design
2026-06-10,480-04,0.07,design
2026-06-11,480-04,0.07,design
2026-06-12,480-04,0.07,design
2026-06-13,480-04,0.08,design
2026-06-14,480-04,0.1,design
2026-06-08,481-01,0.04,design
2026-06-09,481-01,0.1,design
2026-06-10,481-01,0.09,design
2026-06-11,481-01,0.09,design
2026-06-12,481-01,0.1,design
2026-06-13,481-01,0.11,design
2026-06-14,481-01,0.14,design
2026-06-08,481-02,0.28,design
2026-06-09,481-02,0.3,design
2026-06-10,481-02,0.24,design
2026-06-11,481-02,0.23,design
2026-06-12,481-02,0.22,design
2026-06-13,481-02,0.25,design
2026-06-14,481-02,0.19,design
2026-06-08,481-03,0.03,design
2026-06-09,481-03,0.11,design
2026-06-10,481-03,0.09,design
2026-06-11,481-03,0.09,design
2026-06-12,481-03,0.11,design
2026-06-13,481-03,0.11,design
2026-06-14,481-03,0.13,design
2026-06-08,481-04,0.02,design
2026-06-09,481-04,0.09,design
2026-06-10,481-04,0.09,design
2026-06-11,481-04,0.09,design
2026-06-12,481-04,0.09,design
2026-06-13,481-04,0.12,design
2026-06-14,481-04,0.13,design
2026-06-08,482-01,0.01,design
2026-06-09,482-01,0.09,design
2026-06-10,482-01,0.08,design
2026-06-11,482-01,0.08,design
2026-06-12,482-01,0.09,design
2026-06-13,482-01,0.1,design
2026-06-14,482-01,0.12,design
2026-06-08,482-02,0.01,design
2026-06-09,482-02,0.09,design
2026-06-10,482-02,0.08,design
2026-06-11,482-02,0.08,design
2026-06-12,482-02,0.09,design
2026-06-13,482-02,0.1,design
2026-06-14,482-02,0.12,design
2026-06-08,482-03,0.01,design
2026-06-09,482-03,0.09,design
2026-06-10,482-03,0.08,design
2026-06-11,482-03,0.08,design
2026-06-12,482-03,0.09,design
2026-06-13,482-03,0.1,design
2026-06-14,482-03,0.12,design
2026-06-08,482-04,0.01,design
2026-06-09,482-04,0.08,design
2026-06-10,482-04,0.08,design
2026-06-11,482-04,0.08,design
2026-06-12,482-04,0.08,design
2026-06-13,482-04,0.1,design
2026-06-14,482-04,0.11,design
2026-06-08,483-01,1.15,design
2026-06-09,483-01,0.95,design
2026-06-10,483-01,0.95,design
2026-06-11,483-01,0.97,design
2026-06-12,483-01,0.96,design
2026-06-13,483-01,1.04,design
2026-06-14,483-01,1.13,design
2026-06-08,483-02,2.07,design
2026-06-09,483-02,2.59,design
2026-06-10,483-02,2.67,design
2026-06-11,483-02,2.3,design
2026-06-12,483-02,2.18,design
2026-06-13,483-02,2.31,design
2026-06-14,483-02,2.43,design
2026-06-08,483-03,1.28,design
2026-06-09,483-03,1.56,design
2026-06-10,483-03,1.62,design
2026-06-11,483-03,1.32,design
2026-06-12,483-03,1.27,design
2026-06-13,483-03,1.24,design
2026-06-14,483-03,1.3,design
2026-06-08,483-04,2.02,design
2026-06-09,483-04,2.3,design
2026-06-10,483-04,1.96,design
2026-06-11,483-04,2.1,design
2026-06-12,483-04,1.94,design
2026-06-13,483-04,2.06,design
2026-06-14,483-04,2.34,design
2026-06-08,484-01,2.07,design
2026-06-09,484-01,1.99,design
2026-06-10,484-01,1.52,design
2026-06-11,484-01,1.23,design
2026-06-12,484-01,1.05,design
2026-06-13,484-01,1.23,design
2026-06-14,484-01,1.18,design
2026-06-08,484-02,1.04,design
2026-06-09,484-02,1.05,design
2026-06-10,484-02,0.92,design
2026-06-11,484-02,0.72,design
2026-06-12,484-02,0.71,design
2026-06-13,484-02,0.85,design
2026-06-14,484-02,0.82,design
2026-06-08,484-03,0.06,design
2026-06-09,484-03,0.18,design
2026-06-10,484-03,0.17,design
2026-06-11,484-03,0.17,design
2026-06-12,484-03,0.18,design
2026-06-13,484-03,0.19,design
2026-06-14,484-03,0.22,design
2026-06-08,484-04,0.73,design
2026-06-09,484-04,0.99,design
2026-06-10,484-04,0.74,design
2026-06-11,484-04,0.55,design
2026-06-12,484-04,0.61,design
2026-06-13,484-04,0.57,design
2026-06-14,484-04,0.59,design
2026-06-08,485-01,0.04,design
2026-06-09,485-01,0.12,design
2026-06-10,485-01,0.11,design
2026-06-11,485-01,0.11,design
2026-06-12,485-01,0.13,design
2026-06-13,485-01,0.13,design
2026-06-14,485-01,0.16,design
2026-06-08,485-02,0.16,design
2026-06-09,485-02,0.25,design
2026-06-10,485-02,0.21,design
2026-06-11,485-02,0.2,design
2026-06-12,485-02,0.17,design
2026-06-13,485-02,0.2,design
2026-06-14,485-02,0.21,design
2026-06-08,485-03,0.04,design
2026-06-09,485-03,0.11,design
2026-06-10,485-03,0.11,design
2026-06-11,485-03,0.11,design
2026-06-12,485-03,0.12,design
2026-06-13,485-03,0.12,design
2026-06-14,485-03,0.15,design
2026-06-08,485-04,0.08,design
2026-06-09,485-04,0.14,design
2026-06-10,485-04,0.14,design
2026-06-11,485-04,0.14,design
2026-06-12,485-04,0.14,design
2026-06-13,485-04,0.16,design
2026-06-14,485-04,0.15,design
2026-06-08,486-01,0.01,design
2026-06-09,486-01,0.07,design
2026-06-10,486-01,0.07,design
2026-06-11,486-01,0.07,design
2026-06-12,486-01,0.07,design
2026-06-13,486-01,0.09,design
2026-06-14,486-01,0.11,design
2026-06-08,486-02,0.02,design
2026-06-09,486-02,0.09,design
2026-06-10,486-02,0.09,design
2026-06-11,486-02,0.09,design
2026-06-12,486-02,0.09,design
2026-06-13,486-02,0.1,design
2026-06-14,486-02,0.12,design
2026-06-08,486-03,0.03,design
2026-06-09,486-03,0.11,design
2026-06-10,486-03,0.1,design
2026-06-11,486-03,0.1,design
2026-06-12,486-03,0.11,design
2026-06-13,486-03,0.12,design
2026-06-14,486-03,0.15,design
2026-06-08,486-04,0.02,design
2026-06-09,486-04,0.11,design
2026-06-10,486-04,0.1,design
2026-06-11,486-04,0.1,design
2026-06-12,486-04,0.11,design
2026-06-13,486-04,0.12,design
2026-06-14,486-04,0.14,design
2026-06-08,487-01,0.36,design
2026-06-09,487-01,0.46,design
2026-06-10,487-01,0.43,design
2026-06-11,487-01,0.42,design
2026-06-12,487-01,0.43,design
2026-06-13,487-01,0.33,design
2026-06-14,487-01,0.35,design
2026-06-08,487-02,0.51,design
2026-06-09,487-02,0.6,design
2026-06-10,487-02,0.6,design
2026-06-11,487-02,0.5,design
2026-06-12,487-02,0.46,design
2026-06-13,487-02,0.48,design
2026-06-14,487-02,0.45,design
2026-06-08,487-03,0.11,design
2026-06-09,487-03,0.24,design
2026-06-10,487-03,0.23,design
2026-06-11,487-03,0.22,design
2026-06-12,487-03,0.22,design
2026-06-13,487-03,0.23,design
2026-06-14,487-03,0.25,design
2026-06-08,487-04,1.54,design
2026-06-09,487-04,1.41,design
2026-06-10,487-04,0.95,design
2026-06-11,487-04,0.87,design
2026-06-12,487-04,0.9,design
2026-06-13,487-04,0.78,design
2026-06-14,487-04,0.88,design
2026-06-08,488-01,0.7,design
2026-06-09,488-01,0.78,design
2026-06-10,488-01,0.73,design
2026-06-11,488-01,0.73,design
2026-06-12,488-01,0.75,design
2026-06-13,488-01,0.72,design
2026-06-14,488-01,0.81,design
2026-06-08,488-02,0.37,design
2026-06-09,488-02,0.47,design
2026-06-10,488-02,0.41,design
2026-06-11,488-02,0.44,design
2026-06-12,488-02,0.45,design
2026-06-13,488-02,0.41,design
2026-06-14,488-02,0.49,design
2026-06-08,488-03,0.5,design
2026-06-09,488-03,0.51,design
2026-06-10,488-03,0.45,design
2026-06-11,488-03,0.45,design
2026-06-12,488-03,0.43,design
2026-06-13,488-03,0.49,design
2026-06-14,488-03,0.55,design
2026-06-08,488-04,0.15,design
2026-06-09,488-04,0.25,design
2026-06-10,488-04,0.24,design
2026-06-11,488-04,0.24,design
2026-06-12,488-04,0.24,design
2026-06-13,488-04,0.27,design
2026-06-14,488-04,0.34,design
2026-06-08,489-01,0.02,design
2026-06-09,489-01,0.09,design
2026-06-10,489-01,0.08,design
2026-06-11,489-01,0.08,design
2026-06-12,489-01,0.09,design
2026-06-13,489-01,0.1,design
2026-06-14,489-01,0.12,design
2026-06-08,489-02,0.02,design
2026-06-09,489-02,0.08,design
2026-06-10,489-02,0.08,design
2026-06-11,489-02,0.08,design
2026-06-12,489-02,0.08,design
2026-06-13,489-02,0.09,design
2026-06-14,489-02,0.11,design
2026-06-08,489-03,0.03,design
2026-06-09,489-03,0.11,design
2026-06-10,489-03,0.09,design
2026-06-11,489-03,0.09,design
2026-06-12,489-03,0.11,design
2026-06-13,489-03,0.12,design
2026-06-14,489-03,0.14,design
2026-06-08,489-04,0.02,design
2026-06-09,489-04,0.1,design
2026-06-10,489-04,0.09,design
2026-06-11,489-04,0.09,design
2026-06-12,489-04,0.1,design
2026-06-13,489-04,0.11,design
2026-06-14,489-04,0.12,design
2026-06-08,490-01,2.27,design
2026-06-09,490-01,2.85,design
2026-06-10,490-01,2.69,design
2026-06-11,490-01,2.5,design
2026-06-12,490-01,2.33,design
2026-06-13,490-01,2.27,design
2026-06-14,490-01,2.59,design
2026-06-08,490-02,1.9,design
2026-06-09,490-02,1.99,design
2026-06-10,490-02,1.81,design
2026-06-11,490-02,1.86,design
2026-06-12,490-02,2.04,design
2026-06-13,490-02,1.81,design
2026-06-14,490-02,2.12,design
2026-06-08,490-03,0.61,design
2026-06-09,490-03,2.64,design
2026-06-10,490-03,4.11,design
2026-06-11,490-03,6.04,design
2026-06-12,490-03,7.2,design
2026-06-13,490-03,8.83,design
2026-06-14,490-03,8.84,design
2026-06-08,490-04,1.56,design
2026-06-09,490-04,2.64,design
2026-06-10,490-04,2.5,design
2026-06-11,490-04,2.54,design
2026-06-12,490-04,2.7,design
2026-06-13,490-04,3.01,design
2026-06-14,490-04,3.0,design
2026-06-08,490-05,0.46,design
2026-06-09,490-05,0.34,design
2026-06-10,490-05,0.34,design
2026-06-11,490-05,0.34,design
2026-06-12,490-05,0.37,design
2026-06-13,490-05,0.38,design
2026-06-14,490-05,0.41,design
2026-06-08,490-06,0.24,design
2026-06-09,490-06,0.33,design
2026-06-10,490-06,0.26,design
2026-06-11,490-06,0.25,design
2026-06-12,490-06,0.29,design
2026-06-13,490-06,0.29,design
2026-06-14,490-06,0.33,design
2026-06-08,491-01,0.0,design
2026-06-09,491-01,0.0,design
2026-06-10,491-01,0.0,design
2026-06-11,491-01,0.0,design
2026-06-12,491-01,0.0,design
2026-06-13,491-01,0.0,design
2026-06-14,491-01,0.0,design
2026-06-08,491-02,0.0,design
2026-06-09,491-02,0.0,design
2026-06-10,491-02,0.0,design
2026-06-11,491-02,0.0,design
2026-06-12,491-02,0.0,design
2026-06-13,491-02,0.0,design
2026-06-14,491-02,0.0,design
2026-06-08,491-03,0.35,design
2026-06-09,491-03,0.35,design
2026-06-10,491-03,0.26,design
2026-06-11,491-03,0.16,design
2026-06-12,491-03,0.11,design
2026-06-13,491-03,0.13,design
2026-06-14,491-03,0.16,design
2026-06-08,491-04,0.23,design
2026-06-09,491-04,0.28,design
2026-06-10,491-04,0.15,design
2026-06-11,491-04,0.13,design
2026-06-12,491-04,0.11,design
2026-06-13,491-04,0.16,design
2026-06-14,491-04,0.15,design
2026-06-08,492-01,0.13,design
2026-06-09,492-01,0.22,design
2026-06-10,492-01,0.22,design
2026-06-11,492-01,0.21,design
2026-06-12,492-01,0.22,design
2026-06-13,492-01,0.22,design
2026-06-14,492-01,0.24,design
2026-06-08,492-02,0.95,design
2026-06-09,492-02,0.91,design
2026-06-10,492-02,0.78,design
2026-06-11,492-02,0.63,design
2026-06-12,492-02,0.65,design
2026-06-13,492-02,0.66,design
2026-06-14,492-02,0.6,design
2026-06-08,492-03,0.28,design
2026-06-09,492-03,0.31,design
2026-06-10,492-03,0.29,design
2026-06-11,492-03,0.31,design
2026-06-12,492-03,0.29,design
2026-06-13,492-03,0.32,design
2026-06-14,492-03,0.36,design
2026-06-08,492-04,0.2,design
2026-06-09,492-04,0.31,design
2026-06-10,492-04,0.27,design
2026-06-11,492-04,0.25,design
2026-06-12,492-04,0.23,design
2026-06-13,492-04,0.24,design
2026-06-14,492-04,0.27,design
2026-06-08,492-05,0.35,design
2026-06-09,492-05,0.44,design
2026-06-10,492-05,0.41,design
2026-06-11,492-05,0.36,design
2026-06-12,492-05,0.32,design
2026-06-13,492-05,0.35,design
2026-06-14,492-05,0.38,design
2026-06-08,493-01,0.01,design
2026-06-09,493-01,0.08,design
2026-06-10,493-01,0.07,design
2026-06-11,493-01,0.07,design
2026-06-12,493-01,0.08,design
2026-06-13,493-01,0.09,design
2026-06-14,493-01,0.11,design
2026-06-08,493-02,0.0,design
2026-06-09,493-02,0.08,design
2026-06-10,493-02,0.06,design
2026-06-11,493-02,0.06,design
2026-06-12,493-02,0.08,design
2026-06-13,493-02,0.09,design
2026-06-14,493-02,0.11,design
2026-06-08,493-03,0.01,design
2026-06-09,493-03,0.08,design
2026-06-10,493-03,0.07,design
2026-06-11,493-03,0.07,design
2026-06-12,493-03,0.08,design
2026-06-13,493-03,0.09,design
2026-06-14,493-03,0.11,design
2026-06-08,494-01,0.0,design
2026-06-09,494-01,0.0,design
2026-06-10,494-01,0.0,design
2026-06-11,494-01,0.0,design
2026-06-12,494-01,0.0,design
2026-06-13,494-01,0.0,design
2026-06-14,494-01,0.09,design
2026-06-08,494-03,0.01,design
2026-06-09,494-03,0.09,design
2026-06-10,494-03,0.07,design
2026-06-11,494-03,0.07,design
2026-06-12,494-03,0.09,design
2026-06-13,494-03,0.1,design
2026-06-14,494-03,0.12,design
2026-06-08,494-04,0.0,design
2026-06-09,494-04,0.08,design
2026-06-10,494-04,0.07,design
2026-06-11,494-04,0.07,design
2026-06-12,494-04,0.08,design
2026-06-13,494-04,0.09,design
2026-06-14,494-04,0.1,design
2026-06-08,495-01,0.0,design
2026-06-09,495-01,0.0,design
2026-06-10,495-01,0.0,design
2026-06-11,495-01,0.0,design
2026-06-12,495-01,0.0,design
2026-06-13,495-01,0.0,design
2026-06-14,495-01,0.0,design
2026-06-08,495-02,0.0,design
2026-06-09,495-02,0.0,design
2026-06-10,495-02,0.0,design
2026-06-11,495-02,0.0,design
2026-06-12,495-02,0.0,design
2026-06-13,495-02,0.0,design
2026-06-14,495-02,0.0,design
2026-06-08,495-03,0.0,design
2026-06-09,495-03,0.0,design
2026-06-10,495-03,0.0,design
2026-06-11,495-03,0.0,design
2026-06-12,495-03,0.0,design
2026-06-13,495-03,0.0,design
2026-06-14,495-03,0.0,design
2026-06-08,495-04,0.03,design
2026-06-09,495-04,0.07,design
2026-06-10,495-04,0.06,design
2026-06-11,495-04,0.06,design
2026-06-12,495-04,0.07,design
2026-06-13,495-04,0.09,design
2026-06-14,495-04,0.1,design
2026-06-08,496-01,0.12,design
2026-06-09,496-01,0.22,design
2026-06-10,496-01,0.18,design
2026-06-11,496-01,0.18,design
2026-06-12,496-01,0.2,design
2026-06-13,496-01,0.24,design
2026-06-14,496-01,0.29,design
2026-06-08,496-02,0.22,design
2026-06-09,496-02,0.24,design
2026-06-10,496-02,0.19,design
2026-06-11,496-02,0.19,design
2026-06-12,496-02,0.2,design
2026-06-13,496-02,0.24,design
2026-06-14,496-02,0.3,design
2026-06-08,496-03,0.43,design
2026-06-09,496-03,0.4,design
2026-06-10,496-03,0.41,design
2026-06-11,496-03,0.41,design
2026-06-12,496-03,0.46,design
2026-06-13,496-03,0.41,design
2026-06-14,496-03,0.44,design
2026-06-08,496-04,0.36,design
2026-06-09,496-04,0.29,design
2026-06-10,496-04,0.23,design
2026-06-11,496-04,0.22,design
2026-06-12,496-04,0.23,design
2026-06-13,496-04,0.33,design
2026-06-14,496-04,0.39,design
2026-06-08,497-01,0.61,design
2026-06-09,497-01,0.89,design
2026-06-10,497-01,0.82,design
2026-06-11,497-01,0.83,design
2026-06-12,497-01,0.8,design
2026-06-13,497-01,0.73,design
2026-06-14,497-01,0.76,design
2026-06-08,497-02,0.51,design
2026-06-09,497-02,0.69,design
2026-06-10,497-02,0.7,design
2026-06-11,497-02,0.69,design
2026-06-12,497-02,0.66,design
2026-06-13,497-02,0.8,design
2026-06-14,497-02,0.81,design
2026-06-08,497-03,0.59,design
2026-06-09,497-03,0.83,design
2026-06-10,497-03,0.84,design
2026-06-11,497-03,0.83,design
2026-06-12,497-03,0.82,design
2026-06-13,497-03,0.8,design
2026-06-14,497-03,0.86,design
2026-06-08,497-04,0.67,design
2026-06-09,497-04,0.96,design
2026-06-10,497-04,0.86,design
2026-06-11,497-04,0.85,design
2026-06-12,497-04,0.87,design
2026-06-13,497-04,0.77,design
2026-06-14,497-04,0.91,design
2026-06-08,498-01,0.0,design
2026-06-09,498-01,3.66,design
2026-06-10,498-01,4.9,design
2026-06-11,498-01,5.41,design
2026-06-12,498-01,5.72,design
2026-06-13,498-01,6.46,design
2026-06-14,498-01,7.11,design
2026-06-08,498-02,0.62,design
2026-06-09,498-02,0.78,design
2026-06-10,498-02,0.65,design
2026-06-11,498-02,0.64,design
2026-06-12,498-02,0.63,design
2026-06-13,498-02,0.69,design
2026-06-14,498-02,0.69,design
2026-06-08,498-03,1.15,design
2026-06-09,498-03,1.16,design
2026-06-10,498-03,1.1,design
2026-06-11,498-03,0.89,design
2026-06-12,498-03,0.92,design
2026-06-13,498-03,0.89,design
2026-06-14,498-03,1.06,design
2026-06-08,498-04,1.85,design
2026-06-09,498-04,1.96,design
2026-06-10,498-04,1.6,design
2026-06-11,498-04,1.22,design
2026-06-12,498-04,1.06,design
2026-06-13,498-04,1.18,design
2026-06-14,498-04,1.33,design
2026-06-08,498-05,1.9,design
2026-06-09,498-05,2.04,design
2026-06-10,498-05,1.55,design
2026-06-11,498-05,1.3,design
2026-06-12,498-05,1.1,design
2026-06-13,498-05,1.24,design
2026-06-14,498-05,1.32,design
2026-06-08,498-06,0.98,design
2026-06-09,498-06,0.74,design
2026-06-10,498-06,0.7,design
2026-06-11,498-06,0.77,design
2026-06-12,498-06,0.81,design
2026-06-13,498-06,0.82,design
2026-06-14,498-06,0.84,design
2026-06-08,498-07,0.14,design
2026-06-09,498-07,0.26,design
2026-06-10,498-07,0.25,design
2026-06-11,498-07,0.25,design
2026-06-12,498-07,0.26,design
2026-06-13,498-07,0.29,design
2026-06-14,498-07,0.35,design
2026-06-08,499-01,0.02,design
2026-06-09,499-01,0.09,design
2026-06-10,499-01,0.08,design
2026-06-11,499-01,0.08,design
2026-06-12,499-01,0.09,design
2026-06-13,499-01,0.1,design
2026-06-14,499-01,0.12,design
2026-06-08,499-02,0.03,design
2026-06-09,499-02,0.1,design
2026-06-10,499-02,0.09,design
2026-06-11,499-02,0.09,design
2026-06-12,499-02,0.1,design
2026-06-13,499-02,0.11,design
2026-06-14,499-02,0.13,design
2026-06-08,499-03,0.06,design
2026-06-09,499-03,0.13,design
2026-06-10,499-03,0.12,design
2026-06-11,499-03,0.12,design
2026-06-12,499-03,0.12,design
2026-06-13,499-03,0.13,design
2026-06-14,499-03,0.15,design
2026-06-08,506-01,0.1,design
2026-06-09,506-01,0.29,design
2026-06-10,506-01,0.27,design
2026-06-11,506-01,0.27,design
2026-06-12,506-01,0.28,design
2026-06-13,506-01,0.3,design
2026-06-14,506-01,0.38,design
2026-06-08,506-02,0.66,design
2026-06-09,506-02,0.82,design
2026-06-10,506-02,0.81,design
2026-06-11,506-02,0.72,design
2026-06-12,506-02,0.67,design
2026-06-13,506-02,0.71,design
2026-06-14,506-02,0.75,design
2026-06-08,507-01,0.01,design
2026-06-09,507-01,0.08,design
2026-06-10,507-01,0.07,design
2026-06-11,507-01,0.07,design
2026-06-12,507-01,0.08,design
2026-06-13,507-01,0.09,design
2026-06-14,507-01,0.11,design
2026-06-08,507-02,0.01,design
2026-06-09,507-02,0.09,design
2026-06-10,507-02,0.08,design
2026-06-11,507-02,0.08,design
2026-06-12,507-02,0.09,design
2026-06-13,507-02,0.1,design
2026-06-14,507-02,0.12,design
2026-06-08,507-03,0.01,design
2026-06-09,507-03,0.08,design
2026-06-10,507-03,0.07,design
2026-06-11,507-03,0.07,design
2026-06-12,507-03,0.08,design
2026-06-13,507-03,0.1,design
2026-06-14,507-03,0.12,design
2026-06-08,507-04,0.01,design
2026-06-09,507-04,0.08,design
2026-06-10,507-04,0.08,design
2026-06-11,507-04,0.08,design
2026-06-12,507-04,0.08,design
2026-06-13,507-04,0.1,design
2026-06-14,507-04,0.12,design
2026-06-08,508-01,0.04,design
2026-06-09,508-01,0.12,design
2026-06-10,508-01,0.11,design
2026-06-11,508-01,0.11,design
2026-06-12,508-01,0.12,design
2026-06-13,508-01,0.14,design
2026-06-14,508-01,0.16,design
2026-06-08,508-02,0.04,design
2026-06-09,508-02,0.11,design
2026-06-10,508-02,0.11,design
2026-06-11,508-02,0.11,design
2026-06-12,508-02,0.11,design
2026-06-13,508-02,0.13,design
2026-06-14,508-02,0.15,design
2026-06-08,508-03,0.04,design
2026-06-09,508-03,0.12,design
2026-06-10,508-03,0.11,design
2026-06-11,508-03,0.11,design
2026-06-12,508-03,0.12,design
2026-06-13,508-03,0.14,design
2026-06-14,508-03,0.16,design
2026-06-08,508-04,0.04,design
2026-06-09,508-04,0.12,design
2026-06-10,508-04,0.11,design
2026-06-11,508-04,0.11,design
2026-06-12,508-04,0.12,design
2026-06-13,508-04,0.14,design
2026-06-14,508-04,0.15,design
2026-06-08,509-01,0.01,design
2026-06-09,509-01,0.09,design
2026-06-10,509-01,0.08,design
2026-06-11,509-01,0.08,design
2026-06-12,509-01,0.09,design
2026-06-13,509-01,0.1,design
2026-06-14,509-01,0.12,design
2026-06-08,509-02,0.01,design
2026-06-09,509-02,0.08,design
2026-06-10,509-02,0.08,design
2026-06-11,509-02,0.08,design
2026-06-12,509-02,0.08,design
2026-06-13,509-02,0.1,design
2026-06-14,509-02,0.12,design
2026-06-08,509-03,0.01,design
2026-06-09,509-03,0.08,design
2026-06-10,509-03,0.07,design
2026-06-11,509-03,0.07,design
2026-06-12,509-03,0.08,design
2026-06-13,509-03,0.09,design
2026-06-14,509-03,0.11,design
2026-06-08,509-04,0.01,design
2026-06-09,509-04,0.08,design
2026-06-10,509-04,0.08,design
2026-06-11,509-04,0.08,design
2026-06-12,509-04,0.08,design
2026-06-13,509-04,0.1,design
2026-06-14,509-04,0.12,design
2026-06-08,510-01,0.01,design
2026-06-09,510-01,0.08,design
2026-06-10,510-01,0.07,design
2026-06-11,510-01,0.07,design
2026-06-12,510-01,0.08,design
2026-06-13,510-01,0.09,design
2026-06-14,510-01,0.12,design
2026-06-08,510-02,0.01,design
2026-06-09,510-02,0.07,design
2026-06-10,510-02,0.07,design
2026-06-11,510-02,0.07,design
2026-06-12,510-02,0.07,design
2026-06-13,510-02,0.08,design
2026-06-14,510-02,0.1,design
2026-06-08,510-03,0.01,design
2026-06-09,510-03,0.09,design
2026-06-10,510-03,0.08,design
2026-06-11,510-03,0.08,design
2026-06-12,510-03,0.09,design
2026-06-13,510-03,0.1,design
2026-06-14,510-03,0.12,design
2026-06-08,510-04,0.01,design
2026-06-09,510-04,0.09,design
2026-06-10,510-04,0.08,design
2026-06-11,510-04,0.08,design
2026-06-12,510-04,0.09,design
2026-06-13,510-04,0.1,design
2026-06-14,510-04,0.12,design
2026-06-08,510-05,0.01,design
2026-06-09,510-05,0.08,design
2026-06-10,510-05,0.07,design
2026-06-11,510-05,0.07,design
2026-06-12,510-05,0.08,design
2026-06-13,510-05,0.09,design
2026-06-14,510-05,0.12,design
2026-06-08,511-01,0.01,design
2026-06-09,511-01,0.1,design
2026-06-10,511-01,0.09,design
2026-06-11,511-01,0.09,design
2026-06-12,511-01,0.1,design
2026-06-13,511-01,0.14,design
2026-06-14,511-01,0.16,design
2026-06-08,511-02,0.01,design
2026-06-09,511-02,0.11,design
2026-06-10,511-02,0.1,design
2026-06-11,511-02,0.1,design
2026-06-12,511-02,0.11,design
2026-06-13,511-02,0.15,design
2026-06-14,511-02,0.17,design
2026-06-08,511-03,0.01,design
2026-06-09,511-03,0.1,design
2026-06-10,511-03,0.09,design
2026-06-11,511-03,0.09,design
2026-06-12,511-03,0.1,design
2026-06-13,511-03,0.14,design
2026-06-14,511-03,0.16,design
2026-06-08,511-04,0.01,design
2026-06-09,511-04,0.11,design
2026-06-10,511-04,0.1,design
2026-06-11,511-04,0.1,design
2026-06-12,511-04,0.11,design
2026-06-13,511-04,0.15,design
2026-06-14,511-04,0.16,design
2026-06-08,512-01,0.01,design
2026-06-09,512-01,0.08,design
2026-06-10,512-01,0.08,design
2026-06-11,512-01,0.08,design
2026-06-12,512-01,0.08,design
2026-06-13,512-01,0.1,design
2026-06-14,512-01,0.11,design
2026-06-08,512-02,0.01,design
2026-06-09,512-02,0.08,design
2026-06-10,512-02,0.08,design
2026-06-11,512-02,0.08,design
2026-06-12,512-02,0.08,design
2026-06-13,512-02,0.1,design
2026-06-14,512-02,0.12,design
2026-06-08,512-03,0.01,design
2026-06-09,512-03,0.09,design
2026-06-10,512-03,0.08,design
2026-06-11,512-03,0.08,design
2026-06-12,512-03,0.09,design
2026-06-13,512-03,0.1,design
2026-06-14,512-03,0.12,design
2026-06-08,512-04,0.01,design
2026-06-09,512-04,0.09,design
2026-06-10,512-04,0.08,design
2026-06-11,512-04,0.08,design
2026-06-12,512-04,0.09,design
2026-06-13,512-04,0.1,design
2026-06-14,512-04,0.12,design
2026-06-08,513-01,0.01,design
2026-06-09,513-01,0.08,design
2026-06-10,513-01,0.08,design
2026-06-11,513-01,0.08,design
2026-06-12,513-01,0.08,design
2026-06-13,513-01,0.09,design
2026-06-14,513-01,0.1,design
2026-06-08,513-02,0.01,design
2026-06-09,513-02,0.09,design
2026-06-10,513-02,0.08,design
2026-06-11,513-02,0.08,design
2026-06-12,513-02,0.09,design
2026-06-13,513-02,0.11,design
2026-06-14,513-02,0.12,design
2026-06-08,513-03,0.01,design
2026-06-09,513-03,0.09,design
2026-06-10,513-03,0.08,design
2026-06-11,513-03,0.08,design
2026-06-12,513-03,0.09,design
2026-06-13,513-03,0.11,design
2026-06-14,513-03,0.12,design
2026-06-08,513-04,0.01,design
2026-06-09,513-04,0.09,design
2026-06-10,513-04,0.08,design
2026-06-11,513-04,0.08,design
2026-06-12,513-04,0.09,design
2026-06-13,513-04,0.11,design
2026-06-14,513-04,0.12,design
2026-06-08,514-01,0.01,design
2026-06-09,514-01,0.08,design
2026-06-10,514-01,0.08,design
2026-06-11,514-01,0.08,design
2026-06-12,514-01,0.08,design
2026-06-13,514-01,0.1,design
2026-06-14,514-01,0.12,design
2026-06-08,514-02,0.01,design
2026-06-09,514-02,0.09,design
2026-06-10,514-02,0.08,design
2026-06-11,514-02,0.08,design
2026-06-12,514-02,0.09,design
2026-06-13,514-02,0.1,design
2026-06-14,514-02,0.12,design
2026-06-08,514-03,0.01,design
2026-06-09,514-03,0.08,design
2026-06-10,514-03,0.08,design
2026-06-11,514-03,0.08,design
2026-06-12,514-03,0.08,design
2026-06-13,514-03,0.1,design
2026-06-14,514-03,0.12,design
2026-06-08,514-04,0.01,design
2026-06-09,514-04,0.08,design
2026-06-10,514-04,0.08,design
2026-06-11,514-04,0.08,design
2026-06-12,514-04,0.08,design
2026-06-13,514-04,0.1,design
2026-06-14,514-04,0.11,design
2026-06-08,515-01,0.01,design
2026-06-09,515-01,0.09,design
2026-06-10,515-01,0.08,design
2026-06-11,515-01,0.08,design
2026-06-12,515-01,0.09,design
2026-06-13,515-01,0.1,design
2026-06-14,515-01,0.12,design
2026-06-08,515-02,0.01,design
2026-06-09,515-02,0.07,design
2026-06-10,515-02,0.07,design
2026-06-11,515-02,0.07,design
2026-06-12,515-02,0.07,design
2026-06-13,515-02,0.08,design
2026-06-14,515-02,0.1,design
2026-06-08,515-03,0.01,design
2026-06-09,515-03,0.08,design
2026-06-10,515-03,0.08,design
2026-06-11,515-03,0.08,design
2026-06-12,515-03,0.08,design
2026-06-13,515-03,0.1,design
2026-06-14,515-03,0.12,design
2026-06-08,515-04,0.01,design
2026-06-09,515-04,0.08,design
2026-06-10,515-04,0.07,design
2026-06-11,515-04,0.07,design
2026-06-12,515-04,0.08,design
2026-06-13,515-04,0.09,design
2026-06-14,515-04,0.11,design
2026-06-08,516-01,0.01,design
2026-06-09,516-01,0.08,design
2026-06-10,516-01,0.07,design
2026-06-11,516-01,0.07,design
2026-06-12,516-01,0.08,design
2026-06-13,516-01,0.09,design
2026-06-14,516-01,0.12,design
2026-06-08,516-02,0.01,design
2026-06-09,516-02,0.08,design
2026-06-10,516-02,0.08,design
2026-06-11,516-02,0.08,design
2026-06-12,516-02,0.08,design
2026-06-13,516-02,0.1,design
2026-06-14,516-02,0.11,design
2026-06-08,516-03,0.01,design
2026-06-09,516-03,0.08,design
2026-06-10,516-03,0.08,design
2026-06-11,516-03,0.08,design
2026-06-12,516-03,0.08,design
2026-06-13,516-03,0.1,design
2026-06-14,516-03,0.12,design
2026-06-08,516-04,0.01,design
2026-06-09,516-04,0.09,design
2026-06-10,516-04,0.08,design
2026-06-11,516-04,0.08,design
2026-06-12,516-04,0.09,design
2026-06-13,516-04,0.1,design
2026-06-14,516-04,0.12,design
2026-06-08,517-01,0.01,design
2026-06-09,517-01,0.07,design
2026-06-10,517-01,0.07,design
2026-06-11,517-01,0.07,design
2026-06-12,517-01,0.07,design
2026-06-13,517-01,0.08,design
2026-06-14,517-01,0.1,design
2026-06-08,517-02,0.01,design
2026-06-09,517-02,0.08,design
2026-06-10,517-02,0.07,design
2026-06-11,517-02,0.07,design
2026-06-12,517-02,0.08,design
2026-06-13,517-02,0.09,design
2026-06-14,517-02,0.11,design
2026-06-08,517-03,0.01,design
2026-06-09,517-03,0.09,design
2026-06-10,517-03,0.08,design
2026-06-11,517-03,0.08,design
2026-06-12,517-03,0.09,design
2026-06-13,517-03,0.1,design
2026-06-14,517-03,0.12,design
2026-06-08,517-04,0.01,design
2026-06-09,517-04,0.09,design
2026-06-10,517-04,0.08,design
2026-06-11,517-04,0.08,design
2026-06-12,517-04,0.09,design
2026-06-13,517-04,0.1,design
2026-06-14,517-04,0.12,design
2026-06-08,518-01,0.01,design
2026-06-09,518-01,0.09,design
2026-06-10,518-01,0.08,design
2026-06-11,518-01,0.08,design
2026-06-12,518-01,0.09,design
2026-06-13,518-01,0.1,design
2026-06-14,518-01,0.12,design
2026-06-08,518-02,0.01,design
2026-06-09,518-02,0.09,design
2026-06-10,518-02,0.08,design
2026-06-11,518-02,0.08,design
2026-06-12,518-02,0.09,design
2026-06-13,518-02,0.1,design
2026-06-14,518-02,0.12,design
2026-06-08,518-03,0.01,design
2026-06-09,518-03,0.07,design
2026-06-10,518-03,0.07,design
2026-06-11,518-03,0.07,design
2026-06-12,518-03,0.07,design
2026-06-13,518-03,0.08,design
2026-06-14,518-03,0.1,design
2026-06-08,518-04,0.01,design
2026-06-09,518-04,0.07,design
2026-06-10,518-04,0.07,design
2026-06-11,518-04,0.07,design
2026-06-12,518-04,0.07,design
2026-06-13,518-04,0.08,design
2026-06-14,518-04,0.1,design
2026-06-08,519-01,0.02,design
2026-06-09,519-01,0.11,design
2026-06-10,519-01,0.1,design
2026-06-11,519-01,0.1,design
2026-06-12,519-01,0.11,design
2026-06-13,519-01,0.12,design
2026-06-14,519-01,0.12,design
2026-06-08,519-02,0.02,design
2026-06-09,519-02,0.1,design
2026-06-10,519-02,0.09,design
2026-06-11,519-02,0.09,design
2026-06-12,519-02,0.1,design
2026-06-13,519-02,0.11,design
2026-06-14,519-02,0.12,design
2026-06-08,519-03,0.02,design
2026-06-09,519-03,0.1,design
2026-06-10,519-03,0.1,design
2026-06-11,519-03,0.1,design
2026-06-12,519-03,0.1,design
2026-06-13,519-03,0.11,design
2026-06-14,519-03,0.12,design
2026-06-08,519-04,0.02,design
2026-06-09,519-04,0.13,design
2026-06-10,519-04,0.11,design
2026-06-11,519-04,0.11,design
2026-06-12,519-04,0.13,design
2026-06-13,519-04,0.14,design
2026-06-14,519-04,0.15,design
2026-06-08,520-01,0.0,design
2026-06-09,520-01,0.0,design
2026-06-10,520-01,0.0,design
2026-06-11,520-01,0.0,design
2026-06-12,520-01,0.0,design
2026-06-13,520-01,0.0,design
2026-06-14,520-01,0.0,design
2026-06-08,520-02,0.0,design
2026-06-09,520-02,0.0,design
2026-06-10,520-02,0.0,design
2026-06-11,520-02,0.0,design
2026-06-12,520-02,0.0,design
2026-06-13,520-02,0.0,design
2026-06-14,520-02,0.0,design
2026-06-08,520-03,0.0,design
2026-06-09,520-03,0.0,design
2026-06-10,520-03,0.0,design
2026-06-11,520-03,0.0,design
2026-06-12,520-03,0.0,design
2026-06-13,520-03,0.0,design
2026-06-14,520-03,0.0,design
2026-06-08,520-04,0.0,design
2026-06-09,520-04,0.0,design
2026-06-10,520-04,0.0,design
2026-06-11,520-04,0.0,design
2026-06-12,520-04,0.0,design
2026-06-13,520-04,0.0,design
2026-06-14,520-04,0.0,design
2026-06-08,521-01,0.01,design
2026-06-09,521-01,0.07,design
2026-06-10,521-01,0.07,design
2026-06-11,521-01,0.07,design
2026-06-12,521-01,0.07,design
2026-06-13,521-01,0.08,design
2026-06-14,521-01,0.1,design
2026-06-08,521-02,0.01,design
2026-06-09,521-02,0.09,design
2026-06-10,521-02,0.08,design
2026-06-11,521-02,0.08,design
2026-06-12,521-02,0.09,design
2026-06-13,521-02,0.1,design
2026-06-14,521-02,0.12,design
2026-06-08,521-03,0.01,design
2026-06-09,521-03,0.08,design
2026-06-10,521-03,0.08,design
2026-06-11,521-03,0.08,design
2026-06-12,521-03,0.08,design
2026-06-13,521-03,0.1,design
2026-06-14,521-03,0.12,design
2026-06-08,521-04,0.01,design
2026-06-09,521-04,0.09,design
2026-06-10,521-04,0.08,design
2026-06-11,521-04,0.08,design
2026-06-12,521-04,0.09,design
2026-06-13,521-04,0.1,design
2026-06-14,521-04,0.12,design
2026-06-08,522-01,0.01,design
2026-06-09,522-01,0.08,design
2026-06-10,522-01,0.08,design
2026-06-11,522-01,0.08,design
2026-06-12,522-01,0.08,design
2026-06-13,522-01,0.09,design
2026-06-14,522-01,0.16,design
2026-06-08,522-02,0.01,design
2026-06-09,522-02,0.07,design
2026-06-10,522-02,0.07,design
2026-06-11,522-02,0.07,design
2026-06-12,522-02,0.07,design
2026-06-13,522-02,0.08,design
2026-06-14,522-02,0.16,design
2026-06-08,522-03,0.01,design
2026-06-09,522-03,0.08,design
2026-06-10,522-03,0.08,design
2026-06-11,522-03,0.08,design
2026-06-12,522-03,0.08,design
2026-06-13,522-03,0.09,design
2026-06-14,522-03,0.17,design
2026-06-08,522-04,0.01,design
2026-06-09,522-04,0.09,design
2026-06-10,522-04,0.08,design
2026-06-11,522-04,0.08,design
2026-06-12,522-04,0.09,design
2026-06-13,522-04,0.1,design
2026-06-14,522-04,0.18,design
2026-06-08,523-01,0.0,design
2026-06-09,523-01,0.0,design
2026-06-10,523-01,0.0,design
2026-06-11,523-01,0.0,design
2026-06-12,523-01,0.0,design
2026-06-13,523-01,0.0,design
2026-06-14,523-01,0.0,design
2026-06-08,523-02,0.0,design
2026-06-09,523-02,0.0,design
2026-06-10,523-02,0.0,design
2026-06-11,523-02,0.0,design
2026-06-12,523-02,0.0,design
2026-06-13,523-02,0.0,design
2026-06-14,523-02,0.0,design
2026-06-08,523-03,0.0,design
2026-06-09,523-03,0.0,design
2026-06-10,523-03,0.0,design
2026-06-11,523-03,0.0,design
2026-06-12,523-03,0.0,design
2026-06-13,523-03,0.0,design
2026-06-14,523-03,0.0,design
2026-06-08,525-01,0.0,design
2026-06-09,525-01,0.0,design
2026-06-10,525-01,0.0,design
2026-06-11,525-01,0.0,design
2026-06-12,525-01,0.0,design
2026-06-13,525-01,0.0,design
2026-06-14,525-01,0.0,design
2026-06-08,525-02,0.0,design
2026-06-09,525-02,0.0,design
2026-06-10,525-02,0.0,design
2026-06-11,525-02,0.0,design
2026-06-12,525-02,0.0,design
2026-06-13,525-02,0.0,design
2026-06-14,525-02,0.0,design
2026-06-08,525-03,0.0,design
2026-06-09,525-03,0.0,design
2026-06-10,525-03,0.0,design
2026-06-11,525-03,0.0,design
2026-06-12,525-03,0.0,design
2026-06-13,525-03,0.0,design
2026-06-14,525-03,0.0,design
2026-06-08,526-01,0.03,design
2026-06-09,526-01,0.13,design
2026-06-10,526-01,0.12,design
2026-06-11,526-01,0.12,design
2026-06-12,526-01,0.13,design
2026-06-13,526-01,0.14,design
2026-06-14,526-01,0.16,design
2026-06-08,526-02,0.03,design
2026-06-09,526-02,0.15,design
2026-06-10,526-02,0.14,design
2026-06-11,526-02,0.14,design
2026-06-12,526-02,0.15,design
2026-06-13,526-02,0.17,design
2026-06-14,526-02,0.17,design
2026-06-08,526-03,0.4,design
2026-06-09,526-03,0.51,design
2026-06-10,526-03,0.47,design
2026-06-11,526-03,0.44,design
2026-06-12,526-03,0.41,design
2026-06-13,526-03,0.33,design
2026-06-14,526-03,0.36,design
2026-06-08,526-04,0.03,design
2026-06-09,526-04,0.13,design
2026-06-10,526-04,0.12,design
2026-06-11,526-04,0.12,design
2026-06-12,526-04,0.13,design
2026-06-13,526-04,0.14,design
2026-06-14,526-04,0.16,design
2026-06-08,527-01,0.0,design
2026-06-09,527-01,0.0,design
2026-06-10,527-01,0.07,design
2026-06-11,527-01,0.07,design
2026-06-12,527-01,0.07,design
2026-06-13,527-01,0.08,design
2026-06-14,527-01,0.09,design
2026-06-08,527-02,0.0,design
2026-06-09,527-02,0.0,design
2026-06-10,527-02,0.07,design
2026-06-11,527-02,0.07,design
2026-06-12,527-02,0.08,design
2026-06-13,527-02,0.09,design
2026-06-14,527-02,0.11,design
2026-06-08,527-03,0.0,design
2026-06-09,527-03,0.0,design
2026-06-10,527-03,0.07,design
2026-06-11,527-03,0.07,design
2026-06-12,527-03,0.07,design
2026-06-13,527-03,0.08,design
2026-06-14,527-03,0.1,design
2026-06-08,527-04,0.0,design
2026-06-09,527-04,0.0,design
2026-06-10,527-04,0.07,design
2026-06-11,527-04,0.07,design
2026-06-12,527-04,0.07,design
2026-06-13,527-04,0.08,design
2026-06-14,527-04,0.1,design
2026-06-08,528-01,0.01,design
2026-06-09,528-01,0.07,design
2026-06-10,528-01,0.07,design
2026-06-11,528-01,0.07,design
2026-06-12,528-01,0.07,design
2026-06-13,528-01,0.08,design
2026-06-14,528-01,0.1,design
2026-06-08,528-02,0.01,design
2026-06-09,528-02,0.09,design
2026-06-10,528-02,0.08,design
2026-06-11,528-02,0.08,design
2026-06-12,528-02,0.09,design
2026-06-13,528-02,0.1,design
2026-06-14,528-02,0.12,design
2026-06-08,528-03,0.01,design
2026-06-09,528-03,0.08,design
2026-06-10,528-03,0.07,design
2026-06-11,528-03,0.07,design
2026-06-12,528-03,0.08,design
2026-06-13,528-03,0.1,design
2026-06-14,528-03,0.12,design
2026-06-08,528-04,0.01,design
2026-06-09,528-04,0.08,design
2026-06-10,528-04,0.08,design
2026-06-11,528-04,0.08,design
2026-06-12,528-04,0.08,design
2026-06-13,528-04,0.1,design
2026-06-14,528-04,0.11,design
2026-06-08,529-01,0.28,design
2026-06-09,529-01,0.37,design
2026-06-10,529-01,0.31,design
2026-06-11,529-01,0.27,design
2026-06-12,529-01,0.28,design
2026-06-13,529-01,0.31,design
2026-06-14,529-01,0.31,design
2026-06-08,529-02,0.14,design
2026-06-09,529-02,0.21,design
2026-06-10,529-02,0.21,design
2026-06-11,529-02,0.21,design
2026-06-12,529-02,0.21,design
2026-06-13,529-02,0.22,design
2026-06-14,529-02,0.23,design
2026-06-08,529-03,0.27,design
2026-06-09,529-03,0.29,design
2026-06-10,529-03,0.28,design
2026-06-11,529-03,0.28,design
2026-06-12,529-03,0.3,design
2026-06-13,529-03,0.31,design
2026-06-14,529-03,0.33,design
2026-06-08,529-04,0.16,design
2026-06-09,529-04,0.25,design
2026-06-10,529-04,0.21,design
2026-06-11,529-04,0.21,design
2026-06-12,529-04,0.21,design
2026-06-13,529-04,0.23,design
2026-06-14,529-04,0.24,design
2026-06-08,530-01,0.02,design
2026-06-09,530-01,0.11,design
2026-06-10,530-01,0.09,design
2026-06-11,530-01,0.09,design
2026-06-12,530-01,0.11,design
2026-06-13,530-01,0.12,design
2026-06-14,530-01,0.13,design
2026-06-08,530-02,0.02,design
2026-06-09,530-02,0.11,design
2026-06-10,530-02,0.1,design
2026-06-11,530-02,0.1,design
2026-06-12,530-02,0.11,design
2026-06-13,530-02,0.12,design
2026-06-14,530-02,0.14,design
2026-06-08,531-01,0.01,design
2026-06-09,531-01,0.09,design
2026-06-10,531-01,0.08,design
2026-06-11,531-01,0.08,design
2026-06-12,531-01,0.09,design
2026-06-13,531-01,0.1,design
2026-06-14,531-01,0.12,design
2026-06-08,531-02,0.01,design
2026-06-09,531-02,0.09,design
2026-06-10,531-02,0.08,design
2026-06-11,531-02,0.08,design
2026-06-12,531-02,0.09,design
2026-06-13,531-02,0.1,design
2026-06-14,531-02,0.12,design
2026-06-08,531-03,0.01,design
2026-06-09,531-03,0.08,design
2026-06-10,531-03,0.08,design
2026-06-11,531-03,0.08,design
2026-06-12,531-03,0.08,design
2026-06-13,531-03,0.1,design
2026-06-14,531-03,0.12,design
2026-06-08,531-04,0.01,design
2026-06-09,531-04,0.08,design
2026-06-10,531-04,0.08,design
2026-06-11,531-04,0.08,design
2026-06-12,531-04,0.08,design
2026-06-13,531-04,0.09,design
2026-06-14,531-04,0.1,design
2026-06-08,532-01,0.03,design
2026-06-09,532-01,0.09,design
2026-06-10,532-01,0.08,design
2026-06-11,532-01,0.08,design
2026-06-12,532-01,0.09,design
2026-06-13,532-01,0.1,design
2026-06-14,532-01,0.13,design
2026-06-08,532-03,0.02,design
2026-06-09,532-03,0.08,design
2026-06-10,532-03,0.08,design
2026-06-11,532-03,0.08,design
2026-06-12,532-03,0.08,design
2026-06-13,532-03,0.1,design
2026-06-14,532-03,0.12,design
2026-06-08,532-04,0.02,design
2026-06-09,532-04,0.09,design
2026-06-10,532-04,0.09,design
2026-06-11,532-04,0.09,design
2026-06-12,532-04,0.09,design
2026-06-13,532-04,0.1,design
2026-06-14,532-04,0.11,design
2026-06-08,533-01,0.01,design
2026-06-09,533-01,0.09,design
2026-06-10,533-01,0.08,design
2026-06-11,533-01,0.08,design
2026-06-12,533-01,0.09,design
2026-06-13,533-01,0.1,design
2026-06-14,533-01,0.12,design
2026-06-08,533-02,0.06,design
2026-06-09,533-02,0.15,design
2026-06-10,533-02,0.1,design
2026-06-11,533-02,0.1,design
2026-06-12,533-02,0.12,design
2026-06-13,533-02,0.13,design
2026-06-14,533-02,0.15,design
2026-06-08,534-01,0.01,design
2026-06-09,534-01,0.09,design
2026-06-10,534-01,0.08,design
2026-06-11,534-01,0.08,design
2026-06-12,534-01,0.09,design
2026-06-13,534-01,0.1,design
2026-06-14,534-01,0.12,design
2026-06-08,534-02,0.01,design
2026-06-09,534-02,0.08,design
2026-06-10,534-02,0.07,design
2026-06-11,534-02,0.07,design
2026-06-12,534-02,0.08,design
2026-06-13,534-02,0.09,design
2026-06-14,534-02,0.11,design
2026-06-08,535-01,0.51,design
2026-06-09,535-01,0.53,design
2026-06-10,535-01,0.57,design
2026-06-11,535-01,0.58,design
2026-06-12,535-01,0.58,design
2026-06-13,535-01,0.56,design
2026-06-14,535-01,0.63,design
2026-06-08,535-02,0.26,design
2026-06-09,535-02,0.43,design
2026-06-10,535-02,0.37,design
2026-06-11,535-02,0.38,design
2026-06-12,535-02,0.4,design
2026-06-13,535-02,0.41,design
2026-06-14,535-02,0.5,design
2026-06-08,535-03,0.46,design
2026-06-09,535-03,0.56,design
2026-06-10,535-03,0.47,design
2026-06-11,535-03,0.53,design
2026-06-12,535-03,0.49,design
2026-06-13,535-03,0.51,design
2026-06-14,535-03,0.6,design
2026-06-08,535-04,0.21,design
2026-06-09,535-04,0.34,design
2026-06-10,535-04,0.34,design
2026-06-11,535-04,0.32,design
2026-06-12,535-04,0.33,design
2026-06-13,535-04,0.36,design
2026-06-14,535-04,0.45,design
2026-06-08,535-05,0.22,design
2026-06-09,535-05,0.37,design
2026-06-10,535-05,0.35,design
2026-06-11,535-05,0.35,design
2026-06-12,535-05,0.36,design
2026-06-13,535-05,0.41,design
2026-06-14,535-05,0.48,design
2026-06-08,536-01,0.15,design
2026-06-09,536-01,0.27,design
2026-06-10,536-01,0.26,design
2026-06-11,536-01,0.21,design
2026-06-12,536-01,0.22,design
2026-06-13,536-01,0.26,design
2026-06-14,536-01,0.29,design
2026-06-08,536-02,0.18,design
2026-06-09,536-02,0.27,design
2026-06-10,536-02,0.25,design
2026-06-11,536-02,0.25,design
2026-06-12,536-02,0.26,design
2026-06-13,536-02,0.31,design
2026-06-14,536-02,0.31,design
2026-06-08,536-03,0.17,design
2026-06-09,536-03,0.29,design
2026-06-10,536-03,0.23,design
2026-06-11,536-03,0.23,design
2026-06-12,536-03,0.25,design
2026-06-13,536-03,0.29,design
2026-06-14,536-03,0.31,design
2026-06-08,536-04,0.12,design
2026-06-09,536-04,0.2,design
2026-06-10,536-04,0.19,design
2026-06-11,536-04,0.19,design
2026-06-12,536-04,0.2,design
2026-06-13,536-04,0.24,design
2026-06-14,536-04,0.25,design
2026-06-08,536-05,0.13,design
2026-06-09,536-05,0.24,design
2026-06-10,536-05,0.22,design
2026-06-11,536-05,0.22,design
2026-06-12,536-05,0.23,design
2026-06-13,536-05,0.27,design
2026-06-14,536-05,0.3,design
2026-06-08,537-01,0.01,design
2026-06-09,537-01,0.08,design
2026-06-10,537-01,0.07,design
2026-06-11,537-01,0.07,design
2026-06-12,537-01,0.08,design
2026-06-13,537-01,0.09,design
2026-06-14,537-01,0.11,design
2026-06-08,537-02,0.01,design
2026-06-09,537-02,0.07,design
2026-06-10,537-02,0.07,design
2026-06-11,537-02,0.07,design
2026-06-12,537-02,0.07,design
2026-06-13,537-02,0.08,design
2026-06-14,537-02,0.1,design
2026-06-08,537-03,0.01,design
2026-06-09,537-03,0.08,design
2026-06-10,537-03,0.08,design
2026-06-11,537-03,0.08,design
2026-06-12,537-03,0.08,design
2026-06-13,537-03,0.1,design
2026-06-14,537-03,0.12,design
2026-06-08,537-04,0.02,design
2026-06-09,537-04,0.08,design
2026-06-10,537-04,0.07,design
2026-06-11,537-04,0.07,design
2026-06-12,537-04,0.08,design
2026-06-13,537-04,0.1,design
2026-06-14,537-04,0.12,design
2026-06-08,538-01,0.01,design
2026-06-09,538-01,0.09,design
2026-06-10,538-01,0.08,design
2026-06-11,538-01,0.08,design
2026-06-12,538-01,0.09,design
2026-06-13,538-01,0.1,design
2026-06-14,538-01,0.12,design
2026-06-08,538-02,0.01,design
2026-06-09,538-02,0.08,design
2026-06-10,538-02,0.08,design
2026-06-11,538-02,0.08,design
2026-06-12,538-02,0.08,design
2026-06-13,538-02,0.09,design
2026-06-14,538-02,0.1,design
2026-06-08,539-01,0.01,design
2026-06-09,539-01,0.09,design
2026-06-10,539-01,0.08,design
2026-06-11,539-01,0.08,design
2026-06-12,539-01,0.09,design
2026-06-13,539-01,0.1,design
2026-06-14,539-01,0.12,design
2026-06-08,539-02,0.0,design
2026-06-09,539-02,0.07,design
2026-06-10,539-02,0.07,design
2026-06-11,539-02,0.07,design
2026-06-12,539-02,0.07,design
2026-06-13,539-02,0.09,design
2026-06-14,539-02,0.12,design
2026-06-08,539-03,0.0,design
2026-06-09,539-03,0.09,design
2026-06-10,539-03,0.07,design
2026-06-11,539-03,0.07,design
2026-06-12,539-03,0.09,design
2026-06-13,539-03,0.1,design
2026-06-14,539-03,0.12,design
2026-06-08,540-01,0.0,design
2026-06-09,540-01,0.07,design
2026-06-10,540-01,0.06,design
2026-06-11,540-01,0.06,design
2026-06-12,540-01,0.07,design
2026-06-13,540-01,0.09,design
2026-06-14,540-01,0.11,design
2026-06-08,540-02,0.0,design
2026-06-09,540-02,0.0,design
2026-06-10,540-02,0.0,design
2026-06-11,540-02,0.0,design
2026-06-12,540-02,0.0,design
2026-06-13,540-02,0.0,design
2026-06-14,540-02,0.0,design
2026-06-08,540-03,0.0,design
2026-06-09,540-03,0.07,design
2026-06-10,540-03,0.06,design
2026-06-11,540-03,0.06,design
2026-06-12,540-03,0.07,design
2026-06-13,540-03,0.08,design
2026-06-14,540-03,0.11,design
2026-06-08,541-01,0.0,design
2026-06-09,541-01,0.08,design
2026-06-10,541-01,0.07,design
2026-06-11,541-01,0.07,design
2026-06-12,541-01,0.08,design
2026-06-13,541-01,0.1,design
2026-06-14,541-01,0.12,design
2026-06-08,541-02,0.0,design
2026-06-09,541-02,0.0,design
2026-06-10,541-02,0.06,design
2026-06-11,541-02,0.06,design
2026-06-12,541-02,0.07,design
2026-06-13,541-02,0.09,design
2026-06-14,541-02,0.11,design
2026-06-08,541-03,0.0,design
2026-06-09,541-03,0.07,design
2026-06-10,541-03,0.06,design
2026-06-11,541-03,0.06,design
2026-06-12,541-03,0.07,design
2026-06-13,541-03,0.08,design
2026-06-14,541-03,0.1,design
2026-06-08,542-01,0.14,design
2026-06-09,542-01,0.21,design
2026-06-10,542-01,0.14,design
2026-06-11,542-01,0.15,design
2026-06-12,542-01,0.1,design
2026-06-13,542-01,0.11,design
2026-06-14,542-01,0.14,design
2026-06-08,542-02,0.02,design
2026-06-09,542-02,0.1,design
2026-06-10,542-02,0.09,design
2026-06-11,542-02,0.09,design
2026-06-12,542-02,0.1,design
2026-06-13,542-02,0.11,design
2026-06-14,542-02,0.13,design
2026-06-08,542-03,0.12,design
2026-06-09,542-03,0.1,design
2026-06-10,542-03,0.09,design
2026-06-11,542-03,0.09,design
2026-06-12,542-03,0.09,design
2026-06-13,542-03,0.11,design
2026-06-14,542-03,0.13,design
2026-06-08,543-01,0.23,design
2026-06-09,543-01,0.23,design
2026-06-10,543-01,0.18,design
2026-06-11,543-01,0.18,design
2026-06-12,543-01,0.17,design
2026-06-13,543-01,0.2,design
2026-06-14,543-01,0.2,design
2026-06-08,543-03,0.11,design
2026-06-09,543-03,0.21,design
2026-06-10,543-03,0.21,design
2026-06-11,543-03,0.2,design
2026-06-12,543-03,0.18,design
2026-06-13,543-03,0.2,design
2026-06-14,543-03,0.22,design
2026-06-08,544-01,0.01,design
2026-06-09,544-01,0.09,design
2026-06-10,544-01,0.08,design
2026-06-11,544-01,0.08,design
2026-06-12,544-01,0.09,design
2026-06-13,544-01,0.1,design
2026-06-14,544-01,0.12,design
2026-06-08,544-02,0.01,design
2026-06-09,544-02,0.07,design
2026-06-10,544-02,0.07,design
2026-06-11,544-02,0.07,design
2026-06-12,544-02,0.07,design
2026-06-13,544-02,0.08,design
2026-06-14,544-02,0.1,design
2026-06-08,544-03,0.36,design
2026-06-09,544-03,0.49,design
2026-06-10,544-03,0.42,design
2026-06-11,544-03,0.38,design
2026-06-12,544-03,0.4,design
2026-06-13,544-03,0.41,design
2026-06-14,544-03,0.37,design
2026-06-08,545-01,0.65,design
2026-06-09,545-01,0.63,design
2026-06-10,545-01,0.6,design
2026-06-11,545-01,0.52,design
2026-06-12,545-01,0.35,design
2026-06-13,545-01,0.37,design
2026-06-14,545-01,0.39,design
2026-06-08,545-02,0.69,design
2026-06-09,545-02,0.66,design
2026-06-10,545-02,0.44,design
2026-06-11,545-02,0.38,design
2026-06-12,545-02,0.35,design
2026-06-13,545-02,0.33,design
2026-06-14,545-02,0.35,design
2026-06-08,545-03,0.24,design
2026-06-09,545-03,0.32,design
2026-06-10,545-03,0.24,design
2026-06-11,545-03,0.22,design
2026-06-12,545-03,0.12,design
2026-06-13,545-03,0.13,design
2026-06-14,545-03,0.14,design
2026-06-08,545-04,0.58,design
2026-06-09,545-04,0.53,design
2026-06-10,545-04,0.37,design
2026-06-11,545-04,0.37,design
2026-06-12,545-04,0.39,design
2026-06-13,545-04,0.42,design
2026-06-14,545-04,0.41,design
2026-06-08,546-01,0.67,design
2026-06-09,546-01,0.7,design
2026-06-10,546-01,0.54,design
2026-06-11,546-01,0.56,design
2026-06-12,546-01,0.45,design
2026-06-13,546-01,0.43,design
2026-06-14,546-01,0.45,design
2026-06-08,546-02,0.56,design
2026-06-09,546-02,0.6,design
2026-06-10,546-02,0.58,design
2026-06-11,546-02,0.55,design
2026-06-12,546-02,0.44,design
2026-06-13,546-02,0.43,design
2026-06-14,546-02,0.45,design
2026-06-08,546-03,0.84,design
2026-06-09,546-03,0.8,design
2026-06-10,546-03,0.65,design
2026-06-11,546-03,0.61,design
2026-06-12,546-03,0.65,design
2026-06-13,546-03,0.5,design
2026-06-14,546-03,0.52,design
2026-06-08,547-01,0.07,design
2026-06-09,547-01,0.1,design
2026-06-10,547-01,0.08,design
2026-06-11,547-01,0.08,design
2026-06-12,547-01,0.1,design
2026-06-13,547-01,0.11,design
2026-06-14,547-01,0.13,design
2026-06-08,547-02,0.06,design
2026-06-09,547-02,0.1,design
2026-06-10,547-02,0.09,design
2026-06-11,547-02,0.09,design
2026-06-12,547-02,0.1,design
2026-06-13,547-02,0.1,design
2026-06-14,547-02,0.13,design
2026-06-08,548-01,0.12,design
2026-06-09,548-01,0.16,design
2026-06-10,548-01,0.1,design
2026-06-11,548-01,0.1,design
2026-06-12,548-01,0.09,design
2026-06-13,548-01,0.12,design
2026-06-14,548-01,0.14,design
2026-06-08,548-03,0.01,design
2026-06-09,548-03,0.08,design
2026-06-10,548-03,0.07,design
2026-06-11,548-03,0.07,design
2026-06-12,548-03,0.08,design
2026-06-13,548-03,0.09,design
2026-06-14,548-03,0.11,design
2026-06-08,548-04,0.03,design
2026-06-09,548-04,0.09,design
2026-06-10,548-04,0.08,design
2026-06-11,548-04,0.08,design
2026-06-12,548-04,0.09,design
2026-06-13,548-04,0.1,design
2026-06-14,548-04,0.12,design
2026-06-08,549-01,0.01,design
2026-06-09,549-01,0.14,design
2026-06-10,549-01,0.14,design
2026-06-11,549-01,0.14,design
2026-06-12,549-01,0.14,design
2026-06-13,549-01,0.19,design
2026-06-14,549-01,0.24,design
2026-06-08,549-02,0.01,design
2026-06-09,549-02,0.16,design
2026-06-10,549-02,0.15,design
2026-06-11,549-02,0.15,design
2026-06-12,549-02,0.16,design
2026-06-13,549-02,0.2,design
2026-06-14,549-02,0.25,design
2026-06-08,549-03,0.02,design
2026-06-09,549-03,0.15,design
2026-06-10,549-03,0.14,design
2026-06-11,549-03,0.14,design
2026-06-12,549-03,0.15,design
2026-06-13,549-03,0.19,design
2026-06-14,549-03,0.24,design
2026-06-08,550-01,0.01,design
2026-06-09,550-01,0.07,design
2026-06-10,550-01,0.07,design
2026-06-11,550-01,0.07,design
2026-06-12,550-01,0.07,design
2026-06-13,550-01,0.08,design
2026-06-14,550-01,0.1,design
2026-06-08,550-02,0.01,design
2026-06-09,550-02,0.09,design
2026-06-10,550-02,0.08,design
2026-06-11,550-02,0.08,design
2026-06-12,550-02,0.09,design
2026-06-13,550-02,0.1,design
2026-06-14,550-02,0.12,design
2026-06-08,550-03,0.01,design
2026-06-09,550-03,0.08,design
2026-06-10,550-03,0.07,design
2026-06-11,550-03,0.07,design
2026-06-12,550-03,0.08,design
2026-06-13,550-03,0.09,design
2026-06-14,550-03,0.11,design
2026-06-08,553-01,0.08,design
2026-06-09,553-01,0.09,design
2026-06-10,553-01,0.08,design
2026-06-11,553-01,0.08,design
2026-06-12,553-01,0.09,design
2026-06-13,553-01,0.1,design
2026-06-14,553-01,0.12,design
2026-06-08,553-02,0.01,design
2026-06-09,553-02,0.08,design
2026-06-10,553-02,0.07,design
2026-06-11,553-02,0.07,design
2026-06-12,553-02,0.08,design
2026-06-13,553-02,0.09,design
2026-06-14,553-02,0.11,design
2026-06-08,553-03,0.01,design
2026-06-09,553-03,0.09,design
2026-06-10,553-03,0.08,design
2026-06-11,553-03,0.08,design
2026-06-12,553-03,0.08,design
2026-06-13,553-03,0.1,design
2026-06-14,553-03,0.11,design
2026-06-08,603-01,0.01,design
2026-06-09,603-01,0.09,design
2026-06-10,603-01,0.08,design
2026-06-11,603-01,0.08,design
2026-06-12,603-01,0.09,design
2026-06-13,603-01,0.1,design
2026-06-14,603-01,0.12,design
2026-06-08,603-02,0.01,design
2026-06-09,603-02,0.08,design
2026-06-10,603-02,0.08,design
2026-06-11,603-02,0.08,design
2026-06-12,603-02,0.08,design
2026-06-13,603-02,0.1,design
2026-06-14,603-02,0.11,design
2026-06-08,603-03,0.01,design
2026-06-09,603-03,0.08,design
2026-06-10,603-03,0.07,design
2026-06-11,603-03,0.07,design
2026-06-12,603-03,0.08,design
2026-06-13,603-03,0.09,design
2026-06-14,603-03,0.11,design
2026-06-08,603-04,0.01,design
2026-06-09,603-04,0.08,design
2026-06-10,603-04,0.08,design
2026-06-11,603-04,0.08,design
2026-06-12,603-04,0.08,design
2026-06-13,603-04,0.09,design
2026-06-14,603-04,0.11,design
2026-06-08,604-01,0.03,design
2026-06-09,604-01,0.18,design
2026-06-10,604-01,0.17,design
2026-06-11,604-01,0.17,design
2026-06-12,604-01,0.18,design
2026-06-13,604-01,0.21,design
2026-06-14,604-01,0.28,design
2026-06-08,604-02,0.03,design
2026-06-09,604-02,0.18,design
2026-06-10,604-02,0.17,design
2026-06-11,604-02,0.17,design
2026-06-12,604-02,0.18,design
2026-06-13,604-02,0.21,design
2026-06-14,604-02,0.29,design
2026-06-08,604-03,0.03,design
2026-06-09,604-03,0.18,design
2026-06-10,604-03,0.17,design
2026-06-11,604-03,0.17,design
2026-06-12,604-03,0.18,design
2026-06-13,604-03,0.21,design
2026-06-14,604-03,0.29,design
2026-06-08,604-04,0.03,design
2026-06-09,604-04,0.17,design
2026-06-10,604-04,0.16,design
2026-06-11,604-04,0.16,design
2026-06-12,604-04,0.17,design
2026-06-13,604-04,0.2,design
2026-06-14,604-04,0.27,design
2026-06-08,607-01,0.01,design
2026-06-09,607-01,0.1,design
2026-06-10,607-01,0.1,design
2026-06-11,607-01,0.1,design
2026-06-12,607-01,0.1,design
2026-06-13,607-01,0.11,design
2026-06-14,607-01,0.11,design
2026-06-08,607-02,0.01,design
2026-06-09,607-02,0.11,design
2026-06-10,607-02,0.1,design
2026-06-11,607-02,0.1,design
2026-06-12,607-02,0.11,design
2026-06-13,607-02,0.11,design
2026-06-14,607-02,0.11,design
2026-06-08,607-03,0.01,design
2026-06-09,607-03,0.11,design
2026-06-10,607-03,0.1,design
2026-06-11,607-03,0.1,design
2026-06-12,607-03,0.11,design
2026-06-13,607-03,0.11,design
2026-06-14,607-03,0.12,design
2026-06-08,607-04,0.01,design
2026-06-09,607-04,0.1,design
2026-06-10,607-04,0.1,design
2026-06-11,607-04,0.1,design
2026-06-12,607-04,0.1,design
2026-06-13,607-04,0.1,design
2026-06-14,607-04,0.1,design
2026-06-08,607-05,0.0,design
2026-06-09,607-05,0.11,design
2026-06-10,607-05,0.09,design
2026-06-11,607-05,0.09,design
2026-06-12,607-05,0.11,design
2026-06-13,607-05,0.11,design
2026-06-14,607-05,0.11,design
2026-06-08,608-01,0.01,design
2026-06-09,608-01,0.08,design
2026-06-10,608-01,0.07,design
2026-06-11,608-01,0.07,design
2026-06-12,608-01,0.08,design
2026-06-13,608-01,0.09,design
2026-06-14,608-01,0.11,design
2026-06-08,608-02,0.01,design
2026-06-09,608-02,0.07,design
2026-06-10,608-02,0.07,design
2026-06-11,608-02,0.07,design
2026-06-12,608-02,0.07,design
2026-06-13,608-02,0.08,design
2026-06-14,608-02,0.1,design
2026-06-08,608-03,0.01,design
2026-06-09,608-03,0.08,design
2026-06-10,608-03,0.07,design
2026-06-11,608-03,0.07,design
2026-06-12,608-03,0.08,design
2026-06-13,608-03,0.1,design
2026-06-14,608-03,0.12,design
2026-06-08,608-04,0.01,design
2026-06-09,608-04,0.08,design
2026-06-10,608-04,0.07,design
2026-06-11,608-04,0.07,design
2026-06-12,608-04,0.08,design
2026-06-13,608-04,0.09,design
2026-06-14,608-04,0.11,design
2026-06-08,702-01,0.01,design
2026-06-09,702-01,0.14,design
2026-06-10,702-01,0.13,design
2026-06-11,702-01,0.13,design
2026-06-12,702-01,0.14,design
2026-06-13,702-01,0.14,design
2026-06-14,702-01,0.15,design
2026-06-08,702-02,0.01,design
2026-06-09,702-02,0.14,design
2026-06-10,702-02,0.13,design
2026-06-11,702-02,0.13,design
2026-06-12,702-02,0.14,design
2026-06-13,702-02,0.14,design
2026-06-14,702-02,0.14,design
2026-06-08,702-03,0.01,design
2026-06-09,702-03,0.14,design
2026-06-10,702-03,0.13,design
2026-06-11,702-03,0.13,design
2026-06-12,702-03,0.14,design
2026-06-13,702-03,0.14,design
2026-06-14,702-03,0.15,design
2026-06-08,702-04,0.01,design
2026-06-09,702-04,0.15,design
2026-06-10,702-04,0.14,design
2026-06-11,702-04,0.14,design
2026-06-12,702-04,0.15,design
2026-06-13,702-04,0.15,design
2026-06-14,702-04,0.16,design
2026-06-08,702-05,0.01,design
2026-06-09,702-05,0.15,design
2026-06-10,702-05,0.14,design
2026-06-11,702-05,0.14,design
2026-06-12,702-05,0.15,design
2026-06-13,702-05,0.15,design
2026-06-14,702-05,0.16,design
2026-06-08,725-01,0.01,design
2026-06-09,725-01,0.08,design
2026-06-10,725-01,0.08,design
2026-06-11,725-01,0.08,design
2026-06-12,725-01,0.08,design
2026-06-13,725-01,0.1,design
2026-06-14,725-01,0.12,design
2026-06-08,725-02,0.01,design
2026-06-09,725-02,0.08,design
2026-06-10,725-02,0.08,design
2026-06-11,725-02,0.08,design
2026-06-12,725-02,0.08,design
2026-06-13,725-02,0.1,design
2026-06-14,725-02,0.11,design
2026-06-08,725-03,0.01,design
2026-06-09,725-03,0.08,design
2026-06-10,725-03,0.07,design
2026-06-11,725-03,0.07,design
2026-06-12,725-03,0.08,design
2026-06-13,725-03,0.09,design
2026-06-14,725-03,0.12,design
2026-06-08,725-04,0.01,design
2026-06-09,725-04,0.09,design
2026-06-10,725-04,0.08,design
2026-06-11,725-04,0.08,design
2026-06-12,725-04,0.09,design
2026-06-13,725-04,0.1,design
2026-06-14,725-04,0.12,design
2026-06-08,730-01,0.01,design
2026-06-09,730-01,0.08,design
2026-06-10,730-01,0.07,design
2026-06-11,730-01,0.07,design
2026-06-12,730-01,0.08,design
2026-06-13,730-01,0.09,design
2026-06-14,730-01,0.11,design
2026-06-08,730-03,0.01,design
2026-06-09,730-03,0.09,design
2026-06-10,730-03,0.08,design
2026-06-11,730-03,0.08,design
2026-06-12,730-03,0.09,design
2026-06-13,730-03,0.1,design
2026-06-14,730-03,0.12,design
2026-06-08,730-04,0.01,design
2026-06-09,730-04,0.08,design
2026-06-10,730-04,0.07,design
2026-06-11,730-04,0.07,design
2026-06-12,730-04,0.08,design
2026-06-13,730-04,0.09,design
2026-06-14,730-04,0.11,design
2026-06-08,731-01,0.01,design
2026-06-09,731-01,0.08,design
2026-06-10,731-01,0.07,design
2026-06-11,731-01,0.07,design
2026-06-12,731-01,0.08,design
2026-06-13,731-01,0.09,design
2026-06-14,731-01,0.11,design
2026-06-08,731-02,0.01,design
2026-06-09,731-02,0.07,design
2026-06-10,731-02,0.07,design
2026-06-11,731-02,0.07,design
2026-06-12,731-02,0.07,design
2026-06-13,731-02,0.08,design
2026-06-14,731-02,0.1,design
2026-06-08,731-03,0.01,design
2026-06-09,731-03,0.09,design
2026-06-10,731-03,0.08,design
2026-06-11,731-03,0.08,design
2026-06-12,731-03,0.09,design
2026-06-13,731-03,0.1,design
2026-06-14,731-03,0.12,design
2026-06-08,731-04,0.01,design
2026-06-09,731-04,0.08,design
2026-06-10,731-04,0.07,design
2026-06-11,731-04,0.07,design
2026-06-12,731-04,0.08,design
2026-06-13,731-04,0.09,design
2026-06-14,731-04,0.12,design
2026-06-08,731-05,0.01,design
2026-06-09,731-05,0.09,design
2026-06-10,731-05,0.08,design
2026-06-11,731-05,0.08,design
2026-06-12,731-05,0.09,design
2026-06-13,731-05,0.1,design
2026-06-14,731-05,0.12,design
2026-06-08,732-01,0.01,design
2026-06-09,732-01,0.08,design
2026-06-10,732-01,0.07,design
2026-06-11,732-01,0.07,design
2026-06-12,732-01,0.08,design
2026-06-13,732-01,0.09,design
2026-06-14,732-01,0.12,design
2026-06-08,735-01,0.01,design
2026-06-09,735-01,0.08,design
2026-06-10,735-01,0.07,design
2026-06-11,735-01,0.07,design
2026-06-12,735-01,0.08,design
2026-06-13,735-01,0.09,design
2026-06-14,735-01,0.11,design
2026-06-08,736-01,0.01,design
2026-06-09,736-01,0.08,design
2026-06-10,736-01,0.08,design
2026-06-11,736-01,0.08,design
2026-06-12,736-01,0.08,design
2026-06-13,736-01,0.1,design
2026-06-14,736-01,0.11,design
2026-06-08,736-02,0.01,design
2026-06-09,736-02,0.08,design
2026-06-10,736-02,0.07,design
2026-06-11,736-02,0.07,design
2026-06-12,736-02,0.08,design
2026-06-13,736-02,0.1,design
2026-06-14,736-02,0.12,design
2026-06-08,736-03,0.01,design
2026-06-09,736-03,0.08,design
2026-06-10,736-03,0.07,design
2026-06-11,736-03,0.07,design
2026-06-12,736-03,0.08,design
2026-06-13,736-03,0.09,design
2026-06-14,736-03,0.12,design
2026-06-08,737-01,0.0,design
2026-06-09,737-01,0.08,design
2026-06-10,737-01,0.06,design
2026-06-11,737-01,0.06,design
2026-06-12,737-01,0.08,design
2026-06-13,737-01,0.09,design
2026-06-14,737-01,0.11,design
2026-06-08,737-02,0.01,design
2026-06-09,737-02,0.09,design
2026-06-10,737-02,0.08,design
2026-06-11,737-02,0.08,design
2026-06-12,737-02,0.09,design
2026-06-13,737-02,0.1,design
2026-06-14,737-02,0.12,design
2026-06-08,737-03,0.01,design
2026-06-09,737-03,0.08,design
2026-06-10,737-03,0.07,design
2026-06-11,737-03,0.07,design
2026-06-12,737-03,0.08,design
2026-06-13,737-03,0.09,design
2026-06-14,737-03,0.12,design
2026-06-08,737-04,0.01,design
2026-06-09,737-04,0.08,design
2026-06-10,737-04,0.08,design
2026-06-11,737-04,0.08,design
2026-06-12,737-04,0.08,design
2026-06-13,737-04,0.09,design
2026-06-14,737-04,0.11,design
2026-06-08,738-01,0.01,design
2026-06-09,738-01,0.08,design
2026-06-10,738-01,0.07,design
2026-06-11,738-01,0.07,design
2026-06-12,738-01,0.08,design
2026-06-13,738-01,0.09,design
2026-06-14,738-01,0.11,design
2026-06-08,738-02,0.01,design
2026-06-09,738-02,0.09,design
2026-06-10,738-02,0.08,design
2026-06-11,738-02,0.08,design
2026-06-12,738-02,0.09,design
2026-06-13,738-02,0.1,design
2026-06-14,738-02,0.12,design
2026-06-08,738-03,0.01,design
2026-06-09,738-03,0.08,design
2026-06-10,738-03,0.07,design
2026-06-11,738-03,0.07,design
2026-06-12,738-03,0.08,design
2026-06-13,738-03,0.09,design
2026-06-14,738-03,0.12,design
2026-06-08,738-04,0.01,design
2026-06-09,738-04,0.08,design
2026-06-10,738-04,0.07,design
2026-06-11,738-04,0.07,design
2026-06-12,738-04,0.08,design
2026-06-13,738-04,0.1,design
2026-06-14,738-04,0.12,design
2026-06-08,739-01,0.01,design
2026-06-09,739-01,0.08,design
2026-06-10,739-01,0.07,design
2026-06-11,739-01,0.07,design
2026-06-12,739-01,0.08,design
2026-06-13,739-01,0.1,design
2026-06-14,739-01,0.12,design
2026-06-08,739-02,0.01,design
2026-06-09,739-02,0.08,design
2026-06-10,739-02,0.08,design
2026-06-11,739-02,0.08,design
2026-06-12,739-02,0.08,design
2026-06-13,739-02,0.1,design
2026-06-14,739-02,0.11,design
2026-06-08,739-03,0.01,design
2026-06-09,739-03,0.08,design
2026-06-10,739-03,0.07,design
2026-06-11,739-03,0.07,design
2026-06-12,739-03,0.08,design
2026-06-13,739-03,0.09,design
2026-06-14,739-03,0.12,design
2026-06-08,739-04,0.01,design
2026-06-09,739-04,0.08,design
2026-06-10,739-04,0.07,design
2026-06-11,739-04,0.07,design
2026-06-12,739-04,0.08,design
2026-06-13,739-04,0.1,design
2026-06-14,739-04,0.12,design
2026-06-08,740-01,0.0,design
2026-06-09,740-01,0.07,design
2026-06-10,740-01,0.07,design
2026-06-11,740-01,0.07,design
2026-06-12,740-01,0.07,design
2026-06-13,740-01,0.09,design
2026-06-14,740-01,0.11,design
2026-06-08,740-02,0.0,design
2026-06-09,740-02,0.07,design
2026-06-10,740-02,0.07,design
2026-06-11,740-02,0.07,design
2026-06-12,740-02,0.07,design
2026-06-13,740-02,0.09,design
2026-06-14,740-02,0.1,design
2026-06-08,741-01,0.01,design
2026-06-09,741-01,0.08,design
2026-06-10,741-01,0.07,design
2026-06-11,741-01,0.07,design
2026-06-12,741-01,0.08,design
2026-06-13,741-01,0.09,design
2026-06-14,741-01,0.12,design
2026-06-08,741-02,0.01,design
2026-06-09,741-02,0.07,design
2026-06-10,741-02,0.07,design
2026-06-11,741-02,0.07,design
2026-06-12,741-02,0.07,design
2026-06-13,741-02,0.08,design
2026-06-14,741-02,0.1,design
2026-06-08,742-01,0.01,design
2026-06-09,742-01,0.08,design
2026-06-10,742-01,0.07,design
2026-06-11,742-01,0.07,design
2026-06-12,742-01,0.08,design
2026-06-13,742-01,0.09,design
2026-06-14,742-01,0.11,design
2026-06-08,742-02,0.01,design
2026-06-09,742-02,0.09,design
2026-06-10,742-02,0.08,design
2026-06-11,742-02,0.08,design
2026-06-12,742-02,0.09,design
2026-06-13,742-02,0.1,design
2026-06-14,742-02,0.12,design
2026-06-08,742-03,0.01,design
2026-06-09,742-03,0.08,design
2026-06-10,742-03,0.07,design
2026-06-11,742-03,0.07,design
2026-06-12,742-03,0.08,design
2026-06-13,742-03,0.09,design
2026-06-14,742-03,0.12,design
2026-06-08,742-04,0.01,design
2026-06-09,742-04,0.08,design
2026-06-10,742-04,0.07,design
2026-06-11,742-04,0.07,design
2026-06-12,742-04,0.08,design
2026-06-13,742-04,0.1,design
2026-06-14,742-04,0.12,design
2026-06-08,744-01,0.01,design
2026-06-09,744-01,0.07,design
2026-06-10,744-01,0.07,design
2026-06-11,744-01,0.07,design
2026-06-12,744-01,0.07,design
2026-06-13,744-01,0.08,design
2026-06-14,744-01,0.1,design
2026-06-08,744-02,0.01,design
2026-06-09,744-02,0.07,design
2026-06-10,744-02,0.07,design
2026-06-11,744-02,0.07,design
2026-06-12,744-02,0.07,design
2026-06-13,744-02,0.08,design
2026-06-14,744-02,0.1,design
2026-06-08,744-03,0.01,design
2026-06-09,744-03,0.08,design
2026-06-10,744-03,0.08,design
2026-06-11,744-03,0.08,design
2026-06-12,744-03,0.08,design
2026-06-13,744-03,0.09,design
2026-06-14,744-03,0.11,design
2026-06-08,744-04-SHIRT,0.01,design
2026-06-09,744-04-SHIRT,0.08,design
2026-06-10,744-04-SHIRT,0.07,design
2026-06-11,744-04-SHIRT,0.07,design
2026-06-12,744-04-SHIRT,0.08,design
2026-06-13,744-04-SHIRT,0.09,design
2026-06-14,744-04-SHIRT,0.12,design
2026-06-08,804-01,0.01,design
2026-06-09,804-01,0.09,design
2026-06-10,804-01,0.08,design
2026-06-11,804-01,0.08,design
2026-06-12,804-01,0.09,design
2026-06-13,804-01,0.1,design
2026-06-14,804-01,0.12,design
2026-06-08,804-02,0.01,design
2026-06-09,804-02,0.07,design
2026-06-10,804-02,0.07,design
2026-06-11,804-02,0.07,design
2026-06-12,804-02,0.07,design
2026-06-13,804-02,0.08,design
2026-06-14,804-02,0.1,design
2026-06-08,804-03,0.01,design
2026-06-09,804-03,0.08,design
2026-06-10,804-03,0.07,design
2026-06-11,804-03,0.07,design
2026-06-12,804-03,0.08,design
2026-06-13,804-03,0.09,design
2026-06-14,804-03,0.12,design
2026-06-08,804-04,0.01,design
2026-06-09,804-04,0.08,design
2026-06-10,804-04,0.07,design
2026-06-11,804-04,0.07,design
2026-06-12,804-04,0.08,design
2026-06-13,804-04,0.09,design
2026-06-14,804-04,0.11,design
2026-06-08,805-01,0.01,design
2026-06-09,805-01,0.09,design
2026-06-10,805-01,0.08,design
2026-06-11,805-01,0.08,design
2026-06-12,805-01,0.09,design
2026-06-13,805-01,0.12,design
2026-06-14,805-01,0.13,design
2026-06-08,805-02,0.01,design
2026-06-09,805-02,0.09,design
2026-06-10,805-02,0.08,design
2026-06-11,805-02,0.08,design
2026-06-12,805-02,0.09,design
2026-06-13,805-02,0.12,design
2026-06-14,805-02,0.14,design
2026-06-08,805-03,0.01,design
2026-06-09,805-03,0.08,design
2026-06-10,805-03,0.08,design
2026-06-11,805-03,0.08,design
2026-06-12,805-03,0.08,design
2026-06-13,805-03,0.11,design
2026-06-14,805-03,0.13,design
2026-06-08,805-04,0.01,design
2026-06-09,805-04,0.08,design
2026-06-10,805-04,0.07,design
2026-06-11,805-04,0.07,design
2026-06-12,805-04,0.08,design
2026-06-13,805-04,0.11,design
2026-06-14,805-04,0.13,design
2026-06-08,805-05,0.01,design
2026-06-09,805-05,0.08,design
2026-06-10,805-05,0.07,design
2026-06-11,805-05,0.07,design
2026-06-12,805-05,0.08,design
2026-06-13,805-05,0.11,design
2026-06-14,805-05,0.13,design
2026-06-08,805-06,0.01,design
2026-06-09,805-06,0.08,design
2026-06-10,805-06,0.08,design
2026-06-11,805-06,0.08,design
2026-06-12,805-06,0.08,design
2026-06-13,805-06,0.11,design
2026-06-14,805-06,0.13,design
2026-06-08,805-07,0.01,design
2026-06-09,805-07,0.08,design
2026-06-10,805-07,0.07,design
2026-06-11,805-07,0.07,design
2026-06-12,805-07,0.08,design
2026-06-13,805-07,0.11,design
2026-06-14,805-07,0.14,design
2026-06-08,805-08,0.01,design
2026-06-09,805-08,0.08,design
2026-06-10,805-08,0.07,design
2026-06-11,805-08,0.07,design
2026-06-12,805-08,0.08,design
2026-06-13,805-08,0.11,design
2026-06-14,805-08,0.13,design
2026-06-08,805-09,0.01,design
2026-06-09,805-09,0.07,design
2026-06-10,805-09,0.07,design
2026-06-11,805-09,0.07,design
2026-06-12,805-09,0.07,design
2026-06-13,805-09,0.1,design
2026-06-14,805-09,0.12,design
2026-06-08,805-10,0.01,design
2026-06-09,805-10,0.08,design
2026-06-10,805-10,0.07,design
2026-06-11,805-10,0.07,design
2026-06-12,805-10,0.08,design
2026-06-13,805-10,0.11,design
2026-06-14,805-10,0.14,design
2026-06-08,901-01,0.01,design
2026-06-09,901-01,0.08,design
2026-06-10,901-01,0.07,design
2026-06-11,901-01,0.07,design
2026-06-12,901-01,0.08,design
2026-06-13,901-01,0.09,design
2026-06-14,901-01,0.12,design
2026-06-08,901-04,0.01,design
2026-06-09,901-04,0.08,design
2026-06-10,901-04,0.07,design
2026-06-11,901-04,0.07,design
2026-06-12,901-04,0.08,design
2026-06-13,901-04,0.1,design
2026-06-14,901-04,0.12,design
2026-06-08,902-01,0.01,design
2026-06-09,902-01,0.08,design
2026-06-10,902-01,0.08,design
2026-06-11,902-01,0.08,design
2026-06-12,902-01,0.08,design
2026-06-13,902-01,0.1,design
2026-06-14,902-01,0.12,design
2026-06-08,902-02,0.01,design
2026-06-09,902-02,0.09,design
2026-06-10,902-02,0.08,design
2026-06-11,902-02,0.08,design
2026-06-12,902-02,0.09,design
2026-06-13,902-02,0.1,design
2026-06-14,902-02,0.12,design
2026-06-08,902-03,0.01,design
2026-06-09,902-03,0.08,design
2026-06-10,902-03,0.07,design
2026-06-11,902-03,0.07,design
2026-06-12,902-03,0.08,design
2026-06-13,902-03,0.09,design
2026-06-14,902-03,0.12,design
2026-06-08,902-04,0.01,design
2026-06-09,902-04,0.08,design
2026-06-10,902-04,0.07,design
2026-06-11,902-04,0.07,design
2026-06-12,902-04,0.08,design
2026-06-13,902-04,0.09,design
2026-06-14,902-04,0.11,design
2026-06-08,903-01,0.01,design
2026-06-09,903-01,0.08,design
2026-06-10,903-01,0.07,design
2026-06-11,903-01,0.07,design
2026-06-12,903-01,0.08,design
2026-06-13,903-01,0.09,design
2026-06-14,903-01,0.11,design
2026-06-08,903-02,0.01,design
2026-06-09,903-02,0.07,design
2026-06-10,903-02,0.07,design
2026-06-11,903-02,0.07,design
2026-06-12,903-02,0.07,design
2026-06-13,903-02,0.08,design
2026-06-14,903-02,0.1,design
2026-06-08,903-03,0.01,design
2026-06-09,903-03,0.08,design
2026-06-10,903-03,0.08,design
2026-06-11,903-03,0.08,design
2026-06-12,903-03,0.08,design
2026-06-13,903-03,0.1,design
2026-06-14,903-03,0.12,design
2026-06-08,903-04,0.01,design
2026-06-09,903-04,0.08,design
2026-06-10,903-04,0.07,design
2026-06-11,903-04,0.07,design
2026-06-12,903-04,0.08,design
2026-06-13,903-04,0.09,design
2026-06-14,903-04,0.11,design
2026-06-08,903-05,0.01,design
2026-06-09,903-05,0.08,design
2026-06-10,903-05,0.07,design
2026-06-11,903-05,0.07,design
2026-06-12,903-05,0.08,design
2026-06-13,903-05,0.09,design
2026-06-14,903-05,0.11,design
2026-06-08,904-01,0.01,design
2026-06-09,904-01,0.08,design
2026-06-10,904-01,0.07,design
2026-06-11,904-01,0.07,design
2026-06-12,904-01,0.08,design
2026-06-13,904-01,0.09,design
2026-06-14,904-01,0.12,design
2026-06-08,904-02,0.01,design
2026-06-09,904-02,0.09,design
2026-06-10,904-02,0.08,design
2026-06-11,904-02,0.08,design
2026-06-12,904-02,0.09,design
2026-06-13,904-02,0.1,design
2026-06-14,904-02,0.12,design
2026-06-08,904-03,0.03,design
2026-06-09,904-03,0.1,design
2026-06-10,904-03,0.08,design
2026-06-11,904-03,0.08,design
2026-06-12,904-03,0.09,design
2026-06-13,904-03,0.1,design
2026-06-14,904-03,0.12,design
2026-06-08,904-04,0.01,design
2026-06-09,904-04,0.09,design
2026-06-10,904-04,0.08,design
2026-06-11,904-04,0.08,design
2026-06-12,904-04,0.09,design
2026-06-13,904-04,0.1,design
2026-06-14,904-04,0.12,design
2026-06-08,906-01,0.01,design
2026-06-09,906-01,0.07,design
2026-06-10,906-01,0.07,design
2026-06-11,906-01,0.07,design
2026-06-12,906-01,0.07,design
2026-06-13,906-01,0.08,design
2026-06-14,906-01,0.1,design
2026-06-08,906-02,0.01,design
2026-06-09,906-02,0.08,design
2026-06-10,906-02,0.07,design
2026-06-11,906-02,0.07,design
2026-06-12,906-02,0.08,design
2026-06-13,906-02,0.09,design
2026-06-14,906-02,0.11,design
2026-06-08,906-03,0.01,design
2026-06-09,906-03,0.09,design
2026-06-10,906-03,0.08,design
2026-06-11,906-03,0.08,design
2026-06-12,906-03,0.09,design
2026-06-13,906-03,0.1,design
2026-06-14,906-03,0.12,design
2026-06-08,906-04,0.01,design
2026-06-09,906-04,0.07,design
2026-06-10,906-04,0.07,design
2026-06-11,906-04,0.07,design
2026-06-12,906-04,0.07,design
2026-06-13,906-04,0.08,design
2026-06-14,906-04,0.1,design
2026-06-08,906-05,0.01,design
2026-06-09,906-05,0.08,design
2026-06-10,906-05,0.07,design
2026-06-11,906-05,0.07,design
2026-06-12,906-05,0.08,design
2026-06-13,906-05,0.1,design
2026-06-14,906-05,0.12,design
2026-06-08,907-01,0.01,design
2026-06-09,907-01,0.08,design
2026-06-10,907-01,0.07,design
2026-06-11,907-01,0.07,design
2026-06-12,907-01,0.08,design
2026-06-13,907-01,0.09,design
2026-06-14,907-01,0.12,design
2026-06-08,907-02,0.01,design
2026-06-09,907-02,0.08,design
2026-06-10,907-02,0.07,design
2026-06-11,907-02,0.07,design
2026-06-12,907-02,0.08,design
2026-06-13,907-02,0.09,design
2026-06-14,907-02,0.11,design
2026-06-08,907-03,0.01,design
2026-06-09,907-03,0.08,design
2026-06-10,907-03,0.07,design
2026-06-11,907-03,0.07,design
2026-06-12,907-03,0.08,design
2026-06-13,907-03,0.09,design
2026-06-14,907-03,0.12,design
2026-06-08,907-04,0.01,design
2026-06-09,907-04,0.08,design
2026-06-10,907-04,0.07,design
2026-06-11,907-04,0.07,design
2026-06-12,907-04,0.08,design
2026-06-13,907-04,0.09,design
2026-06-14,907-04,0.11,design
2026-06-08,908-01,0.01,design
2026-06-09,908-01,0.09,design
2026-06-10,908-01,0.08,design
2026-06-11,908-01,0.08,design
2026-06-12,908-01,0.09,design
2026-06-13,908-01,0.1,design
2026-06-14,908-01,0.12,design
2026-06-08,908-02,0.01,design
2026-06-09,908-02,0.08,design
2026-06-10,908-02,0.07,design
2026-06-11,908-02,0.07,design
2026-06-12,908-02,0.08,design
2026-06-13,908-02,0.09,design
2026-06-14,908-02,0.11,design
2026-06-08,908-03,0.01,design
2026-06-09,908-03,0.08,design
2026-06-10,908-03,0.08,design
2026-06-11,908-03,0.08,design
2026-06-12,908-03,0.08,design
2026-06-13,908-03,0.1,design
2026-06-14,908-03,0.11,design
2026-06-08,908-04,0.01,design
2026-06-09,908-04,0.08,design
2026-06-10,908-04,0.08,design
2026-06-11,908-04,0.08,design
2026-06-12,908-04,0.08,design
2026-06-13,908-04,0.1,design
2026-06-14,908-04,0.12,design
2026-06-08,913-01,0.01,design
2026-06-09,913-01,0.08,design
2026-06-10,913-01,0.07,design
2026-06-11,913-01,0.07,design
2026-06-12,913-01,0.08,design
2026-06-13,913-01,0.1,design
2026-06-14,913-01,0.12,design
2026-06-08,913-02,0.01,design
2026-06-09,913-02,0.09,design
2026-06-10,913-02,0.08,design
2026-06-11,913-02,0.08,design
2026-06-12,913-02,0.09,design
2026-06-13,913-02,0.1,design
2026-06-14,913-02,0.12,design
2026-06-08,913-03,0.01,design
2026-06-09,913-03,0.08,design
2026-06-10,913-03,0.08,design
2026-06-11,913-03,0.08,design
2026-06-12,913-03,0.08,design
2026-06-13,913-03,0.09,design
2026-06-14,913-03,0.11,design
2026-06-08,913-04,0.01,design
2026-06-09,913-04,0.08,design
2026-06-10,913-04,0.08,design
2026-06-11,913-04,0.08,design
2026-06-12,913-04,0.08,design
2026-06-13,913-04,0.1,design
2026-06-14,913-04,0.12,design
